[15884:19008:0702/132100.104:VERBOSE1:components\enterprise\browser\controller\chrome_browser_cloud_management_controller.cc:122] DM token = empty
[15884:19008:0702/132100.104:VERBOSE1:components\enterprise\browser\controller\chrome_browser_cloud_management_controller.cc:128] Enrollment token = 
[15884:19008:0702/132100.104:VERBOSE1:components\enterprise\browser\controller\chrome_browser_cloud_management_controller.cc:129] Client ID = 88862b37-42b5-4448-859e-e5de4e15db75
[15884:19008:0702/132100.109:VERBOSE1:components\variations\service\variations_field_trial_creator.cc:77] VariationsSeedUsage:2
[15884:19008:0702/132100.109:VERBOSE1:components\variations\service\variations_field_trial_creator.cc:374] VariationsSetupComplete
[15884:19008:0702/132100.203:VERBOSE1:chrome\browser\media\webrtc\webrtc_event_log_manager.cc:126] WebRTC remote-bound event logging enabled.
[15884:19008:0702/132100.219:VERBOSE1:components\proxy_config\pref_proxy_config_tracker_impl.cc:462] 0x71e402310680: set chrome proxy config service to 0x71e40236c380
[15884:19008:0702/132100.219:VERBOSE1:components\device_event_log\device_event_log_impl.cc:203] [13:21:00.223] Display: EVENT: screen_win.cc:1092 Displays updated, count: 1
[15884:19008:0702/132100.228:VERBOSE1:components\device_event_log\device_event_log_impl.cc:203] [13:21:00.231] Display: EVENT: screen_win.cc:1094 Display[1] bounds=[0,0 800x600], workarea=[0,0 800x600], scale=1, rotation=0, panel_rotation=0 external detected
[15884:19008:0702/132100.253:VERBOSE1:components\enterprise\browser\controller\chrome_browser_cloud_management_controller.cc:211] Starting CBCM Controller Initialization
[15884:19008:0702/132100.253:INFO:components\enterprise\browser\controller\chrome_browser_cloud_management_controller.cc:239] No machine level policy manager exists.
[15884:19008:0702/132100.253:VERBOSE1:chrome\installer\util\install_util.cc:218] Existing Chrome version found: 149.0.7827.201
[15884:19008:0702/132100.254:VERBOSE1:chrome\browser\enterprise\platform_auth\platform_auth_policy_observer.cc:108] PlatformAuthProviderManager enabled: 0
[15884:19008:0702/132100.260:VERBOSE1:components\policy\core\common\cloud\user_cloud_policy_store.cc:130] [policy_type=google/chrome/user] Initiating immediate policy load from disk
[15884:19008:0702/132100.260:VERBOSE1:components\policy\core\common\cloud\user_cloud_policy_store.cc:233] [policy_type=google/chrome/user] No policy found on disk
[15884:19008:0702/132100.260:VERBOSE1:components\policy\core\common\cloud\user_cloud_policy_store.cc:130] [policy_type=google/extension-install-cloud-policy/chrome/user] Initiating immediate policy load from disk
[15884:19008:0702/132100.260:VERBOSE1:components\policy\core\common\cloud\user_cloud_policy_store.cc:233] [policy_type=google/extension-install-cloud-policy/chrome/user] No policy found on disk
[15884:19008:0702/132100.296:VERBOSE1:components\proxy_config\pref_proxy_config_tracker_impl.cc:462] 0x71e402314440: set chrome proxy config service to 0x71e40236f100
[15884:19008:0702/132100.301:VERBOSE1:components\signin\internal\identity_manager\mutable_profile_oauth2_token_service_delegate.cc:353] MutablePO2TS::MutablePO2TS
[15884:19008:0702/132100.303:VERBOSE1:google_apis\gaia\gaia_auth_util.cc:53] Canonicalized @gmail.com to @gmail.com
[15884:19008:0702/132100.303:VERBOSE1:google_apis\gaia\gaia_auth_util.cc:53] Canonicalized @gmail.com to @gmail.com
[15884:19008:0702/132100.303:VERBOSE1:components\signin\core\browser\account_reconcilor.cc:150] AccountReconcilor::AccountReconcilor
[15884:19008:0702/132100.303:VERBOSE1:components\signin\core\browser\account_reconcilor.cc:180] AccountReconcilor::Initialize
[15884:19008:0702/132100.303:VERBOSE1:components\signin\core\browser\account_reconcilor.cc:231] AccountReconcilor::RegisterWithContentSettings
[15884:19008:0702/132100.303:VERBOSE1:components\signin\core\browser\account_reconcilor.cc:254] AccountReconcilor::RegisterWithIdentityManager
[15884:19008:0702/132100.307:VERBOSE1:components\proxy_config\pref_proxy_config_tracker_impl.cc:462] 0x71e402315e40: set chrome proxy config service to 0x71e402371b00
[15884:19008:0702/132100.309:VERBOSE1:chrome\browser\permissions\prediction_service\prediction_model_handler_provider_factory.cc:61] [PermissionsAI]: PredictionModelHandlerProviderFactory::BuildServiceInstanceForBrowserContext
[15884:19008:0702/132100.309:VERBOSE1:chrome\browser\permissions\prediction_service\prediction_model_handler_provider_factory.cc:98] [PermissionsAI]: PredictionModelHandlerProviderFactory::BuildServiceInstanceForBrowserContext PermissionsAIv4 not enabled, passage embedder not setup.
[15884:19008:0702/132100.309:VERBOSE1:chrome\browser\permissions\prediction_service\prediction_model_handler_provider.cc:55] [PermissionsAI] PredictionModelHandlerProvider ctor passage_embedder available: false
[15884:19008:0702/132100.309:VERBOSE1:chrome\browser\permissions\prediction_service\prediction_model_handler_provider.cc:58] [PermissionsAI] PredictionModelHandlerProvider ctor optimization_guide available: true
[15884:19008:0702/132100.311:VERBOSE1:components\signin\internal\identity_manager\mutable_profile_oauth2_token_service_delegate.cc:443] MutablePO2TS::RefreshTokenIsAvailable
[15884:24448:0702/132100.312:VERBOSE1:net\disk_cache\simple\simple_index_file.cc:625] Simple Cache Index is being restored from disk.
[15884:19008:0702/132100.312:VERBOSE1:components\signin\internal\identity_manager\mutable_profile_oauth2_token_service_delegate.cc:443] MutablePO2TS::RefreshTokenIsAvailable
[15884:19008:0702/132100.312:VERBOSE1:chrome\browser\actor\aggregated_journal.cc:232] [ActorTool]: GlicActorPolicyChecker::ComputeActOnWebCapability: outcome=kNo reasons=kAccountCapabilityIneligible 
[15884:19008:0702/132100.312:VERBOSE1:components\signin\internal\identity_manager\mutable_profile_oauth2_token_service_delegate.cc:443] MutablePO2TS::RefreshTokenIsAvailable
[15884:19008:0702/132100.312:VERBOSE1:components\signin\internal\identity_manager\mutable_profile_oauth2_token_service_delegate.cc:443] MutablePO2TS::RefreshTokenIsAvailable
[15884:19008:0702/132100.312:VERBOSE1:components\signin\internal\identity_manager\mutable_profile_oauth2_token_service_delegate.cc:443] MutablePO2TS::RefreshTokenIsAvailable
[15884:24448:0702/132100.312:VERBOSE1:net\disk_cache\simple\simple_index_file.cc:625] Simple Cache Index is being restored from disk.
[15884:19008:0702/132100.315:VERBOSE1:components\signin\internal\identity_manager\mutable_profile_oauth2_token_service_delegate.cc:443] MutablePO2TS::RefreshTokenIsAvailable
[15884:19008:0702/132100.321:VERBOSE1:extensions\browser\extension_registrar.cc:547] AddComponentExtension Web Store
[15884:19008:0702/132100.321:VERBOSE1:extensions\browser\extension_registrar.cc:549] Component extension Web Store (ahfgeienlihckogmohjhadlkjgocpleb) installing/upgrading from '' to 0.2
[15884:19008:0702/132100.321:VERBOSE1:extensions\browser\extension_registrar.cc:547] AddComponentExtension Chrome PDF Viewer
[15884:19008:0702/132100.321:VERBOSE1:extensions\browser\extension_registrar.cc:549] Component extension Chrome PDF Viewer (mhjfbmdgcfjbbpaeojofohoefgiehjai) installing/upgrading from '' to 1
[15884:19008:0702/132100.325:VERBOSE1:extensions\browser\extension_registrar.cc:547] AddComponentExtension Google Hangouts
[15884:19008:0702/132100.325:VERBOSE1:extensions\browser\extension_registrar.cc:549] Component extension Google Hangouts (nkeimhogjdpnpccoofpliimaahmaaome) installing/upgrading from '' to 1.3.26
[15884:19008:0702/132100.325:VERBOSE1:extensions\browser\extension_registrar.cc:547] AddComponentExtension Google Network Speech
[15884:19008:0702/132100.325:VERBOSE1:extensions\browser\extension_registrar.cc:549] Component extension Google Network Speech (fignfifoniblkonapihmkfakmlgkbkcf) installing/upgrading from '' to 1.0
[15884:19008:0702/132100.325:VERBOSE1:components\signin\internal\identity_manager\mutable_profile_oauth2_token_service_delegate.cc:443] MutablePO2TS::RefreshTokenIsAvailable
[15884:19008:0702/132100.325:VERBOSE1:components\signin\internal\identity_manager\mutable_profile_oauth2_token_service_delegate.cc:443] MutablePO2TS::RefreshTokenIsAvailable
[15884:19008:0702/132100.325:VERBOSE1:chrome\browser\profiles\profile_manager.cc:1408] AddKeepAlive(Default, kRemoteDebugging). keep_alives=[kWaitingForFirstBrowserWindow (1), kRemoteDebugging (1)]
[15884:4576:0702/132100.325:VERBOSE1:components\component_updater\component_installer.cc:477] StartRegistration for Widevine Content Decryption Module
[15884:13960:0702/132100.325:VERBOSE1:components\component_updater\component_installer.cc:477] StartRegistration for Chrome Improved Recovery
[15884:19008:0702/132100.325:VERBOSE1:components\component_updater\installer_policies\on_device_head_suggest_component_installer.cc:59] On Device Head Component will fetch model for locale: ENUS500000
[15884:19008:0702/132100.325:VERBOSE1:chrome\browser\component_updater\trust_token_key_commitments_component_installer.cc:22] Registering Trust Token Key Commitments component.
[15884:19008:0702/132100.325:VERBOSE1:chrome\browser\component_updater\first_party_sets_component_installer.cc:37] Registering Related Website Sets component.
[15884:19008:0702/132100.325:VERBOSE1:chrome\browser\component_updater\privacy_sandbox_attestations_component_installer.cc:181] Registering Privacy Sandbox Attestations component
[15884:19008:0702/132100.325:VERBOSE1:chrome\browser\component_updater\file_type_policies_component_installer.cc:126] Registering File Type Policies component.
[15884:15156:0702/132100.325:VERBOSE1:components\component_updater\component_installer.cc:477] StartRegistration for Privacy Sandbox Attestations
[15884:19008:0702/132100.325:VERBOSE1:chrome\browser\component_updater\hyphenation_component_installer.cc:148] Registering Hyphenation component.
[15884:13960:0702/132100.325:VERBOSE1:components\component_updater\component_installer.cc:477] StartRegistration for Subresource Filter Rules
[15884:13960:0702/132100.333:VERBOSE1:components\component_updater\component_installer.cc:477] StartRegistration for OnDeviceHeadSuggest
[15884:25204:0702/132100.333:VERBOSE1:components\component_updater\component_installer.cc:477] StartRegistration for Optimization Hints
[15884:25204:0702/132100.333:VERBOSE1:components\component_updater\component_installer.cc:477] StartRegistration for Trust Token Key Commitments
[15884:25204:0702/132100.333:VERBOSE1:components\component_updater\component_installer.cc:477] StartRegistration for Certificate Error Assistant
[15884:19008:0702/132100.342:VERBOSE1:components\component_updater\installer_policies\actor_safety_lists_component_installer.cc:140] Registering Actor Safety Lists Component.
[15884:10576:0702/132100.342:VERBOSE1:components\component_updater\component_installer.cc:477] StartRegistration for File Type Policies
[15884:24392:0702/132100.342:VERBOSE1:components\component_updater\component_installer.cc:477] StartRegistration for CRLSet
[15884:19008:0702/132100.342:VERBOSE1:chrome\browser\component_updater\translate_kit_component_installer.cc:210] Registering TranslateKit component.
[15884:19008:0702/132100.342:VERBOSE1:chrome\browser\component_updater\wasm_tts_engine_component_installer.cc:286] Registering WASM TTS Engine component.
[15884:19008:0702/132100.342:VERBOSE1:chrome\browser\component_updater\captcha_provider_component_installer.cc:175] Registering Captcha Provider component.
[15884:13960:0702/132100.342:VERBOSE1:components\component_updater\component_installer.cc:477] StartRegistration for Origin Trials
[15884:13960:0702/132100.342:VERBOSE1:components\component_updater\component_installer.cc:477] StartRegistration for MEI Preload
[15884:13960:0702/132100.342:VERBOSE1:components\component_updater\component_installer.cc:312] Preinstalled component found for MEI Preload at C:\Program Files\Google\Chrome\Application\149.0.7827.201\MEIPreload with version 1.0.7.1652906823.
[15884:16144:0702/132100.342:VERBOSE1:components\component_updater\component_installer.cc:477] StartRegistration for PKI Metadata
[15884:13960:0702/132100.342:VERBOSE1:components\component_updater\component_installer.cc:477] StartRegistration for Safety Tips
[15884:13960:0702/132100.342:VERBOSE1:components\component_updater\component_installer.cc:477] StartRegistration for Crowd Deny
[15884:13960:0702/132100.342:VERBOSE1:components\component_updater\component_installer.cc:477] StartRegistration for Hyphenation
[15884:15420:0702/132100.342:VERBOSE1:components\component_updater\component_installer.cc:477] StartRegistration for Zxcvbn Data Dictionaries
[15884:13960:0702/132100.342:VERBOSE1:components\component_updater\component_installer.cc:477] StartRegistration for Actor Safety Lists
[15884:15420:0702/132100.342:VERBOSE1:components\component_updater\component_installer.cc:477] StartRegistration for Amount Extraction Heuristic Regexes
[15884:13960:0702/132100.350:VERBOSE1:components\component_updater\component_installer.cc:477] StartRegistration for WASM TTS Engine
[15884:19288:0702/132100.350:VERBOSE1:components\component_updater\component_installer.cc:477] StartRegistration for Captcha Providers
[15884:4576:0702/132100.350:VERBOSE1:components\component_updater\component_installer.cc:312] Preinstalled component found for Widevine Content Decryption Module at C:\Program Files\Google\Chrome\Application\149.0.7827.201\WidevineCdm with version 4.10.3050.0.
[15884:19008:0702/132100.350:VERBOSE1:chrome\browser\profiles\profile_manager.cc:1408] AddKeepAlive(Default, kBrowserWindow). keep_alives=[kWaitingForFirstBrowserWindow (1), kBrowserWindow (1), kRemoteDebugging (1)]
[15884:19008:0702/132100.350:VERBOSE1:chrome\browser\profiles\profile_manager.cc:1490] ClearFirstBrowserWindowKeepAlive(Default). keep_alives=[kBrowserWindow (1), kRemoteDebugging (1)]
[15884:19008:0702/132100.350:VERBOSE1:components\signin\internal\identity_manager\mutable_profile_oauth2_token_service_delegate.cc:443] MutablePO2TS::RefreshTokenIsAvailable
[15884:19008:0702/132100.350:VERBOSE1:components\signin\internal\identity_manager\mutable_profile_oauth2_token_service_delegate.cc:443] MutablePO2TS::RefreshTokenIsAvailable
[15884:18888:0702/132100.359:VERBOSE1:extensions\browser\content_verifier\content_verifier.cc:944] OnFetchComplete ahfgeienlihckogmohjhadlkjgocpleb success:0
[15884:18888:0702/132100.359:VERBOSE1:extensions\browser\content_verifier\content_verifier.cc:944] OnFetchComplete mhjfbmdgcfjbbpaeojofohoefgiehjai success:0
[15884:18888:0702/132100.359:VERBOSE1:extensions\browser\content_verifier\content_verifier.cc:944] OnFetchComplete nkeimhogjdpnpccoofpliimaahmaaome success:0
[15884:18888:0702/132100.359:VERBOSE1:extensions\browser\content_verifier\content_verifier.cc:944] OnFetchComplete fignfifoniblkonapihmkfakmlgkbkcf success:0
[23680:10100:0702/132100.366:ERROR:ui\gl\direct_composition_support.cc:247] GetGpuDriverOverlayInfo: Failed to retrieve video device
[15884:19008:0702/132100.366:VERBOSE1:components\signin\internal\identity_manager\mutable_profile_oauth2_token_service_delegate.cc:443] MutablePO2TS::RefreshTokenIsAvailable
[15884:19008:0702/132100.366:VERBOSE1:components\signin\internal\identity_manager\mutable_profile_oauth2_token_service_delegate.cc:443] MutablePO2TS::RefreshTokenIsAvailable
[23680:10100:0702/132100.366:VERBOSE1:components\viz\service\main\viz_main_impl.cc:87] VizNullHypothesis is disabled (not a warning)
[15884:15156:0702/132100.376:VERBOSE1:components\component_updater\component_installer.cc:312] Preinstalled component found for Privacy Sandbox Attestations at C:\Program Files\Google\Chrome\Application\149.0.7827.201\PrivacySandboxAttestationsPreloaded with version 2025.7.18.0.
[15884:15420:0702/132100.393:VERBOSE1:components\signin\public\webdata\token_service_table.cc:259] Loaded tokens: result = 3 ; number of tokens loaded = 0
[15884:19008:0702/132100.460:VERBOSE1:chrome\browser\ui\views\omnibox\omnibox_popup_closer.cc:65] Closing omnibox popup with reason: kRevertAll
[15884:19008:0702/132100.460:VERBOSE1:chrome\browser\ui\views\omnibox\omnibox_popup_closer.cc:65] Closing omnibox popup with reason: kBrowserWidgetMoved
[15884:19008:0702/132100.474:VERBOSE1:components\signin\internal\identity_manager\mutable_profile_oauth2_token_service_delegate.cc:443] MutablePO2TS::RefreshTokenIsAvailable
[15884:19008:0702/132100.505:VERBOSE1:chrome\browser\enterprise\data_protection\data_protection_navigation_observer.cc:227] enterprise.data_protection: same document navigation: 0
[15884:19008:0702/132100.505:VERBOSE1:chrome\browser\enterprise\data_protection\data_protection_navigation_observer.cc:229] enterprise.data_protection: URL to scan: about:blank
[19988:21192:0702/132100.532:INFO:third_party\webrtc\rtc_base\cpu_info.cc:77] Available number of cores: 8
[15884:19008:0702/132100.532:VERBOSE1:chrome\browser\ui\views\omnibox\omnibox_popup_closer.cc:65] Closing omnibox popup with reason: kRevertAll
[5864:23172:0702/132100.543:INFO:third_party\webrtc\rtc_base\cpu_info.cc:77] Available number of cores: 8
[15884:19008:0702/132100.557:VERBOSE1:components\signin\internal\identity_manager\mutable_profile_oauth2_token_service_delegate.cc:443] MutablePO2TS::RefreshTokenIsAvailable
[5764:19836:0702/132100.568:VERBOSE1:net\base\network_delegate.cc:38] NetworkDelegate::NotifyBeforeURLRequest: http://clients2.google.com/time/1/current?cup2key=10:KNsWq3YO-7ecbkEO03vFrF_IYpcfCYpbRY_rjouBnKU&cup2hreq=e3b0c44298fc1c149afbf4c8996fb92427ae41e4649b934ca495991b7852b855
[15884:19008:0702/132100.581:VERBOSE1:components\signin\internal\identity_manager\mutable_profile_oauth2_token_service_delegate.cc:443] MutablePO2TS::RefreshTokenIsAvailable
[15884:19008:0702/132100.583:VERBOSE1:components\component_updater\component_installer.cc:548] FinishRegistration for Chrome Improved Recovery
[15884:19008:0702/132100.583:VERBOSE1:components\component_updater\component_updater_service.cc:177] CrxUpdateService starting up. First update attempt will take place in 60 s seconds. Next update attempt will take place in 18000 s seconds. 
[15884:19008:0702/132100.583:VERBOSE1:components\component_updater\component_installer.cc:548] FinishRegistration for Subresource Filter Rules
[15884:19008:0702/132100.583:VERBOSE1:components\component_updater\component_installer.cc:548] FinishRegistration for Optimization Hints
[15884:19008:0702/132100.583:VERBOSE1:components\component_updater\component_installer.cc:548] FinishRegistration for Trust Token Key Commitments
[15884:19008:0702/132100.583:VERBOSE1:components\component_updater\component_installer.cc:548] FinishRegistration for OnDeviceHeadSuggest
[15884:19008:0702/132100.583:VERBOSE1:components\component_updater\component_installer.cc:548] FinishRegistration for Origin Trials
[15884:19008:0702/132100.583:VERBOSE1:components\component_updater\component_installer.cc:548] FinishRegistration for MEI Preload
[15884:19008:0702/132100.583:VERBOSE1:components\component_updater\component_installer.cc:589] Component ready, version 1.0.7.1652906823 in C:\Program Files\Google\Chrome\Application\149.0.7827.201\MEIPreload
[15884:19008:0702/132100.583:VERBOSE1:components\component_updater\component_installer.cc:548] FinishRegistration for Safety Tips
[15884:19008:0702/132100.583:VERBOSE1:components\component_updater\component_installer.cc:548] FinishRegistration for Crowd Deny
[15884:19008:0702/132100.583:VERBOSE1:components\component_updater\component_installer.cc:548] FinishRegistration for Hyphenation
[15884:19008:0702/132100.583:VERBOSE1:components\component_updater\component_installer.cc:548] FinishRegistration for Zxcvbn Data Dictionaries
[15884:19008:0702/132100.583:VERBOSE1:components\component_updater\component_installer.cc:548] FinishRegistration for Actor Safety Lists
[15884:19008:0702/132100.583:VERBOSE1:components\component_updater\component_installer.cc:548] FinishRegistration for WASM TTS Engine
[15884:19008:0702/132100.583:VERBOSE1:components\component_updater\component_installer.cc:548] FinishRegistration for Amount Extraction Heuristic Regexes
[5764:19836:0702/132100.583:VERBOSE1:net\base\network_delegate.cc:38] NetworkDelegate::NotifyBeforeURLRequest: https://safebrowsingohttpgateway.googleapis.com/v1/ohttp/hpkekeyconfig?key=AIzaSyA2KlwBX3mkFo30om9LUFYQhpqLoa_BNhE
[15884:19008:0702/132100.583:VERBOSE1:components\component_updater\component_installer.cc:548] FinishRegistration for CRLSet
[15884:19008:0702/132100.583:VERBOSE1:components\component_updater\component_installer.cc:548] FinishRegistration for File Type Policies
[15884:19008:0702/132100.583:VERBOSE1:components\component_updater\component_installer.cc:548] FinishRegistration for Captcha Providers
[15884:19008:0702/132100.583:VERBOSE1:components\component_updater\component_installer.cc:548] FinishRegistration for Certificate Error Assistant
[15884:19008:0702/132100.583:VERBOSE1:components\component_updater\component_installer.cc:548] FinishRegistration for Widevine Content Decryption Module
[15884:19008:0702/132100.583:VERBOSE1:components\component_updater\component_installer.cc:589] Component ready, version 4.10.3050.0 in C:\Program Files\Google\Chrome\Application\149.0.7827.201\WidevineCdm
[15884:19008:0702/132100.588:VERBOSE1:components\component_updater\component_installer.cc:548] FinishRegistration for Privacy Sandbox Attestations
[15884:19008:0702/132100.588:VERBOSE1:components\component_updater\component_installer.cc:589] Component ready, version 2025.7.18.0 in C:\Program Files\Google\Chrome\Application\149.0.7827.201\PrivacySandboxAttestationsPreloaded
[15884:19008:0702/132100.588:VERBOSE1:chrome\browser\component_updater\privacy_sandbox_attestations_component_installer.cc:111] Privacy Sandbox Attestations Component ready, version 2025.7.18.0 in C:\Program Files\Google\Chrome\Application\149.0.7827.201\PrivacySandboxAttestationsPreloaded
[15884:19008:0702/132100.588:VERBOSE1:chrome\browser\component_updater\privacy_sandbox_attestations_component_installer.cc:188] Received privacy sandbox attestations file
[15884:19008:0702/132100.588:VERBOSE1:components\component_updater\component_installer.cc:548] FinishRegistration for PKI Metadata
[15884:19008:0702/132100.590:VERBOSE1:components\signin\internal\identity_manager\mutable_profile_oauth2_token_service_delegate.cc:599] MutablePO2TS::OnWebDataServiceRequestDone. Result type: 6
[15884:19008:0702/132100.590:VERBOSE1:components\signin\internal\identity_manager\mutable_profile_oauth2_token_service_delegate.cc:661] MutablePO2TS::LoadAllCredentialsIntoMemory; 0 credential(s).
[15884:19008:0702/132100.590:VERBOSE1:components\signin\internal\identity_manager\mutable_profile_oauth2_token_service_delegate.cc:443] MutablePO2TS::RefreshTokenIsAvailable
[15884:19008:0702/132100.590:VERBOSE1:google_apis\gaia\gaia_auth_util.cc:53] Canonicalized @gmail.com to @gmail.com
[15884:19008:0702/132100.590:VERBOSE1:google_apis\gaia\gaia_auth_util.cc:53] Canonicalized @gmail.com to @gmail.com
[15884:19008:0702/132100.590:VERBOSE1:components\signin\internal\identity_manager\mutable_profile_oauth2_token_service_delegate.cc:443] MutablePO2TS::RefreshTokenIsAvailable
[15884:19008:0702/132100.590:VERBOSE1:components\signin\internal\identity_manager\mutable_profile_oauth2_token_service_delegate.cc:443] MutablePO2TS::RefreshTokenIsAvailable
[15884:19008:0702/132100.590:VERBOSE1:components\signin\internal\identity_manager\mutable_profile_oauth2_token_service_delegate.cc:443] MutablePO2TS::RefreshTokenIsAvailable
[15884:19008:0702/132100.590:VERBOSE1:components\signin\internal\identity_manager\mutable_profile_oauth2_token_service_delegate.cc:443] MutablePO2TS::RefreshTokenIsAvailable
[15884:19008:0702/132100.590:VERBOSE1:components\signin\internal\identity_manager\mutable_profile_oauth2_token_service_delegate.cc:443] MutablePO2TS::RefreshTokenIsAvailable
[15884:19008:0702/132100.590:VERBOSE1:components\signin\internal\identity_manager\mutable_profile_oauth2_token_service_delegate.cc:443] MutablePO2TS::RefreshTokenIsAvailable
[15884:19008:0702/132100.590:VERBOSE1:components\signin\internal\identity_manager\mutable_profile_oauth2_token_service_delegate.cc:443] MutablePO2TS::RefreshTokenIsAvailable
[15884:19008:0702/132100.590:VERBOSE1:components\signin\internal\identity_manager\mutable_profile_oauth2_token_service_delegate.cc:443] MutablePO2TS::RefreshTokenIsAvailable
[15884:19008:0702/132100.590:VERBOSE1:components\signin\core\browser\account_reconcilor.cc:339] AccountReconcilor::OnEndBatchOfRefreshTokenStateChanges. Reconcilor state: 1
[15884:19008:0702/132100.590:VERBOSE1:chrome\browser\local_discovery\service_discovery_device_lister.cc:36] DeviceListerStart: service_type: _googlecast._tcp.local
[15884:19008:0702/132100.590:VERBOSE1:chrome\browser\local_discovery\service_discovery_device_lister.cc:42] DiscoverNewDevices: service_type: _googlecast._tcp.local
[5764:19836:0702/132100.590:VERBOSE1:net\base\network_delegate.cc:38] NetworkDelegate::NotifyBeforeURLRequest: https://accounts.google.com/ListAccounts?gpsia=1&source=ChromiumBrowser&json=standard&laf=b64bin
[5764:19836:0702/132100.590:VERBOSE1:net\base\network_delegate.cc:38] NetworkDelegate::NotifyBeforeURLRequest: https://clientservices.googleapis.com/chrome-variations/seed?osname=win&channel=stable&milestone=149
[5764:19836:0702/132100.590:VERBOSE1:net\base\network_delegate.cc:38] NetworkDelegate::NotifyBeforeURLRequest: https://www.google.com/async/folae?async=_fmt:pb&udm=50&client_locale=en-US
[5864:23172:0702/132100.606:VERBOSE1:extensions\renderer\script_context.cc:150] Created context:
  extension id:           (none)
  frame:                  0x39d402030d50
  URL:                    
  context_type:           WEB_PAGE
  effective extension id: (none)
  effective context type: WEB_PAGE
[5864:23172:0702/132100.607:VERBOSE1:extensions\renderer\script_context.cc:150] Created context:
  extension id:           (none)
  frame:                  (nil)
  URL:                    
  context_type:           UNSPECIFIED
  effective extension id: (none)
  effective context type: UNSPECIFIED
[5864:23172:0702/132100.608:VERBOSE1:extensions\renderer\dispatcher.cc:493] Num tracked contexts: 1
[15884:19008:0702/132100.608:VERBOSE1:chrome\browser\component_updater\widevine_cdm_component_installer.cc:94] Registering Widevine CDM 4.10.3050.0 with Chrome
[5764:22012:0702/132100.608:VERBOSE1:net\disk_cache\simple\simple_index_file.cc:625] Simple Cache Index is being restored from disk.
[15884:19008:0702/132100.608:VERBOSE1:components\privacy_sandbox\privacy_sandbox_attestations\privacy_sandbox_attestations.cc:480] Parsed Privacy Sandbox Attestation list version: 2025.7.18.0
[15884:19008:0702/132100.608:VERBOSE1:components\privacy_sandbox\privacy_sandbox_attestations\privacy_sandbox_attestations.cc:482] Number of attestation entries: 263
[15884:19008:0702/132100.614:VERBOSE1:components\signin\internal\identity_manager\mutable_profile_oauth2_token_service_delegate.cc:443] MutablePO2TS::RefreshTokenIsAvailable
[15884:19008:0702/132100.626:VERBOSE1:chrome\browser\web_applications\locks\partitioned_lock_manager.cc:262] Acquiring <PartitionedLockId>{id: 0x31, partition: 0} for Start@chrome\browser\web_applications\generated_icon_fix_manager.cc:61
[15884:19008:0702/132100.626:VERBOSE1:chrome\browser\web_applications\locks\partitioned_lock_manager.cc:243] All locks acquired for Start@chrome\browser\web_applications\generated_icon_fix_manager.cc:61
[15884:19008:0702/132100.637:VERBOSE1:chrome\browser\web_applications\locks\partitioned_lock_manager.cc:286] Releasing <PartitionedLockId>{id: 0x31, partition: 0} requested by Start@chrome\browser\web_applications\generated_icon_fix_manager.cc:61
[15884:19008:0702/132100.641:VERBOSE1:components\segmentation_platform\internal\signals\signal_filter_processor.cc:61] Segmentation platform started observing Session.TotalDuration
[15884:19008:0702/132100.641:VERBOSE1:components\segmentation_platform\internal\signals\signal_filter_processor.cc:61] Segmentation platform started observing Commerce.PriceDrops.ActiveTabNavigationComplete.IsProductDetailPage
[15884:19008:0702/132100.641:VERBOSE1:components\segmentation_platform\internal\signals\signal_filter_processor.cc:54] Segmentation platform started observing Autofill_PolledCreditCardSuggestions
[15884:19008:0702/132100.641:VERBOSE1:components\segmentation_platform\internal\signals\signal_filter_processor.cc:61] Segmentation platform started observing IOS.ParcelTracking.Tracked.AutoTrack
[15884:19008:0702/132100.641:VERBOSE1:components\segmentation_platform\internal\signals\signal_filter_processor.cc:61] Segmentation platform started observing Omnibox.SuggestionUsed.ClientSummarizedResultType
[15884:19008:0702/132100.641:VERBOSE1:components\segmentation_platform\internal\signals\signal_filter_processor.cc:54] Segmentation platform started observing MetadataWriter
[15884:19008:0702/132100.641:VERBOSE1:components\segmentation_platform\internal\signals\signal_filter_processor.cc:61] Segmentation platform started observing Sync.DeviceCount2
[15884:19008:0702/132100.641:VERBOSE1:components\segmentation_platform\internal\signals\signal_filter_processor.cc:61] Segmentation platform started observing Sync.DeviceCount2.Phone
[15884:19008:0702/132100.641:VERBOSE1:components\segmentation_platform\internal\signals\signal_filter_processor.cc:61] Segmentation platform started observing Sync.DeviceCount2.Desktop
[15884:19008:0702/132100.641:VERBOSE1:components\segmentation_platform\internal\signals\signal_filter_processor.cc:61] Segmentation platform started observing Sync.DeviceCount2.Tablet
[15884:19008:0702/132100.641:VERBOSE1:components\segmentation_platform\internal\signals\signal_filter_processor.cc:54] Segmentation platform started observing MobileBookmarkManagerOpen
[15884:19008:0702/132100.641:VERBOSE1:components\segmentation_platform\internal\signals\signal_filter_processor.cc:54] Segmentation platform started observing NewTabPage.MostVisited.Clicked
[15884:19008:0702/132100.641:VERBOSE1:components\segmentation_platform\internal\signals\signal_filter_processor.cc:54] Segmentation platform started observing TabGroup.Created.OpenInNewTab
[15884:19008:0702/132100.641:VERBOSE1:components\segmentation_platform\internal\signals\signal_filter_processor.cc:54] Segmentation platform started observing Android.HistoryPage.OpenItem
[15884:19008:0702/132100.641:VERBOSE1:components\segmentation_platform\internal\signals\signal_filter_processor.cc:54] Segmentation platform started observing MobileMenuRecentTabs
[15884:19008:0702/132100.641:VERBOSE1:components\segmentation_platform\internal\signals\signal_filter_processor.cc:61] Segmentation platform started observing PasswordManager.ManagePasswordsReferrer
[15884:19008:0702/132100.641:VERBOSE1:components\segmentation_platform\internal\signals\signal_filter_processor.cc:61] Segmentation platform started observing PasswordManager.ProfileStore.TotalAccountsHiRes3.WithScheme.Https
[15884:19008:0702/132100.641:VERBOSE1:components\segmentation_platform\internal\signals\signal_filter_processor.cc:61] Segmentation platform started observing PasswordManager.FillingAssistance
[15884:19008:0702/132100.641:VERBOSE1:components\segmentation_platform\internal\signals\signal_filter_processor.cc:61] Segmentation platform started observing PasswordManager.SavedPasswordIsGenerated
[15884:19008:0702/132100.641:VERBOSE1:components\segmentation_platform\internal\signals\signal_filter_processor.cc:61] Segmentation platform started observing PasswordManager.SaveUIDismissalReason
[15884:19008:0702/132100.641:VERBOSE1:components\segmentation_platform\internal\signals\signal_filter_processor.cc:61] Segmentation platform started observing PasswordManager.SaveUIDismissalReason
[15884:19008:0702/132100.641:VERBOSE1:components\segmentation_platform\internal\signals\signal_filter_processor.cc:61] Segmentation platform started observing IOS.CredentialExtension.IsEnabled.Startup
[15884:19008:0702/132100.641:VERBOSE1:components\segmentation_platform\internal\signals\signal_filter_processor.cc:61] Segmentation platform started observing Session.TotalDuration
[15884:19008:0702/132100.644:VERBOSE1:components\signin\internal\identity_manager\mutable_profile_oauth2_token_service_delegate.cc:443] MutablePO2TS::RefreshTokenIsAvailable
[15884:25548:0702/132100.651:VERBOSE1:net\disk_cache\simple\simple_index_file.cc:625] Simple Cache Index is being restored from disk.
[25580:17084:0702/132100.684:INFO:third_party\webrtc\rtc_base\cpu_info.cc:77] Available number of cores: 8
[9660:23908:0702/132100.734:INFO:third_party\webrtc\rtc_base\cpu_info.cc:77] Available number of cores: 8
[3888:6284:0702/132100.739:INFO:third_party\webrtc\rtc_base\cpu_info.cc:77] Available number of cores: 8
[25580:17084:0702/132100.747:VERBOSE1:extensions\renderer\script_context.cc:150] Created context:
  extension id:           nkeimhogjdpnpccoofpliimaahmaaome
  frame:                  0x3a2402030d50
  URL:                    
  context_type:           BLESSED_EXTENSION
  effective extension id: nkeimhogjdpnpccoofpliimaahmaaome
  effective context type: BLESSED_EXTENSION
[25580:17084:0702/132100.750:VERBOSE1:extensions\renderer\script_context.cc:150] Created context:
  extension id:           (none)
  frame:                  (nil)
  URL:                    
  context_type:           UNSPECIFIED
  effective extension id: (none)
  effective context type: UNSPECIFIED
[25580:17084:0702/132100.752:VERBOSE1:extensions\renderer\dispatcher.cc:493] Num tracked contexts: 1
[3888:10272:0702/132100.802:VERBOSE1:extensions\renderer\script_context.cc:150] Created context:
  extension id:           fignfifoniblkonapihmkfakmlgkbkcf
  frame:                  (nil)
  URL:                    
  context_type:           BLESSED_EXTENSION
  effective extension id: fignfifoniblkonapihmkfakmlgkbkcf
  effective context type: BLESSED_EXTENSION
[3888:10272:0702/132100.807:VERBOSE1:extensions\renderer\script_context.cc:150] Created context:
  extension id:           (none)
  frame:                  (nil)
  URL:                    
  context_type:           UNSPECIFIED
  effective extension id: (none)
  effective context type: UNSPECIFIED
[15884:19008:0702/132100.841:VERBOSE1:components\segmentation_platform\internal\selection\segment_result_provider.cc:136] GetSegmentResult: segment=OPTIMIZATION_TARGET_SEGMENTATION_DEVICE_SWITCHER ignoring DB score, executing model.
[15884:19008:0702/132100.841:VERBOSE1:components\segmentation_platform\internal\selection\segment_result_provider.cc:277] ExecuteModelAndGetScore: segment=OPTIMIZATION_TARGET_SEGMENTATION_DEVICE_SWITCHER server segment info not available
[15884:19008:0702/132100.841:VERBOSE1:components\segmentation_platform\internal\selection\segment_result_provider.cc:210] OnGotModelScore: segment=OPTIMIZATION_TARGET_SEGMENTATION_DEVICE_SWITCHER failed to get database model score, trying default model.
[5764:19836:0702/132101.589:VERBOSE1:net\proxy_resolution\configured_proxy_resolution_service.cc:1223] Failed configuring with PAC script, falling-back to manual proxy servers.
[5764:19836:0702/132101.630:VERBOSE1:net\proxy_resolution\configured_proxy_resolution_service.cc:1223] Failed configuring with PAC script, falling-back to manual proxy servers.
[5764:19836:0702/132101.630:VERBOSE1:net\proxy_resolution\configured_proxy_resolution_service.cc:1223] Failed configuring with PAC script, falling-back to manual proxy servers.
[15884:19008:0702/132102.286:VERBOSE1:components\signin\core\browser\account_reconcilor.cc:559] AccountReconcilor::OnAccountsInCookieUpdated: CookieJar 0 accounts, Reconcilor's state is 1, Error was 
[15884:19008:0702/132102.286:VERBOSE1:components\signin\core\browser\account_reconcilor.cc:653] AccountReconcilor::LoadValidAccountsFromTokenService: Chrome 0 accounts
[15884:19008:0702/132102.286:VERBOSE1:components\signin\core\browser\account_reconcilor.cc:783] AccountReconcilor::CalculateIfMultiloginReconcileIsDone: Error was 
[15884:19008:0702/132102.286:VERBOSE1:components\signin\core\browser\account_reconcilor.cc:689] AccountReconcilor::StartReconcileIfChromeAccountsChanged
[15884:19008:0702/132102.287:VERBOSE1:components\signin\core\browser\account_reconcilor.cc:559] AccountReconcilor::OnAccountsInCookieUpdated: CookieJar 0 accounts, Reconcilor's state is 1, Error was 
[15884:19008:0702/132102.287:VERBOSE1:components\signin\core\browser\account_reconcilor.cc:653] AccountReconcilor::LoadValidAccountsFromTokenService: Chrome 0 accounts
[15884:19008:0702/132102.287:VERBOSE1:components\signin\core\browser\account_reconcilor.cc:783] AccountReconcilor::CalculateIfMultiloginReconcileIsDone: Error was 
[15884:19008:0702/132102.287:VERBOSE1:components\signin\core\browser\account_reconcilor.cc:689] AccountReconcilor::StartReconcileIfChromeAccountsChanged
[15884:19008:0702/132103.301:VERBOSE1:components\enterprise\browser\reporting\saas_usage\saas_usage_report_scheduler.cc:106] Scheduling next browser SaaS usage report at 1601-01-01 04:00:00.000000 UTC
[15884:19008:0702/132103.301:VERBOSE1:components\enterprise\browser\reporting\saas_usage\saas_usage_report_scheduler.cc:74] No domain metrics aggregated - skipping browser report upload.
[15884:23488:0702/132103.301:VERBOSE1:chrome\installer\util\install_util.cc:218] Existing Chrome version found: 149.0.7827.201
[15884:19008:0702/132103.301:VERBOSE1:components\enterprise\browser\reporting\saas_usage\saas_usage_report_scheduler.cc:106] Scheduling next browser SaaS usage report at 2026-07-02 12:21:03.302546 UTC
[15884:23488:0702/132103.316:VERBOSE1:chrome\installer\util\install_util.cc:242] No existing Chrome install found.
[15884:19008:0702/132103.316:VERBOSE1:chrome\browser\profiles\profile_manager.cc:1408] AddKeepAlive(Default, kExtensionUpdater). keep_alives=[kBrowserWindow (1), kExtensionUpdater (1), kRemoteDebugging (1)]
[15884:19008:0702/132103.316:VERBOSE1:chrome\browser\profiles\profile_manager.cc:1469] RemoveKeepAlive(Default, kExtensionUpdater). keep_alives=[kBrowserWindow (1), kRemoteDebugging (1)]
[15884:19008:0702/132103.317:VERBOSE1:chrome\browser\web_applications\locks\partitioned_lock_manager.cc:262] Acquiring <PartitionedLockId>{id: 0x31, partition: 0} for SynchronizeInstalledApps@chrome\browser\web_applications\externally_managed_app_manager.cc:186
[15884:19008:0702/132103.317:VERBOSE1:chrome\browser\web_applications\locks\partitioned_lock_manager.cc:243] All locks acquired for SynchronizeInstalledApps@chrome\browser\web_applications\externally_managed_app_manager.cc:186
[15884:19008:0702/132103.317:VERBOSE1:chrome\browser\web_applications\locks\partitioned_lock_manager.cc:286] Releasing <PartitionedLockId>{id: 0x31, partition: 0} requested by SynchronizeInstalledApps@chrome\browser\web_applications\externally_managed_app_manager.cc:186
[15884:19008:0702/132103.329:VERBOSE1:components\device_event_log\device_event_log_impl.cc:203] [13:21:03.330] USB: USER: usb_service_win.cc:765 USB device added: path=\\?\usb#vid_8087&pid_0026#5&1d3f3aca&0&10#{a5dcbf10-6530-11d2-901f-00c04fb951ed} vendor=32903 "", product=38 "", serial="", driver="BTHUSB", guid=a9a64f14-05d6-4fe6-8641-7b55ab3b6b08
[15884:19008:0702/132103.330:VERBOSE1:components\device_event_log\device_event_log_impl.cc:203] [13:21:03.330] USB: DEBUG: usb_device_handle_win.cc:1091 Failed to read descriptor from node connection: A device attached to the system is not functioning. (0x1F)
[15884:19008:0702/132103.330:VERBOSE1:components\device_event_log\device_event_log_impl.cc:203] [13:21:03.331] USB: USER: usb_service_win.cc:765 USB device added: path=\\?\usb#vid_30c9&pid_000f#01.00.00#{a5dcbf10-6530-11d2-901f-00c04fb951ed} vendor=12489 "", product=15 "", serial="01.00.00", driver="usbccgp", guid=0aa326f5-97d6-46fb-bce4-4d97c91ecca1
[15884:19008:0702/132103.330:VERBOSE1:components\device_event_log\device_event_log_impl.cc:203] [13:21:03.331] USB: DEBUG: usb_device_handle_win.cc:1091 Failed to read descriptor from node connection: A device attached to the system is not functioning. (0x1F)
[15884:19008:0702/132103.330:VERBOSE1:components\device_event_log\device_event_log_impl.cc:203] [13:21:03.331] USB: USER: usb_service_win.cc:765 USB device added: path=\\?\usb#vid_8087&pid_0ac9#05022016#{a5dcbf10-6530-11d2-901f-00c04fb951ed} vendor=32903 "", product=2761 "", serial="05022016 ", driver="usbccgp", guid=5951bb22-c970-4069-a4b2-010a6eb53fbe
[15884:19008:0702/132103.330:VERBOSE1:components\device_event_log\device_event_log_impl.cc:203] [13:21:03.331] USB: DEBUG: usb_device_handle_win.cc:1091 Failed to read descriptor from node connection: A device attached to the system is not functioning. (0x1F)
[15884:19008:0702/132103.330:VERBOSE1:components\device_event_log\device_event_log_impl.cc:203] [13:21:03.331] USB: USER: usb_service_win.cc:765 USB device added: path=\\?\usb#vid_8087&pid_0af1#05022016#{a5dcbf10-6530-11d2-901f-00c04fb951ed} vendor=32903 "", product=2801 "", serial="05022016 ", driver="usbccgp", guid=dd9a2183-499d-4903-b26c-da2804fe65c9
[15884:19008:0702/132103.330:VERBOSE1:components\device_event_log\device_event_log_impl.cc:203] [13:21:03.331] USB: USER: usb_service_win.cc:765 USB device added: path=\\?\usb#vid_06cb&pid_00df#5e823325a1e6#{a5dcbf10-6530-11d2-901f-00c04fb951ed} vendor=1739 "", product=223 "", serial="5e823325a1e6", driver="WUDFRd", guid=4ff17f83-3783-42b7-8463-ab1192657888
[15884:19008:0702/132103.330:VERBOSE1:components\device_event_log\device_event_log_impl.cc:203] [13:21:03.331] USB: DEBUG: usb_device_handle_win.cc:1091 Failed to read descriptor from node connection: A device attached to the system is not functioning. (0x1F)
[15884:19008:0702/132103.330:VERBOSE1:components\device_event_log\device_event_log_impl.cc:203] [13:21:03.332] USB: USER: usb_service_win.cc:765 USB device added: path=\\?\usb#vid_8087&pid_0aca#05022016#{a5dcbf10-6530-11d2-901f-00c04fb951ed} vendor=32903 "", product=2762 "", serial="05022016 ", driver="usbccgp", guid=b8b75420-1874-4c0d-9a92-5a487a9292b0
[15884:21784:0702/132103.514:VERBOSE1:components\component_updater\component_installer.cc:477] StartRegistration for Related Website Sets
[15884:19008:0702/132103.514:VERBOSE1:components\component_updater\component_installer.cc:548] FinishRegistration for Related Website Sets
[15884:19008:0702/132103.514:VERBOSE1:chrome\browser\component_updater\first_party_sets_component_installer.cc:42] Received Related Website Sets
[15884:19008:0702/132103.579:VERBOSE1:chrome\browser\web_applications\locks\partitioned_lock_manager.cc:262] Acquiring <PartitionedLockId>{id: 0x31, partition: 0} for SynchronizeInstalledApps@chrome\browser\web_applications\externally_managed_app_manager.cc:186
[15884:19008:0702/132103.579:VERBOSE1:chrome\browser\web_applications\locks\partitioned_lock_manager.cc:243] All locks acquired for SynchronizeInstalledApps@chrome\browser\web_applications\externally_managed_app_manager.cc:186
[15884:19008:0702/132103.579:VERBOSE1:chrome\browser\web_applications\locks\partitioned_lock_manager.cc:286] Releasing <PartitionedLockId>{id: 0x31, partition: 0} requested by SynchronizeInstalledApps@chrome\browser\web_applications\externally_managed_app_manager.cc:186
[15884:19008:0702/132103.583:VERBOSE1:chrome\browser\web_applications\locks\partitioned_lock_manager.cc:262] Acquiring <PartitionedLockId>{id: 0x31, partition: 0} for MaybeStartNext@chrome\browser\web_applications\externally_managed_app_manager.cc:271
[15884:19008:0702/132103.583:VERBOSE1:chrome\browser\web_applications\locks\partitioned_lock_manager.cc:243] All locks acquired for MaybeStartNext@chrome\browser\web_applications\externally_managed_app_manager.cc:271
[15884:19008:0702/132103.583:VERBOSE1:chrome\browser\web_applications\locks\partitioned_lock_manager.cc:262] Acquiring <PartitionedLockId>{id: 0x30, partition: 0} for StartInstallationTask@chrome\browser\web_applications\externally_managed_app_manager.cc:411
[15884:19008:0702/132103.583:VERBOSE1:chrome\browser\web_applications\locks\partitioned_lock_manager.cc:243] All locks acquired for StartInstallationTask@chrome\browser\web_applications\externally_managed_app_manager.cc:411
[15884:19008:0702/132103.583:VERBOSE1:chrome\browser\web_applications\locks\partitioned_lock_manager.cc:286] Releasing <PartitionedLockId>{id: 0x31, partition: 0} requested by MaybeStartNext@chrome\browser\web_applications\externally_managed_app_manager.cc:271
[15884:18888:0702/132103.594:VERBOSE1:net\dns\mdns_client_impl.cc:204] Sockets ready:2
[12796:18548:0702/132103.631:INFO:third_party\webrtc\rtc_base\cpu_info.cc:77] Available number of cores: 8
[12796:18548:0702/132103.705:VERBOSE1:extensions\renderer\script_context.cc:150] Created context:
  extension id:           (none)
  frame:                  0x776402030d50
  URL:                    
  context_type:           WEB_PAGE
  effective extension id: (none)
  effective context type: WEB_PAGE
[12796:18548:0702/132103.706:VERBOSE1:extensions\renderer\script_context.cc:150] Created context:
  extension id:           (none)
  frame:                  (nil)
  URL:                    
  context_type:           UNSPECIFIED
  effective extension id: (none)
  effective context type: UNSPECIFIED
[12796:18548:0702/132103.706:VERBOSE1:extensions\renderer\dispatcher.cc:493] Num tracked contexts: 1
[19368:22508:0702/132103.706:INFO:third_party\webrtc\rtc_base\cpu_info.cc:77] Available number of cores: 8
[15884:19008:0702/132103.710:VERBOSE1:chrome\browser\web_applications\locks\partitioned_lock_manager.cc:262] Acquiring <PartitionedLockId>{id: 0x31, partition: 0} for InstallFromInfo@chrome\browser\web_applications\commands\external_app_resolution_command.cc:741
[15884:19008:0702/132103.710:VERBOSE1:chrome\browser\web_applications\locks\partitioned_lock_manager.cc:262] Acquiring <PartitionedLockId>{id: 0x666d676a6a6d6d6d6c666e6b6270706e636162666b6464626a696d63666e636d, partition: 1} for InstallFromInfo@chrome\browser\web_applications\commands\external_app_resolution_command.cc:741
[15884:19008:0702/132103.710:VERBOSE1:chrome\browser\web_applications\locks\partitioned_lock_manager.cc:243] All locks acquired for InstallFromInfo@chrome\browser\web_applications\commands\external_app_resolution_command.cc:741
[15884:19008:0702/132103.747:VERBOSE1:chrome\browser\profiles\profile_manager.cc:1408] AddKeepAlive(Default, kWebAppUpdate). keep_alives=[kBrowserWindow (1), kWebAppUpdate (1), kRemoteDebugging (1)]
[15884:19008:0702/132103.747:VERBOSE1:chrome\browser\web_applications\locks\partitioned_lock_manager.cc:286] Releasing <PartitionedLockId>{id: 0x666d676a6a6d6d6d6c666e6b6270706e636162666b6464626a696d63666e636d, partition: 1} requested by InstallFromInfo@chrome\browser\web_applications\commands\external_app_resolution_command.cc:741
[15884:19008:0702/132103.747:VERBOSE1:chrome\browser\web_applications\locks\partitioned_lock_manager.cc:286] Releasing <PartitionedLockId>{id: 0x31, partition: 0} requested by InstallFromInfo@chrome\browser\web_applications\commands\external_app_resolution_command.cc:741
[15884:19008:0702/132103.747:VERBOSE1:chrome\browser\web_applications\locks\partitioned_lock_manager.cc:286] Releasing <PartitionedLockId>{id: 0x30, partition: 0} requested by StartInstallationTask@chrome\browser\web_applications\externally_managed_app_manager.cc:411
[15884:19008:0702/132103.747:VERBOSE1:chrome\browser\profiles\profile_manager.cc:1469] RemoveKeepAlive(Default, kWebAppUpdate). keep_alives=[kBrowserWindow (1), kRemoteDebugging (1)]
[15884:19008:0702/132103.753:VERBOSE1:chrome\browser\web_applications\locks\partitioned_lock_manager.cc:262] Acquiring <PartitionedLockId>{id: 0x31, partition: 0} for MaybeStartNext@chrome\browser\web_applications\externally_managed_app_manager.cc:271
[15884:19008:0702/132103.753:VERBOSE1:chrome\browser\web_applications\locks\partitioned_lock_manager.cc:243] All locks acquired for MaybeStartNext@chrome\browser\web_applications\externally_managed_app_manager.cc:271
[15884:19008:0702/132103.753:VERBOSE1:chrome\browser\web_applications\locks\partitioned_lock_manager.cc:262] Acquiring <PartitionedLockId>{id: 0x30, partition: 0} for StartInstallationTask@chrome\browser\web_applications\externally_managed_app_manager.cc:411
[15884:19008:0702/132103.753:VERBOSE1:chrome\browser\web_applications\locks\partitioned_lock_manager.cc:243] All locks acquired for StartInstallationTask@chrome\browser\web_applications\externally_managed_app_manager.cc:411
[15884:19008:0702/132103.753:VERBOSE1:chrome\browser\web_applications\locks\partitioned_lock_manager.cc:286] Releasing <PartitionedLockId>{id: 0x31, partition: 0} requested by MaybeStartNext@chrome\browser\web_applications\externally_managed_app_manager.cc:271
[19368:22508:0702/132103.790:VERBOSE1:extensions\renderer\script_context.cc:150] Created context:
  extension id:           (none)
  frame:                  0x545c02030d50
  URL:                    
  context_type:           WEB_PAGE
  effective extension id: (none)
  effective context type: WEB_PAGE
[19368:22508:0702/132103.792:VERBOSE1:extensions\renderer\script_context.cc:150] Created context:
  extension id:           (none)
  frame:                  (nil)
  URL:                    
  context_type:           UNSPECIFIED
  effective extension id: (none)
  effective context type: UNSPECIFIED
[19368:22508:0702/132103.792:VERBOSE1:extensions\renderer\dispatcher.cc:493] Num tracked contexts: 1
[15884:19008:0702/132103.797:VERBOSE1:chrome\browser\web_applications\locks\partitioned_lock_manager.cc:262] Acquiring <PartitionedLockId>{id: 0x31, partition: 0} for InstallFromInfo@chrome\browser\web_applications\commands\external_app_resolution_command.cc:741
[15884:19008:0702/132103.797:VERBOSE1:chrome\browser\web_applications\locks\partitioned_lock_manager.cc:262] Acquiring <PartitionedLockId>{id: 0x6d706e706f6a6b6e706d6d6f706f6d626e6a646367616169656b616a626e6a62, partition: 1} for InstallFromInfo@chrome\browser\web_applications\commands\external_app_resolution_command.cc:741
[15884:19008:0702/132103.797:VERBOSE1:chrome\browser\web_applications\locks\partitioned_lock_manager.cc:243] All locks acquired for InstallFromInfo@chrome\browser\web_applications\commands\external_app_resolution_command.cc:741
[5764:19836:0702/132103.802:VERBOSE1:net\base\network_delegate.cc:38] NetworkDelegate::NotifyBeforeURLRequest: https://android.clients.google.com/checkin
[15884:19008:0702/132103.826:VERBOSE1:chrome\browser\profiles\profile_manager.cc:1408] AddKeepAlive(Default, kWebAppUpdate). keep_alives=[kBrowserWindow (1), kWebAppUpdate (1), kRemoteDebugging (1)]
[15884:19008:0702/132103.826:VERBOSE1:chrome\browser\web_applications\locks\partitioned_lock_manager.cc:286] Releasing <PartitionedLockId>{id: 0x6d706e706f6a6b6e706d6d6f706f6d626e6a646367616169656b616a626e6a62, partition: 1} requested by InstallFromInfo@chrome\browser\web_applications\commands\external_app_resolution_command.cc:741
[15884:19008:0702/132103.826:VERBOSE1:chrome\browser\web_applications\locks\partitioned_lock_manager.cc:286] Releasing <PartitionedLockId>{id: 0x31, partition: 0} requested by InstallFromInfo@chrome\browser\web_applications\commands\external_app_resolution_command.cc:741
[15884:19008:0702/132103.826:VERBOSE1:chrome\browser\web_applications\locks\partitioned_lock_manager.cc:286] Releasing <PartitionedLockId>{id: 0x30, partition: 0} requested by StartInstallationTask@chrome\browser\web_applications\externally_managed_app_manager.cc:411
[15884:19008:0702/132103.826:VERBOSE1:chrome\browser\profiles\profile_manager.cc:1469] RemoveKeepAlive(Default, kWebAppUpdate). keep_alives=[kBrowserWindow (1), kRemoteDebugging (1)]
[15884:19008:0702/132103.831:VERBOSE1:chrome\browser\web_applications\locks\partitioned_lock_manager.cc:262] Acquiring <PartitionedLockId>{id: 0x31, partition: 0} for MaybeStartNext@chrome\browser\web_applications\externally_managed_app_manager.cc:271
[15884:19008:0702/132103.831:VERBOSE1:chrome\browser\web_applications\locks\partitioned_lock_manager.cc:243] All locks acquired for MaybeStartNext@chrome\browser\web_applications\externally_managed_app_manager.cc:271
[15884:19008:0702/132103.831:VERBOSE1:chrome\browser\web_applications\locks\partitioned_lock_manager.cc:262] Acquiring <PartitionedLockId>{id: 0x30, partition: 0} for StartInstallationTask@chrome\browser\web_applications\externally_managed_app_manager.cc:411
[15884:19008:0702/132103.831:VERBOSE1:chrome\browser\web_applications\locks\partitioned_lock_manager.cc:243] All locks acquired for StartInstallationTask@chrome\browser\web_applications\externally_managed_app_manager.cc:411
[15884:19008:0702/132103.831:VERBOSE1:chrome\browser\web_applications\locks\partitioned_lock_manager.cc:286] Releasing <PartitionedLockId>{id: 0x31, partition: 0} requested by MaybeStartNext@chrome\browser\web_applications\externally_managed_app_manager.cc:271
[21912:21412:0702/132103.842:INFO:third_party\webrtc\rtc_base\cpu_info.cc:77] Available number of cores: 8
[21912:21412:0702/132103.900:VERBOSE1:extensions\renderer\script_context.cc:150] Created context:
  extension id:           (none)
  frame:                  0x5fb402030d50
  URL:                    
  context_type:           WEB_PAGE
  effective extension id: (none)
  effective context type: WEB_PAGE
[21912:21412:0702/132103.902:VERBOSE1:extensions\renderer\script_context.cc:150] Created context:
  extension id:           (none)
  frame:                  (nil)
  URL:                    
  context_type:           UNSPECIFIED
  effective extension id: (none)
  effective context type: UNSPECIFIED
[21912:21412:0702/132103.902:VERBOSE1:extensions\renderer\dispatcher.cc:493] Num tracked contexts: 1
[24020:6612:0702/132103.902:INFO:third_party\webrtc\rtc_base\cpu_info.cc:77] Available number of cores: 8
[15884:19008:0702/132103.908:VERBOSE1:chrome\browser\web_applications\locks\partitioned_lock_manager.cc:262] Acquiring <PartitionedLockId>{id: 0x31, partition: 0} for InstallFromInfo@chrome\browser\web_applications\commands\external_app_resolution_command.cc:741
[15884:19008:0702/132103.908:VERBOSE1:chrome\browser\web_applications\locks\partitioned_lock_manager.cc:262] Acquiring <PartitionedLockId>{id: 0x61676862696168627061696a69676e6365696465706f6f6b6c6a65626866616b, partition: 1} for InstallFromInfo@chrome\browser\web_applications\commands\external_app_resolution_command.cc:741
[15884:19008:0702/132103.908:VERBOSE1:chrome\browser\web_applications\locks\partitioned_lock_manager.cc:243] All locks acquired for InstallFromInfo@chrome\browser\web_applications\commands\external_app_resolution_command.cc:741
[15884:19008:0702/132103.949:VERBOSE1:chrome\browser\profiles\profile_manager.cc:1408] AddKeepAlive(Default, kWebAppUpdate). keep_alives=[kBrowserWindow (1), kWebAppUpdate (1), kRemoteDebugging (1)]
[15884:19008:0702/132103.949:VERBOSE1:chrome\browser\web_applications\locks\partitioned_lock_manager.cc:286] Releasing <PartitionedLockId>{id: 0x61676862696168627061696a69676e6365696465706f6f6b6c6a65626866616b, partition: 1} requested by InstallFromInfo@chrome\browser\web_applications\commands\external_app_resolution_command.cc:741
[15884:19008:0702/132103.949:VERBOSE1:chrome\browser\web_applications\locks\partitioned_lock_manager.cc:286] Releasing <PartitionedLockId>{id: 0x31, partition: 0} requested by InstallFromInfo@chrome\browser\web_applications\commands\external_app_resolution_command.cc:741
[15884:19008:0702/132103.949:VERBOSE1:chrome\browser\web_applications\locks\partitioned_lock_manager.cc:286] Releasing <PartitionedLockId>{id: 0x30, partition: 0} requested by StartInstallationTask@chrome\browser\web_applications\externally_managed_app_manager.cc:411
[15884:19008:0702/132103.949:VERBOSE1:chrome\browser\profiles\profile_manager.cc:1469] RemoveKeepAlive(Default, kWebAppUpdate). keep_alives=[kBrowserWindow (1), kRemoteDebugging (1)]
[15884:19008:0702/132103.950:VERBOSE1:chrome\browser\web_applications\locks\partitioned_lock_manager.cc:262] Acquiring <PartitionedLockId>{id: 0x31, partition: 0} for MaybeStartNext@chrome\browser\web_applications\externally_managed_app_manager.cc:271
[15884:19008:0702/132103.950:VERBOSE1:chrome\browser\web_applications\locks\partitioned_lock_manager.cc:243] All locks acquired for MaybeStartNext@chrome\browser\web_applications\externally_managed_app_manager.cc:271
[15884:19008:0702/132103.950:VERBOSE1:chrome\browser\web_applications\locks\partitioned_lock_manager.cc:262] Acquiring <PartitionedLockId>{id: 0x30, partition: 0} for StartInstallationTask@chrome\browser\web_applications\externally_managed_app_manager.cc:411
[15884:19008:0702/132103.950:VERBOSE1:chrome\browser\web_applications\locks\partitioned_lock_manager.cc:243] All locks acquired for StartInstallationTask@chrome\browser\web_applications\externally_managed_app_manager.cc:411
[15884:19008:0702/132103.950:VERBOSE1:chrome\browser\web_applications\locks\partitioned_lock_manager.cc:286] Releasing <PartitionedLockId>{id: 0x31, partition: 0} requested by MaybeStartNext@chrome\browser\web_applications\externally_managed_app_manager.cc:271
[24020:6612:0702/132103.973:VERBOSE1:extensions\renderer\script_context.cc:150] Created context:
  extension id:           (none)
  frame:                  0x4d1402030d50
  URL:                    
  context_type:           WEB_PAGE
  effective extension id: (none)
  effective context type: WEB_PAGE
[24020:6612:0702/132103.975:VERBOSE1:extensions\renderer\script_context.cc:150] Created context:
  extension id:           (none)
  frame:                  (nil)
  URL:                    
  context_type:           UNSPECIFIED
  effective extension id: (none)
  effective context type: UNSPECIFIED
[24020:6612:0702/132103.975:VERBOSE1:extensions\renderer\dispatcher.cc:493] Num tracked contexts: 1
[15884:19008:0702/132103.977:VERBOSE1:chrome\browser\web_applications\locks\partitioned_lock_manager.cc:262] Acquiring <PartitionedLockId>{id: 0x31, partition: 0} for InstallFromInfo@chrome\browser\web_applications\commands\external_app_resolution_command.cc:741
[15884:19008:0702/132103.977:VERBOSE1:chrome\browser\web_applications\locks\partitioned_lock_manager.cc:262] Acquiring <PartitionedLockId>{id: 0x6668696870696f6a6b626d6270646a656f616a61706d676b686c6e616b666a66, partition: 1} for InstallFromInfo@chrome\browser\web_applications\commands\external_app_resolution_command.cc:741
[15884:19008:0702/132103.977:VERBOSE1:chrome\browser\web_applications\locks\partitioned_lock_manager.cc:243] All locks acquired for InstallFromInfo@chrome\browser\web_applications\commands\external_app_resolution_command.cc:741
[20876:18352:0702/132104.000:INFO:third_party\webrtc\rtc_base\cpu_info.cc:77] Available number of cores: 8
[15884:19008:0702/132104.007:VERBOSE1:chrome\browser\profiles\profile_manager.cc:1408] AddKeepAlive(Default, kWebAppUpdate). keep_alives=[kBrowserWindow (1), kWebAppUpdate (1), kRemoteDebugging (1)]
[15884:19008:0702/132104.007:VERBOSE1:chrome\browser\web_applications\locks\partitioned_lock_manager.cc:286] Releasing <PartitionedLockId>{id: 0x6668696870696f6a6b626d6270646a656f616a61706d676b686c6e616b666a66, partition: 1} requested by InstallFromInfo@chrome\browser\web_applications\commands\external_app_resolution_command.cc:741
[15884:19008:0702/132104.007:VERBOSE1:chrome\browser\web_applications\locks\partitioned_lock_manager.cc:286] Releasing <PartitionedLockId>{id: 0x31, partition: 0} requested by InstallFromInfo@chrome\browser\web_applications\commands\external_app_resolution_command.cc:741
[15884:19008:0702/132104.007:VERBOSE1:chrome\browser\web_applications\locks\partitioned_lock_manager.cc:286] Releasing <PartitionedLockId>{id: 0x30, partition: 0} requested by StartInstallationTask@chrome\browser\web_applications\externally_managed_app_manager.cc:411
[15884:19008:0702/132104.007:VERBOSE1:chrome\browser\profiles\profile_manager.cc:1469] RemoveKeepAlive(Default, kWebAppUpdate). keep_alives=[kBrowserWindow (1), kRemoteDebugging (1)]
[15884:19008:0702/132104.007:VERBOSE1:chrome\browser\web_applications\locks\partitioned_lock_manager.cc:262] Acquiring <PartitionedLockId>{id: 0x31, partition: 0} for MaybeStartNext@chrome\browser\web_applications\externally_managed_app_manager.cc:271
[15884:19008:0702/132104.007:VERBOSE1:chrome\browser\web_applications\locks\partitioned_lock_manager.cc:243] All locks acquired for MaybeStartNext@chrome\browser\web_applications\externally_managed_app_manager.cc:271
[15884:19008:0702/132104.007:VERBOSE1:chrome\browser\web_applications\locks\partitioned_lock_manager.cc:262] Acquiring <PartitionedLockId>{id: 0x30, partition: 0} for StartInstallationTask@chrome\browser\web_applications\externally_managed_app_manager.cc:411
[15884:19008:0702/132104.007:VERBOSE1:chrome\browser\web_applications\locks\partitioned_lock_manager.cc:243] All locks acquired for StartInstallationTask@chrome\browser\web_applications\externally_managed_app_manager.cc:411
[15884:19008:0702/132104.007:VERBOSE1:chrome\browser\web_applications\locks\partitioned_lock_manager.cc:286] Releasing <PartitionedLockId>{id: 0x31, partition: 0} requested by MaybeStartNext@chrome\browser\web_applications\externally_managed_app_manager.cc:271
[20876:18352:0702/132104.057:VERBOSE1:extensions\renderer\script_context.cc:150] Created context:
  extension id:           (none)
  frame:                  0x6a5c02030d50
  URL:                    
  context_type:           WEB_PAGE
  effective extension id: (none)
  effective context type: WEB_PAGE
[11100:22412:0702/132104.057:INFO:third_party\webrtc\rtc_base\cpu_info.cc:77] Available number of cores: 8
[20876:18352:0702/132104.057:VERBOSE1:extensions\renderer\script_context.cc:150] Created context:
  extension id:           (none)
  frame:                  (nil)
  URL:                    
  context_type:           UNSPECIFIED
  effective extension id: (none)
  effective context type: UNSPECIFIED
[20876:18352:0702/132104.063:VERBOSE1:extensions\renderer\dispatcher.cc:493] Num tracked contexts: 1
[15884:19008:0702/132104.068:VERBOSE1:chrome\browser\web_applications\locks\partitioned_lock_manager.cc:262] Acquiring <PartitionedLockId>{id: 0x31, partition: 0} for InstallFromInfo@chrome\browser\web_applications\commands\external_app_resolution_command.cc:741
[15884:19008:0702/132104.068:VERBOSE1:chrome\browser\web_applications\locks\partitioned_lock_manager.cc:262] Acquiring <PartitionedLockId>{id: 0x6b65666a6c65646f6e6b6c696a6f706d6e6f6d6c6362706c6c63686169626167, partition: 1} for InstallFromInfo@chrome\browser\web_applications\commands\external_app_resolution_command.cc:741
[15884:19008:0702/132104.069:VERBOSE1:chrome\browser\web_applications\locks\partitioned_lock_manager.cc:243] All locks acquired for InstallFromInfo@chrome\browser\web_applications\commands\external_app_resolution_command.cc:741
[15884:19008:0702/132104.135:VERBOSE1:chrome\browser\profiles\profile_manager.cc:1408] AddKeepAlive(Default, kWebAppUpdate). keep_alives=[kBrowserWindow (1), kWebAppUpdate (1), kRemoteDebugging (1)]
[15884:19008:0702/132104.135:VERBOSE1:chrome\browser\web_applications\locks\partitioned_lock_manager.cc:286] Releasing <PartitionedLockId>{id: 0x6b65666a6c65646f6e6b6c696a6f706d6e6f6d6c6362706c6c63686169626167, partition: 1} requested by InstallFromInfo@chrome\browser\web_applications\commands\external_app_resolution_command.cc:741
[15884:19008:0702/132104.135:VERBOSE1:chrome\browser\web_applications\locks\partitioned_lock_manager.cc:286] Releasing <PartitionedLockId>{id: 0x31, partition: 0} requested by InstallFromInfo@chrome\browser\web_applications\commands\external_app_resolution_command.cc:741
[15884:19008:0702/132104.135:VERBOSE1:chrome\browser\web_applications\locks\partitioned_lock_manager.cc:286] Releasing <PartitionedLockId>{id: 0x30, partition: 0} requested by StartInstallationTask@chrome\browser\web_applications\externally_managed_app_manager.cc:411
[15884:19008:0702/132104.135:VERBOSE1:chrome\browser\profiles\profile_manager.cc:1469] RemoveKeepAlive(Default, kWebAppUpdate). keep_alives=[kBrowserWindow (1), kRemoteDebugging (1)]
[15884:19008:0702/132104.138:VERBOSE1:chrome\browser\web_applications\locks\partitioned_lock_manager.cc:262] Acquiring <PartitionedLockId>{id: 0x31, partition: 0} for MaybeStartNext@chrome\browser\web_applications\externally_managed_app_manager.cc:271
[15884:19008:0702/132104.138:VERBOSE1:chrome\browser\web_applications\locks\partitioned_lock_manager.cc:243] All locks acquired for MaybeStartNext@chrome\browser\web_applications\externally_managed_app_manager.cc:271
[15884:19008:0702/132104.139:VERBOSE1:chrome\browser\web_applications\locks\partitioned_lock_manager.cc:262] Acquiring <PartitionedLockId>{id: 0x30, partition: 0} for StartInstallationTask@chrome\browser\web_applications\externally_managed_app_manager.cc:411
[15884:19008:0702/132104.139:VERBOSE1:chrome\browser\web_applications\locks\partitioned_lock_manager.cc:243] All locks acquired for StartInstallationTask@chrome\browser\web_applications\externally_managed_app_manager.cc:411
[15884:19008:0702/132104.139:VERBOSE1:chrome\browser\web_applications\locks\partitioned_lock_manager.cc:286] Releasing <PartitionedLockId>{id: 0x31, partition: 0} requested by MaybeStartNext@chrome\browser\web_applications\externally_managed_app_manager.cc:271
[11100:22412:0702/132104.165:VERBOSE1:extensions\renderer\script_context.cc:150] Created context:
  extension id:           (none)
  frame:                  0x441402030d50
  URL:                    
  context_type:           WEB_PAGE
  effective extension id: (none)
  effective context type: WEB_PAGE
[11100:22412:0702/132104.168:VERBOSE1:extensions\renderer\script_context.cc:150] Created context:
  extension id:           (none)
  frame:                  (nil)
  URL:                    
  context_type:           UNSPECIFIED
  effective extension id: (none)
  effective context type: UNSPECIFIED
[11100:22412:0702/132104.168:VERBOSE1:extensions\renderer\dispatcher.cc:493] Num tracked contexts: 1
[15884:19008:0702/132104.175:VERBOSE1:chrome\browser\web_applications\locks\partitioned_lock_manager.cc:262] Acquiring <PartitionedLockId>{id: 0x31, partition: 0} for InstallFromInfo@chrome\browser\web_applications\commands\external_app_resolution_command.cc:741
[15884:19008:0702/132104.175:VERBOSE1:chrome\browser\web_applications\locks\partitioned_lock_manager.cc:262] Acquiring <PartitionedLockId>{id: 0x6167696d6e6b696a636161686e6763646d6665616e67616b6e6d6c646f6f6d6c, partition: 1} for InstallFromInfo@chrome\browser\web_applications\commands\external_app_resolution_command.cc:741
[15884:19008:0702/132104.175:VERBOSE1:chrome\browser\web_applications\locks\partitioned_lock_manager.cc:243] All locks acquired for InstallFromInfo@chrome\browser\web_applications\commands\external_app_resolution_command.cc:741
[1760:22820:0702/132104.194:INFO:third_party\webrtc\rtc_base\cpu_info.cc:77] Available number of cores: 8
[15884:19008:0702/132104.233:VERBOSE1:chrome\browser\profiles\profile_manager.cc:1408] AddKeepAlive(Default, kWebAppUpdate). keep_alives=[kBrowserWindow (1), kWebAppUpdate (1), kRemoteDebugging (1)]
[15884:19008:0702/132104.233:VERBOSE1:chrome\browser\web_applications\locks\partitioned_lock_manager.cc:286] Releasing <PartitionedLockId>{id: 0x6167696d6e6b696a636161686e6763646d6665616e67616b6e6d6c646f6f6d6c, partition: 1} requested by InstallFromInfo@chrome\browser\web_applications\commands\external_app_resolution_command.cc:741
[15884:19008:0702/132104.233:VERBOSE1:chrome\browser\web_applications\locks\partitioned_lock_manager.cc:286] Releasing <PartitionedLockId>{id: 0x31, partition: 0} requested by InstallFromInfo@chrome\browser\web_applications\commands\external_app_resolution_command.cc:741
[15884:19008:0702/132104.233:VERBOSE1:chrome\browser\web_applications\locks\partitioned_lock_manager.cc:286] Releasing <PartitionedLockId>{id: 0x30, partition: 0} requested by StartInstallationTask@chrome\browser\web_applications\externally_managed_app_manager.cc:411
[15884:19008:0702/132104.233:VERBOSE1:chrome\browser\profiles\profile_manager.cc:1469] RemoveKeepAlive(Default, kWebAppUpdate). keep_alives=[kBrowserWindow (1), kRemoteDebugging (1)]
[15884:19008:0702/132104.236:VERBOSE1:chrome\browser\web_applications\locks\partitioned_lock_manager.cc:262] Acquiring <PartitionedLockId>{id: 0x31, partition: 0} for MaybeStartNext@chrome\browser\web_applications\externally_managed_app_manager.cc:271
[15884:19008:0702/132104.236:VERBOSE1:chrome\browser\web_applications\locks\partitioned_lock_manager.cc:243] All locks acquired for MaybeStartNext@chrome\browser\web_applications\externally_managed_app_manager.cc:271
[15884:19008:0702/132104.236:VERBOSE1:chrome\browser\web_applications\locks\partitioned_lock_manager.cc:262] Acquiring <PartitionedLockId>{id: 0x30, partition: 0} for StartInstallationTask@chrome\browser\web_applications\externally_managed_app_manager.cc:411
[15884:19008:0702/132104.236:VERBOSE1:chrome\browser\web_applications\locks\partitioned_lock_manager.cc:243] All locks acquired for StartInstallationTask@chrome\browser\web_applications\externally_managed_app_manager.cc:411
[15884:19008:0702/132104.236:VERBOSE1:chrome\browser\web_applications\locks\partitioned_lock_manager.cc:286] Releasing <PartitionedLockId>{id: 0x31, partition: 0} requested by MaybeStartNext@chrome\browser\web_applications\externally_managed_app_manager.cc:271
[1760:22820:0702/132104.267:VERBOSE1:extensions\renderer\script_context.cc:150] Created context:
  extension id:           (none)
  frame:                  0x523402030d50
  URL:                    
  context_type:           WEB_PAGE
  effective extension id: (none)
  effective context type: WEB_PAGE
[1760:22820:0702/132104.267:VERBOSE1:extensions\renderer\script_context.cc:150] Created context:
  extension id:           (none)
  frame:                  (nil)
  URL:                    
  context_type:           UNSPECIFIED
  effective extension id: (none)
  effective context type: UNSPECIFIED
[1760:22820:0702/132104.267:VERBOSE1:extensions\renderer\dispatcher.cc:493] Num tracked contexts: 1
[15884:19008:0702/132104.274:VERBOSE1:chrome\browser\web_applications\locks\partitioned_lock_manager.cc:262] Acquiring <PartitionedLockId>{id: 0x31, partition: 0} for InstallFromInfo@chrome\browser\web_applications\commands\external_app_resolution_command.cc:741
[15884:19008:0702/132104.274:VERBOSE1:chrome\browser\web_applications\locks\partitioned_lock_manager.cc:262] Acquiring <PartitionedLockId>{id: 0x706f6d6d61636c6362666768636c68616c626f616b636970636d6d6e6468636a, partition: 1} for InstallFromInfo@chrome\browser\web_applications\commands\external_app_resolution_command.cc:741
[15884:19008:0702/132104.274:VERBOSE1:chrome\browser\web_applications\locks\partitioned_lock_manager.cc:243] All locks acquired for InstallFromInfo@chrome\browser\web_applications\commands\external_app_resolution_command.cc:741
[24068:24044:0702/132104.295:INFO:third_party\webrtc\rtc_base\cpu_info.cc:77] Available number of cores: 8
[15884:19008:0702/132104.301:VERBOSE1:chrome\browser\profiles\profile_manager.cc:1408] AddKeepAlive(Default, kWebAppUpdate). keep_alives=[kBrowserWindow (1), kWebAppUpdate (1), kRemoteDebugging (1)]
[15884:19008:0702/132104.306:VERBOSE1:chrome\browser\web_applications\locks\partitioned_lock_manager.cc:286] Releasing <PartitionedLockId>{id: 0x706f6d6d61636c6362666768636c68616c626f616b636970636d6d6e6468636a, partition: 1} requested by InstallFromInfo@chrome\browser\web_applications\commands\external_app_resolution_command.cc:741
[15884:19008:0702/132104.306:VERBOSE1:chrome\browser\web_applications\locks\partitioned_lock_manager.cc:286] Releasing <PartitionedLockId>{id: 0x31, partition: 0} requested by InstallFromInfo@chrome\browser\web_applications\commands\external_app_resolution_command.cc:741
[15884:19008:0702/132104.306:VERBOSE1:chrome\browser\web_applications\locks\partitioned_lock_manager.cc:286] Releasing <PartitionedLockId>{id: 0x30, partition: 0} requested by StartInstallationTask@chrome\browser\web_applications\externally_managed_app_manager.cc:411
[15884:19008:0702/132104.306:VERBOSE1:chrome\browser\web_applications\locks\partitioned_lock_manager.cc:262] Acquiring <PartitionedLockId>{id: 0x31, partition: 0} for ContinueSynchronization@chrome\browser\web_applications\externally_managed_app_manager.cc:736
[15884:19008:0702/132104.306:VERBOSE1:chrome\browser\web_applications\locks\partitioned_lock_manager.cc:243] All locks acquired for ContinueSynchronization@chrome\browser\web_applications\externally_managed_app_manager.cc:736
[15884:19008:0702/132104.306:VERBOSE1:chrome\browser\profiles\profile_manager.cc:1469] RemoveKeepAlive(Default, kWebAppUpdate). keep_alives=[kBrowserWindow (1), kRemoteDebugging (1)]
[15884:19008:0702/132104.308:VERBOSE1:chrome\browser\web_applications\locks\partitioned_lock_manager.cc:286] Releasing <PartitionedLockId>{id: 0x31, partition: 0} requested by ContinueSynchronization@chrome\browser\web_applications\externally_managed_app_manager.cc:736
[15884:19008:0702/132104.308:VERBOSE1:chrome\browser\web_applications\locks\partitioned_lock_manager.cc:318] Acquiring <PartitionedLockId>{id: 0x31, partition: 0} for MaybeStartNext@chrome\browser\web_applications\externally_managed_app_manager.cc:271
[15884:19008:0702/132104.308:VERBOSE1:chrome\browser\web_applications\locks\partitioned_lock_manager.cc:243] All locks acquired for MaybeStartNext@chrome\browser\web_applications\externally_managed_app_manager.cc:271
[15884:19008:0702/132104.309:VERBOSE1:chrome\browser\web_applications\locks\partitioned_lock_manager.cc:286] Releasing <PartitionedLockId>{id: 0x31, partition: 0} requested by MaybeStartNext@chrome\browser\web_applications\externally_managed_app_manager.cc:271
[5764:19836:0702/132104.495:VERBOSE1:net\base\network_delegate.cc:38] NetworkDelegate::NotifyBeforeURLRequest: https://android.clients.google.com/c2dm/register3
[5764:19836:0702/132104.495:VERBOSE1:net\base\network_delegate.cc:38] NetworkDelegate::NotifyBeforeURLRequest: https://android.clients.google.com/c2dm/register3
[5764:19836:0702/132104.496:VERBOSE1:net\base\network_delegate.cc:38] NetworkDelegate::NotifyBeforeURLRequest: https://android.clients.google.com/c2dm/register3
[5764:19836:0702/132104.496:VERBOSE1:net\third_party\quiche\src\quiche\quic\core\tls_handshaker.cc:109] TlsClient: Continuing handshake
[5764:19836:0702/132104.560:VERBOSE1:net\third_party\quiche\src\quiche\quic\core\tls_handshaker.cc:109] TlsClient: Continuing handshake
[5764:19836:0702/132104.568:VERBOSE1:net\third_party\quiche\src\quiche\quic\core\tls_handshaker.cc:109] TlsClient: Continuing handshake
[5764:19836:0702/132104.682:VERBOSE1:net\third_party\quiche\src\quiche\quic\core\tls_handshaker.cc:109] TlsClient: Continuing handshake
[5764:19836:0702/132104.682:VERBOSE1:net\third_party\quiche\src\quiche\quic\core\tls_handshaker.cc:109] TlsClient: Continuing handshake
[5764:19836:0702/132104.682:VERBOSE1:net\third_party\quiche\src\quiche\quic\core\tls_handshaker.cc:109] TlsClient: Continuing handshake
[5764:19836:0702/132104.685:VERBOSE1:net\third_party\quiche\src\quiche\quic\core\tls_handshaker.cc:109] TlsClient: Continuing handshake
[15884:18888:0702/132104.717:ERROR:google_apis\gcm\engine\registration_request.cc:291] Registration response error message: PHONE_REGISTRATION_ERROR
[15884:18888:0702/132104.717:VERBOSE1:google_apis\gcm\engine\registration_request.cc:256] Delaying GCM registration of app: com.google.chrome.fcm.invalidations-585406161706, for 25151 milliseconds.
[15884:18888:0702/132104.717:ERROR:google_apis\gcm\engine\registration_request.cc:291] Registration response error message: PHONE_REGISTRATION_ERROR
[15884:18888:0702/132104.717:VERBOSE1:google_apis\gcm\engine\registration_request.cc:256] Delaying GCM registration of app: com.google.chrome.fcm.invalidations-245350905893, for 22758 milliseconds.
[15884:18888:0702/132104.724:ERROR:google_apis\gcm\engine\registration_request.cc:291] Registration response error message: PHONE_REGISTRATION_ERROR
[15884:18888:0702/132104.724:VERBOSE1:google_apis\gcm\engine\registration_request.cc:256] Delaying GCM registration of app: com.google.android.gms, for 28216 milliseconds.
[15884:19008:0702/132105.643:VERBOSE1:components\segmentation_platform\internal\selection\segment_result_provider.cc:226] GetCachedModelScore: segment=OPTIMIZATION_TARGET_SEGMENTATION_CHROME_LOW_USER_ENGAGEMENT does not have a segment info.
[15884:19008:0702/132105.643:VERBOSE1:components\segmentation_platform\internal\selection\segment_result_provider.cc:172] OnGotModelScore: segment=OPTIMIZATION_TARGET_SEGMENTATION_CHROME_LOW_USER_ENGAGEMENT failed to get score from database, executing server model.
[15884:19008:0702/132105.643:VERBOSE1:components\segmentation_platform\internal\selection\segment_result_provider.cc:277] ExecuteModelAndGetScore: segment=OPTIMIZATION_TARGET_SEGMENTATION_CHROME_LOW_USER_ENGAGEMENT server segment info not available
[15884:19008:0702/132105.643:VERBOSE1:components\segmentation_platform\internal\selection\segment_result_provider.cc:201] OnGotModelScore: segment=OPTIMIZATION_TARGET_SEGMENTATION_CHROME_LOW_USER_ENGAGEMENT failed to get score from executing server model, getting score from default model from db.
[15884:19008:0702/132105.643:VERBOSE1:components\segmentation_platform\internal\selection\segment_result_provider.cc:240] GetCachedModelScore: segment=OPTIMIZATION_TARGET_SEGMENTATION_CHROME_LOW_USER_ENGAGEMENT has expired or unavailable result.
[15884:19008:0702/132105.643:VERBOSE1:components\segmentation_platform\internal\selection\segment_result_provider.cc:210] OnGotModelScore: segment=OPTIMIZATION_TARGET_SEGMENTATION_CHROME_LOW_USER_ENGAGEMENT failed to get database model score, trying default model.
[15884:19008:0702/132105.643:VERBOSE1:components\segmentation_platform\internal\selection\segment_result_provider.cc:295] ExecuteModelAndGetScore: segment=OPTIMIZATION_TARGET_SEGMENTATION_CHROME_LOW_USER_ENGAGEMENT signal collection not met
[15884:19008:0702/132105.643:VERBOSE1:components\segmentation_platform\internal\selection\segment_result_provider.cc:226] GetCachedModelScore: segment=OPTIMIZATION_TARGET_SEGMENTATION_SEARCH_USER does not have a segment info.
[15884:19008:0702/132105.643:VERBOSE1:components\segmentation_platform\internal\selection\segment_result_provider.cc:172] OnGotModelScore: segment=OPTIMIZATION_TARGET_SEGMENTATION_SEARCH_USER failed to get score from database, executing server model.
[15884:19008:0702/132105.643:VERBOSE1:components\segmentation_platform\internal\selection\segment_result_provider.cc:277] ExecuteModelAndGetScore: segment=OPTIMIZATION_TARGET_SEGMENTATION_SEARCH_USER server segment info not available
[15884:19008:0702/132105.643:VERBOSE1:components\segmentation_platform\internal\selection\segment_result_provider.cc:201] OnGotModelScore: segment=OPTIMIZATION_TARGET_SEGMENTATION_SEARCH_USER failed to get score from executing server model, getting score from default model from db.
[15884:19008:0702/132105.643:VERBOSE1:components\segmentation_platform\internal\selection\segment_result_provider.cc:240] GetCachedModelScore: segment=OPTIMIZATION_TARGET_SEGMENTATION_SEARCH_USER has expired or unavailable result.
[15884:19008:0702/132105.643:VERBOSE1:components\segmentation_platform\internal\selection\segment_result_provider.cc:210] OnGotModelScore: segment=OPTIMIZATION_TARGET_SEGMENTATION_SEARCH_USER failed to get database model score, trying default model.
[15884:19008:0702/132105.643:VERBOSE1:components\segmentation_platform\internal\selection\segment_result_provider.cc:295] ExecuteModelAndGetScore: segment=OPTIMIZATION_TARGET_SEGMENTATION_SEARCH_USER signal collection not met
[15884:19008:0702/132105.643:VERBOSE1:components\segmentation_platform\internal\selection\segment_result_provider.cc:226] GetCachedModelScore: segment=OPTIMIZATION_TARGET_SEGMENTATION_SHOPPING_USER does not have a segment info.
[15884:19008:0702/132105.643:VERBOSE1:components\segmentation_platform\internal\selection\segment_result_provider.cc:172] OnGotModelScore: segment=OPTIMIZATION_TARGET_SEGMENTATION_SHOPPING_USER failed to get score from database, executing server model.
[15884:19008:0702/132105.643:VERBOSE1:components\segmentation_platform\internal\selection\segment_result_provider.cc:277] ExecuteModelAndGetScore: segment=OPTIMIZATION_TARGET_SEGMENTATION_SHOPPING_USER server segment info not available
[15884:19008:0702/132105.643:VERBOSE1:components\segmentation_platform\internal\selection\segment_result_provider.cc:201] OnGotModelScore: segment=OPTIMIZATION_TARGET_SEGMENTATION_SHOPPING_USER failed to get score from executing server model, getting score from default model from db.
[15884:19008:0702/132105.643:VERBOSE1:components\segmentation_platform\internal\selection\segment_result_provider.cc:240] GetCachedModelScore: segment=OPTIMIZATION_TARGET_SEGMENTATION_SHOPPING_USER has expired or unavailable result.
[15884:19008:0702/132105.643:VERBOSE1:components\segmentation_platform\internal\selection\segment_result_provider.cc:210] OnGotModelScore: segment=OPTIMIZATION_TARGET_SEGMENTATION_SHOPPING_USER failed to get database model score, trying default model.
[15884:19008:0702/132105.643:VERBOSE1:components\segmentation_platform\internal\selection\segment_result_provider.cc:226] GetCachedModelScore: segment=CROSS_DEVICE_USER_SEGMENT does not have a segment info.
[15884:19008:0702/132105.643:VERBOSE1:components\segmentation_platform\internal\selection\segment_result_provider.cc:172] OnGotModelScore: segment=CROSS_DEVICE_USER_SEGMENT failed to get score from database, executing server model.
[15884:19008:0702/132105.643:VERBOSE1:components\segmentation_platform\internal\selection\segment_result_provider.cc:277] ExecuteModelAndGetScore: segment=CROSS_DEVICE_USER_SEGMENT server segment info not available
[15884:19008:0702/132105.643:VERBOSE1:components\segmentation_platform\internal\selection\segment_result_provider.cc:201] OnGotModelScore: segment=CROSS_DEVICE_USER_SEGMENT failed to get score from executing server model, getting score from default model from db.
[15884:19008:0702/132105.643:VERBOSE1:components\segmentation_platform\internal\selection\segment_result_provider.cc:240] GetCachedModelScore: segment=CROSS_DEVICE_USER_SEGMENT has expired or unavailable result.
[15884:19008:0702/132105.643:VERBOSE1:components\segmentation_platform\internal\selection\segment_result_provider.cc:210] OnGotModelScore: segment=CROSS_DEVICE_USER_SEGMENT failed to get database model score, trying default model.
[15884:19008:0702/132105.643:VERBOSE1:components\segmentation_platform\internal\selection\segment_result_provider.cc:295] ExecuteModelAndGetScore: segment=CROSS_DEVICE_USER_SEGMENT signal collection not met
[15884:19008:0702/132105.643:VERBOSE1:components\segmentation_platform\internal\selection\segment_result_provider.cc:226] GetCachedModelScore: segment=RESUME_HEAVY_USER_SEGMENT does not have a segment info.
[15884:19008:0702/132105.643:VERBOSE1:components\segmentation_platform\internal\selection\segment_result_provider.cc:172] OnGotModelScore: segment=RESUME_HEAVY_USER_SEGMENT failed to get score from database, executing server model.
[15884:19008:0702/132105.643:VERBOSE1:components\segmentation_platform\internal\selection\segment_result_provider.cc:277] ExecuteModelAndGetScore: segment=RESUME_HEAVY_USER_SEGMENT server segment info not available
[15884:19008:0702/132105.643:VERBOSE1:components\segmentation_platform\internal\selection\segment_result_provider.cc:201] OnGotModelScore: segment=RESUME_HEAVY_USER_SEGMENT failed to get score from executing server model, getting score from default model from db.
[15884:19008:0702/132105.643:VERBOSE1:components\segmentation_platform\internal\selection\segment_result_provider.cc:240] GetCachedModelScore: segment=RESUME_HEAVY_USER_SEGMENT has expired or unavailable result.
[15884:19008:0702/132105.643:VERBOSE1:components\segmentation_platform\internal\selection\segment_result_provider.cc:210] OnGotModelScore: segment=RESUME_HEAVY_USER_SEGMENT failed to get database model score, trying default model.
[15884:19008:0702/132105.643:VERBOSE1:components\segmentation_platform\internal\selection\segment_result_provider.cc:295] ExecuteModelAndGetScore: segment=RESUME_HEAVY_USER_SEGMENT signal collection not met
[15884:19008:0702/132105.643:VERBOSE1:components\segmentation_platform\internal\selection\segment_result_provider.cc:226] GetCachedModelScore: segment=PASSWORD_MANAGER_USER does not have a segment info.
[15884:19008:0702/132105.643:VERBOSE1:components\segmentation_platform\internal\selection\segment_result_provider.cc:172] OnGotModelScore: segment=PASSWORD_MANAGER_USER failed to get score from database, executing server model.
[15884:19008:0702/132105.643:VERBOSE1:components\segmentation_platform\internal\selection\segment_result_provider.cc:277] ExecuteModelAndGetScore: segment=PASSWORD_MANAGER_USER server segment info not available
[15884:19008:0702/132105.643:VERBOSE1:components\segmentation_platform\internal\selection\segment_result_provider.cc:201] OnGotModelScore: segment=PASSWORD_MANAGER_USER failed to get score from executing server model, getting score from default model from db.
[15884:19008:0702/132105.643:VERBOSE1:components\segmentation_platform\internal\selection\segment_result_provider.cc:240] GetCachedModelScore: segment=PASSWORD_MANAGER_USER has expired or unavailable result.
[15884:25548:0702/132105.643:VERBOSE1:components\segmentation_platform\internal\database\ukm_database_backend.cc:352] Output from SQL query SELECT IFNULL(COUNT(metric_value),0)FROM uma_metrics WHERE metric_hash='1A94D82447638877' AND profile_id=? AND type=? AND metric_value IN(1)AND event_timestamp BETWEEN ? AND ? Bind values: 0:2832676271 1:2 2:2026-06-25 08:21:05.644171 UTC 3:2026-07-02 08:21:05.644171 UTC  Result: 0.000000,
[15884:19008:0702/132105.643:VERBOSE1:components\segmentation_platform\internal\selection\segment_result_provider.cc:210] OnGotModelScore: segment=PASSWORD_MANAGER_USER failed to get database model score, trying default model.
[15884:19008:0702/132105.643:VERBOSE1:components\segmentation_platform\internal\selection\segment_result_provider.cc:295] ExecuteModelAndGetScore: segment=PASSWORD_MANAGER_USER signal collection not met
[15884:19008:0702/132105.643:VERBOSE1:components\segmentation_platform\internal\selection\segment_result_provider.cc:226] GetCachedModelScore: segment=CHROME_USER_ENGAGEMENT does not have a segment info.
[15884:19008:0702/132105.643:VERBOSE1:components\segmentation_platform\internal\selection\segment_result_provider.cc:172] OnGotModelScore: segment=CHROME_USER_ENGAGEMENT failed to get score from database, executing server model.
[15884:25548:0702/132105.643:VERBOSE1:components\segmentation_platform\internal\database\ukm_database_backend.cc:352] Output from SQL query SELECT IFNULL(COUNT(metric_value),0)FROM uma_metrics WHERE metric_hash='8A5076C9026398BD' AND profile_id=? AND type=? AND event_timestamp BETWEEN ? AND ? Bind values: 0:2832676271 1:1 2:2026-06-25 08:21:05.644171 UTC 3:2026-07-02 08:21:05.644171 UTC  Result: 0.000000,
[15884:19008:0702/132105.643:VERBOSE1:components\segmentation_platform\internal\selection\segment_result_provider.cc:277] ExecuteModelAndGetScore: segment=CHROME_USER_ENGAGEMENT server segment info not available
[15884:19008:0702/132105.643:VERBOSE1:components\segmentation_platform\internal\selection\segment_result_provider.cc:201] OnGotModelScore: segment=CHROME_USER_ENGAGEMENT failed to get score from executing server model, getting score from default model from db.
[15884:19008:0702/132105.643:VERBOSE1:components\segmentation_platform\internal\selection\segment_result_provider.cc:240] GetCachedModelScore: segment=CHROME_USER_ENGAGEMENT has expired or unavailable result.
[15884:19008:0702/132105.643:VERBOSE1:components\segmentation_platform\internal\selection\segment_result_provider.cc:210] OnGotModelScore: segment=CHROME_USER_ENGAGEMENT failed to get database model score, trying default model.
[15884:19008:0702/132105.643:VERBOSE1:components\segmentation_platform\internal\selection\segment_result_provider.cc:295] ExecuteModelAndGetScore: segment=CHROME_USER_ENGAGEMENT signal collection not met
[15884:25548:0702/132105.643:VERBOSE1:components\segmentation_platform\internal\database\ukm_database_backend.cc:352] Output from SQL query SELECT COALESCE((SELECT metric_value FROM uma_metrics WHERE metric_hash='ED7CFEC70BF9942D' AND profile_id=? AND type=? AND event_timestamp BETWEEN ? AND ? ORDER BY event_timestamp DESC,id DESC LIMIT 1),0.000000) Bind values: 0:2832676271 1:3 2:2026-06-25 08:21:05.644171 UTC 3:2026-07-02 08:21:05.644171 UTC  Result: 0.000000,
[15884:19008:0702/132105.643:VERBOSE1:components\segmentation_platform\internal\execution\model_executor_impl.cc:189] Segmentation model input:  feature 0: 0 feature 1: 0 feature 2: 0 feature 3: 0 for segment OPTIMIZATION_TARGET_SEGMENTATION_SHOPPING_USER
[15884:19008:0702/132105.643:VERBOSE1:components\segmentation_platform\internal\execution\model_executor_impl.cc:218] Segmentation model result:  output 0: 0 for segment OPTIMIZATION_TARGET_SEGMENTATION_SHOPPING_USER
[15884:19008:0702/132105.643:VERBOSE1:components\segmentation_platform\internal\execution\model_executor_impl.cc:276] Model: OPTIMIZATION_TARGET_SEGMENTATION_SHOPPING_USER version: 3 execution status: 0, output size: 1
[15884:19008:0702/132105.643:VERBOSE1:components\segmentation_platform\internal\selection\segment_result_provider.cc:29] ComputeDiscreteMapping: segment=: result=0, rank=0
[15884:19008:0702/132105.643:VERBOSE1:components\segmentation_platform\internal\selection\segment_result_provider.cc:359] OnModelExecuted: Default model executed successfully. Result: PredictionResult: timestamp: 13427454065645255 result 0: 0 for segment OPTIMIZATION_TARGET_SEGMENTATION_SHOPPING_USER
[15884:19008:0702/132105.643:VERBOSE1:components\segmentation_platform\internal\database\segment_info_database.cc:208] SaveSegmentResult: saving: PredictionResult: timestamp: 13427454065645255 result 0: 0 for segment id: OPTIMIZATION_TARGET_SEGMENTATION_SHOPPING_USER
[15884:19008:0702/132105.643:VERBOSE1:components\segmentation_platform\internal\database\cached_result_writer.cc:30] CachedResultWriter updating prefs with new result: PredictionResult: timestamp: 13427454065645255 result 0: 0 for segmentation key: shopping_user
[15884:18888:0702/132110.221:VERBOSE1:content\browser\renderer_host\media\media_stream_manager.cc:1499] MSPL::OnSpeedLimitChange({this=0x71e402320ed8}, {new_limit=24})
[5764:19836:0702/132110.311:VERBOSE1:net\base\network_delegate.cc:38] NetworkDelegate::NotifyBeforeURLRequest: https://optimizationguide-pa.googleapis.com/v1:GetModels?key=AIzaSyA2KlwBX3mkFo30om9LUFYQhpqLoa_BNhE
[15884:18888:0702/132111.228:VERBOSE1:content\browser\renderer_host\media\media_stream_manager.cc:1499] MSPL::OnSpeedLimitChange({this=0x71e402320ed8}, {new_limit=25})
[5764:19836:0702/132112.314:VERBOSE1:net\base\network_delegate.cc:38] NetworkDelegate::NotifyBeforeURLRequest: https://optimizationguide-pa.googleapis.com/downloads?name=1679317318&target=OPTIMIZATION_TARGET_LANGUAGE_DETECTION
[5764:19836:0702/132112.314:VERBOSE1:net\base\network_delegate.cc:38] NetworkDelegate::NotifyBeforeURLRequest: https://optimizationguide-pa.googleapis.com/downloads?name=1780930962&target=OPTIMIZATION_TARGET_NOTIFICATION_PERMISSION_PREDICTIONS
[5764:19836:0702/132113.116:VERBOSE1:net\base\network_delegate.cc:38] NetworkDelegate::NotifyBeforeURLRequest: https://optimizationguide-pa.googleapis.com/downloads?name=1673999601&target=OPTIMIZATION_TARGET_PAGE_VISIBILITY
[5764:19836:0702/132113.117:VERBOSE1:net\third_party\quiche\src\quiche\quic\core\tls_handshaker.cc:109] TlsClient: Continuing handshake
[5764:19836:0702/132113.182:VERBOSE1:net\third_party\quiche\src\quiche\quic\core\tls_handshaker.cc:109] TlsClient: Continuing handshake
[5764:19836:0702/132113.182:VERBOSE1:net\third_party\quiche\src\quiche\quic\core\tls_handshaker.cc:109] TlsClient: Continuing handshake
[15884:18888:0702/132113.246:VERBOSE1:content\browser\renderer_host\media\media_stream_manager.cc:1499] MSPL::OnSpeedLimitChange({this=0x71e402320ed8}, {new_limit=24})
[5764:19836:0702/132113.290:VERBOSE1:net\third_party\quiche\src\quiche\quic\core\tls_handshaker.cc:109] TlsClient: Continuing handshake
[5764:19836:0702/132113.298:VERBOSE1:net\third_party\quiche\src\quiche\quic\core\tls_handshaker.cc:109] TlsClient: Continuing handshake
[5764:19836:0702/132113.298:VERBOSE1:net\third_party\quiche\src\quiche\quic\core\tls_handshaker.cc:109] TlsClient: Continuing handshake
[5764:19836:0702/132113.298:VERBOSE1:net\third_party\quiche\src\quiche\quic\core\tls_handshaker.cc:109] TlsClient: Continuing handshake
[5764:19836:0702/132113.592:VERBOSE1:net\base\network_delegate.cc:38] NetworkDelegate::NotifyBeforeURLRequest: https://optimizationguide-pa.googleapis.com/downloads?name=5&target=OPTIMIZATION_TARGET_PAGE_TOPICS_V2
[15884:18888:0702/132114.252:VERBOSE1:content\browser\renderer_host\media\media_stream_manager.cc:1499] MSPL::OnSpeedLimitChange({this=0x71e402320ed8}, {new_limit=25})
[5764:19836:0702/132114.996:VERBOSE1:net\base\network_delegate.cc:38] NetworkDelegate::NotifyBeforeURLRequest: https://optimizationguide-pa.googleapis.com/downloads?name=1780930927&target=OPTIMIZATION_TARGET_GEOLOCATION_PERMISSION_PREDICTIONS
[15884:18888:0702/132115.261:VERBOSE1:content\browser\renderer_host\media\media_stream_manager.cc:1499] MSPL::OnSpeedLimitChange({this=0x71e402320ed8}, {new_limit=24})
[5764:19836:0702/132115.451:VERBOSE1:net\base\network_delegate.cc:38] NetworkDelegate::NotifyBeforeURLRequest: https://optimizationguide-pa.googleapis.com/downloads?name=1728324084&target=OPTIMIZATION_TARGET_OMNIBOX_ON_DEVICE_TAIL_SUGGEST
[5764:19836:0702/132117.700:VERBOSE1:net\base\network_delegate.cc:38] NetworkDelegate::NotifyBeforeURLRequest: https://optimizationguide-pa.googleapis.com/downloads?name=1781017313&target=OPTIMIZATION_TARGET_CLIENT_SIDE_PHISHING
[15884:19008:0702/132119.172:VERBOSE1:chrome\updater\ipc\update_service_proxy_mojo.cc:194] GetVersion
[15884:19008:0702/132119.172:VERBOSE1:chrome\updater\ipc\update_service_proxy_mojo.cc:439] EnsureConnecting
[5764:19836:0702/132120.237:VERBOSE1:net\base\network_delegate.cc:38] NetworkDelegate::NotifyBeforeURLRequest: https://optimizationguide-pa.googleapis.com/downloads?name=1696268326&target=OPTIMIZATION_TARGET_OMNIBOX_URL_SCORING
[15884:18888:0702/132120.310:VERBOSE1:content\browser\renderer_host\media\media_stream_manager.cc:1499] MSPL::OnSpeedLimitChange({this=0x71e402320ed8}, {new_limit=23})
[5764:19836:0702/132120.753:VERBOSE1:net\base\network_delegate.cc:38] NetworkDelegate::NotifyBeforeURLRequest: https://optimizationguide-pa.googleapis.com/downloads?name=1770062312&target=OPTIMIZATION_TARGET_PASSAGE_EMBEDDER
[5764:19836:0702/132121.465:VERBOSE1:net\base\network_delegate.cc:38] NetworkDelegate::NotifyBeforeURLRequest: https://optimizationguide-pa.googleapis.com/downloads?name=240731042075&target=OPTIMIZATION_TARGET_SEGMENTATION_COMPOSE_PROMOTION
[15884:19008:0702/132122.289:VERBOSE1:components\segmentation_platform\internal\signals\signal_filter_processor.cc:61] Segmentation platform started observing Session.TotalDuration
[15884:19008:0702/132122.290:VERBOSE1:components\segmentation_platform\internal\signals\signal_filter_processor.cc:61] Segmentation platform started observing Commerce.PriceDrops.ActiveTabNavigationComplete.IsProductDetailPage
[15884:19008:0702/132122.290:VERBOSE1:components\segmentation_platform\internal\signals\signal_filter_processor.cc:54] Segmentation platform started observing Autofill_PolledCreditCardSuggestions
[15884:19008:0702/132122.290:VERBOSE1:components\segmentation_platform\internal\signals\signal_filter_processor.cc:61] Segmentation platform started observing IOS.ParcelTracking.Tracked.AutoTrack
[15884:19008:0702/132122.290:VERBOSE1:components\segmentation_platform\internal\signals\signal_filter_processor.cc:61] Segmentation platform started observing Omnibox.SuggestionUsed.ClientSummarizedResultType
[15884:19008:0702/132122.290:VERBOSE1:components\segmentation_platform\internal\signals\signal_filter_processor.cc:54] Segmentation platform started observing MetadataWriter
[15884:19008:0702/132122.290:VERBOSE1:components\segmentation_platform\internal\signals\signal_filter_processor.cc:61] Segmentation platform started observing Sync.DeviceCount2
[15884:19008:0702/132122.290:VERBOSE1:components\segmentation_platform\internal\signals\signal_filter_processor.cc:61] Segmentation platform started observing Sync.DeviceCount2.Phone
[15884:19008:0702/132122.290:VERBOSE1:components\segmentation_platform\internal\signals\signal_filter_processor.cc:61] Segmentation platform started observing Sync.DeviceCount2.Desktop
[15884:19008:0702/132122.290:VERBOSE1:components\segmentation_platform\internal\signals\signal_filter_processor.cc:61] Segmentation platform started observing Sync.DeviceCount2.Tablet
[15884:19008:0702/132122.290:VERBOSE1:components\segmentation_platform\internal\signals\signal_filter_processor.cc:54] Segmentation platform started observing MobileBookmarkManagerOpen
[15884:19008:0702/132122.290:VERBOSE1:components\segmentation_platform\internal\signals\signal_filter_processor.cc:54] Segmentation platform started observing NewTabPage.MostVisited.Clicked
[15884:19008:0702/132122.290:VERBOSE1:components\segmentation_platform\internal\signals\signal_filter_processor.cc:54] Segmentation platform started observing TabGroup.Created.OpenInNewTab
[15884:19008:0702/132122.290:VERBOSE1:components\segmentation_platform\internal\signals\signal_filter_processor.cc:54] Segmentation platform started observing Android.HistoryPage.OpenItem
[15884:19008:0702/132122.290:VERBOSE1:components\segmentation_platform\internal\signals\signal_filter_processor.cc:54] Segmentation platform started observing MobileMenuRecentTabs
[15884:19008:0702/132122.290:VERBOSE1:components\segmentation_platform\internal\signals\signal_filter_processor.cc:61] Segmentation platform started observing PasswordManager.ManagePasswordsReferrer
[15884:19008:0702/132122.290:VERBOSE1:components\segmentation_platform\internal\signals\signal_filter_processor.cc:61] Segmentation platform started observing PasswordManager.ProfileStore.TotalAccountsHiRes3.WithScheme.Https
[15884:19008:0702/132122.290:VERBOSE1:components\segmentation_platform\internal\signals\signal_filter_processor.cc:61] Segmentation platform started observing PasswordManager.FillingAssistance
[15884:19008:0702/132122.290:VERBOSE1:components\segmentation_platform\internal\signals\signal_filter_processor.cc:61] Segmentation platform started observing PasswordManager.SavedPasswordIsGenerated
[15884:19008:0702/132122.290:VERBOSE1:components\segmentation_platform\internal\signals\signal_filter_processor.cc:61] Segmentation platform started observing PasswordManager.SaveUIDismissalReason
[15884:19008:0702/132122.290:VERBOSE1:components\segmentation_platform\internal\signals\signal_filter_processor.cc:61] Segmentation platform started observing PasswordManager.SaveUIDismissalReason
[15884:19008:0702/132122.290:VERBOSE1:components\segmentation_platform\internal\signals\signal_filter_processor.cc:61] Segmentation platform started observing IOS.CredentialExtension.IsEnabled.Startup
[15884:19008:0702/132122.290:VERBOSE1:components\segmentation_platform\internal\signals\signal_filter_processor.cc:61] Segmentation platform started observing Session.TotalDuration
[15884:18888:0702/132122.325:VERBOSE1:content\browser\renderer_host\media\media_stream_manager.cc:1499] MSPL::OnSpeedLimitChange({this=0x71e402320ed8}, {new_limit=21})
[15884:18888:0702/132123.327:VERBOSE1:content\browser\renderer_host\media\media_stream_manager.cc:1499] MSPL::OnSpeedLimitChange({this=0x71e402320ed8}, {new_limit=20})
[15884:18888:0702/132124.345:VERBOSE1:content\browser\renderer_host\media\media_stream_manager.cc:1499] MSPL::OnSpeedLimitChange({this=0x71e402320ed8}, {new_limit=19})
[15884:18888:0702/132126.350:VERBOSE1:content\browser\renderer_host\media\media_stream_manager.cc:1499] MSPL::OnSpeedLimitChange({this=0x71e402320ed8}, {new_limit=17})
[15884:18888:0702/132127.355:VERBOSE1:content\browser\renderer_host\media\media_stream_manager.cc:1499] MSPL::OnSpeedLimitChange({this=0x71e402320ed8}, {new_limit=15})
[5764:19836:0702/132127.483:VERBOSE1:net\base\network_delegate.cc:38] NetworkDelegate::NotifyBeforeURLRequest: https://android.clients.google.com/c2dm/register3
[15884:18888:0702/132128.365:VERBOSE1:content\browser\renderer_host\media\media_stream_manager.cc:1499] MSPL::OnSpeedLimitChange({this=0x71e402320ed8}, {new_limit=14})
[15884:18888:0702/132129.373:VERBOSE1:content\browser\renderer_host\media\media_stream_manager.cc:1499] MSPL::OnSpeedLimitChange({this=0x71e402320ed8}, {new_limit=12})
[15884:19008:0702/132129.387:VERBOSE1:chrome\browser\enterprise\data_protection\data_protection_navigation_observer.cc:227] enterprise.data_protection: same document navigation: 0
[15884:19008:0702/132129.387:VERBOSE1:chrome\browser\enterprise\data_protection\data_protection_navigation_observer.cc:229] enterprise.data_protection: URL to scan: http://127.0.0.1:5173/portal
[15884:19008:0702/132129.387:VERBOSE1:components\signin\internal\identity_manager\mutable_profile_oauth2_token_service_delegate.cc:443] MutablePO2TS::RefreshTokenIsAvailable
[5764:19836:0702/132129.393:VERBOSE1:net\base\network_delegate.cc:38] NetworkDelegate::NotifyBeforeURLRequest: http://127.0.0.1:5173/portal
[5864:23172:0702/132129.407:VERBOSE1:extensions\renderer\dispatcher.cc:688] Num tracked contexts: 0
[15884:19008:0702/132129.410:VERBOSE1:content\browser\back_forward_cache\back_forward_cache_impl.cc:853] BackForwardCacheImpl::GetCurrentBackForwardCacheEligibility: about:blank : No: HTTP status is not OK, scheme is not HTTP or HTTPS, Browsing instance is not swapped
[15884:19008:0702/132129.410:VERBOSE1:content\browser\back_forward_cache\back_forward_cache_impl.cc:853] BackForwardCacheImpl::GetCompleteBackForwardCacheEligibilityForReporting: about:blank : No: HTTP status is not OK, scheme is not HTTP or HTTPS, Browsing instance is not swapped
[5764:19836:0702/132129.412:VERBOSE1:net\base\network_delegate.cc:38] NetworkDelegate::NotifyBeforeURLRequest: http://127.0.0.1:5173/@vite/client
[5764:19836:0702/132129.412:VERBOSE1:net\base\network_delegate.cc:38] NetworkDelegate::NotifyBeforeURLRequest: https://fonts.googleapis.com/css2?family=Open+Sans:wght@400;500;600;700;800&family=Roboto:wght@400;500;600&display=swap
[5764:19836:0702/132129.412:VERBOSE1:net\base\network_delegate.cc:38] NetworkDelegate::NotifyBeforeURLRequest: http://127.0.0.1:5173/src/main.jsx?t=1782980402976
[5864:23172:0702/132129.413:VERBOSE1:extensions\renderer\script_context.cc:150] Created context:
  extension id:           (none)
  frame:                  0x39d4021285f8
  URL:                    
  context_type:           WEB_PAGE
  effective extension id: (none)
  effective context type: WEB_PAGE
[5864:23172:0702/132129.413:VERBOSE1:extensions\renderer\script_context.cc:150] Created context:
  extension id:           (none)
  frame:                  (nil)
  URL:                    
  context_type:           UNSPECIFIED
  effective extension id: (none)
  effective context type: UNSPECIFIED
[5864:23172:0702/132129.413:VERBOSE1:extensions\renderer\dispatcher.cc:493] Num tracked contexts: 1
[5864:23172:0702/132129.413:VERBOSE1:extensions\renderer\script_context.cc:163] Destroyed context for extension
  extension id: 
  effective extension id: 
[5864:23172:0702/132129.413:VERBOSE1:extensions\renderer\script_context.cc:163] Destroyed context for extension
  extension id: 
  effective extension id: 
[5864:23172:0702/132129.416:VERBOSE1:third_party\blink\renderer\core\script\modulator_impl_base.cc:141] "Import Map: \"http://127.0.0.1:5173/@react-refresh\" matches with no entries and thus is not mapped."
[15884:19008:0702/132129.417:VERBOSE1:chrome\browser\ui\views\omnibox\omnibox_popup_closer.cc:65] Closing omnibox popup with reason: kRevertAll
[5764:19836:0702/132129.419:VERBOSE1:net\base\network_delegate.cc:38] NetworkDelegate::NotifyBeforeURLRequest: http://127.0.0.1:5173/@react-refresh
[15884:19008:0702/132129.422:VERBOSE1:components\signin\internal\identity_manager\mutable_profile_oauth2_token_service_delegate.cc:443] MutablePO2TS::RefreshTokenIsAvailable
[5764:19836:0702/132129.428:VERBOSE1:net\base\network_delegate.cc:38] NetworkDelegate::NotifyBeforeURLRequest: http://127.0.0.1:5173/manifest.webmanifest
[5764:19836:0702/132129.430:VERBOSE1:net\third_party\quiche\src\quiche\quic\core\tls_handshaker.cc:109] TlsClient: Continuing handshake
[15884:19008:0702/132129.437:VERBOSE1:chrome\browser\policy\cloud\fm_registration_token_uploader.cc:193] Client is missing for kUser scope
[5864:23172:0702/132129.443:VERBOSE1:third_party\blink\renderer\core\script\modulator_impl_base.cc:141] "Import Map: \"http://127.0.0.1:5173/node_modules/.vite/deps/react.js?v=d132295d\" matches with no entries and thus is not mapped."
[5864:23172:0702/132129.443:VERBOSE1:third_party\blink\renderer\core\script\modulator_impl_base.cc:141] "Import Map: \"http://127.0.0.1:5173/node_modules/.vite/deps/react-dom_client.js?v=d132295d\" matches with no entries and thus is not mapped."
[5864:23172:0702/132129.443:VERBOSE1:third_party\blink\renderer\core\script\modulator_impl_base.cc:141] "Import Map: \"http://127.0.0.1:5173/src/index.css\" matches with no entries and thus is not mapped."
[5864:23172:0702/132129.443:VERBOSE1:third_party\blink\renderer\core\script\modulator_impl_base.cc:141] "Import Map: \"http://127.0.0.1:5173/src/App.jsx?t=1782980402976\" matches with no entries and thus is not mapped."
[5864:23172:0702/132129.443:VERBOSE1:third_party\blink\renderer\core\script\modulator_impl_base.cc:141] "Import Map: \"http://127.0.0.1:5173/src/pages/MobileApp.css\" matches with no entries and thus is not mapped."
[5864:23172:0702/132129.443:VERBOSE1:third_party\blink\renderer\core\script\modulator_impl_base.cc:141] "Import Map: \"http://127.0.0.1:5173/src/pages/Orders.mobile.css\" matches with no entries and thus is not mapped."
[5864:23172:0702/132129.443:VERBOSE1:third_party\blink\renderer\core\script\modulator_impl_base.cc:141] "Import Map: \"http://127.0.0.1:5173/src/pages/Customers.mobile.css\" matches with no entries and thus is not mapped."
[5864:23172:0702/132129.443:VERBOSE1:third_party\blink\renderer\core\script\modulator_impl_base.cc:141] "Import Map: \"http://127.0.0.1:5173/src/pages/Shipping.mobile.css\" matches with no entries and thus is not mapped."
[5864:23172:0702/132129.443:VERBOSE1:third_party\blink\renderer\core\script\modulator_impl_base.cc:141] "Import Map: \"http://127.0.0.1:5173/src/pages/Products.mobile.css\" matches with no entries and thus is not mapped."
[5864:23172:0702/132129.443:VERBOSE1:third_party\blink\renderer\core\script\modulator_impl_base.cc:141] "Import Map: \"http://127.0.0.1:5173/src/pages/Suppliers.mobile.css\" matches with no entries and thus is not mapped."
[5864:23172:0702/132129.443:VERBOSE1:third_party\blink\renderer\core\script\modulator_impl_base.cc:141] "Import Map: \"http://127.0.0.1:5173/node_modules/.vite/deps/react_jsx-dev-runtime.js?v=d132295d\" matches with no entries and thus is not mapped."
[5764:19836:0702/132129.444:VERBOSE1:net\base\network_delegate.cc:38] NetworkDelegate::NotifyBeforeURLRequest: http://127.0.0.1:5173/node_modules/.vite/deps/react.js?v=d132295d
[5764:19836:0702/132129.446:VERBOSE1:net\base\network_delegate.cc:38] NetworkDelegate::NotifyBeforeURLRequest: http://127.0.0.1:5173/node_modules/.vite/deps/react-dom_client.js?v=d132295d
[5764:19836:0702/132129.446:VERBOSE1:net\base\network_delegate.cc:38] NetworkDelegate::NotifyBeforeURLRequest: http://127.0.0.1:5173/src/index.css
[5764:19836:0702/132129.450:VERBOSE1:net\base\network_delegate.cc:38] NetworkDelegate::NotifyBeforeURLRequest: http://127.0.0.1:5173/src/App.jsx?t=1782980402976
[5764:19836:0702/132129.450:VERBOSE1:net\base\network_delegate.cc:38] NetworkDelegate::NotifyBeforeURLRequest: http://127.0.0.1:5173/src/pages/MobileApp.css
[5764:19836:0702/132129.450:VERBOSE1:net\base\network_delegate.cc:38] NetworkDelegate::NotifyBeforeURLRequest: http://127.0.0.1:5173/src/pages/Orders.mobile.css
[5764:19836:0702/132129.451:VERBOSE1:net\base\network_delegate.cc:38] NetworkDelegate::NotifyBeforeURLRequest: http://127.0.0.1:5173/src/pages/Customers.mobile.css
[5764:19836:0702/132129.455:VERBOSE1:net\base\network_delegate.cc:38] NetworkDelegate::NotifyBeforeURLRequest: http://127.0.0.1:5173/src/pages/Shipping.mobile.css
[5864:23172:0702/132129.448:VERBOSE1:third_party\blink\renderer\core\script\modulator_impl_base.cc:141] "Import Map: \"http://127.0.0.1:5173/node_modules/vite/dist/client/env.mjs\" matches with no entries and thus is not mapped."
[5764:19836:0702/132129.456:VERBOSE1:net\base\network_delegate.cc:38] NetworkDelegate::NotifyBeforeURLRequest: http://127.0.0.1:5173/src/pages/Products.mobile.css
[5764:19836:0702/132129.456:VERBOSE1:net\base\network_delegate.cc:38] NetworkDelegate::NotifyBeforeURLRequest: http://127.0.0.1:5173/src/pages/Suppliers.mobile.css
[5764:19836:0702/132129.456:VERBOSE1:net\base\network_delegate.cc:38] NetworkDelegate::NotifyBeforeURLRequest: http://127.0.0.1:5173/node_modules/.vite/deps/react_jsx-dev-runtime.js?v=d132295d
[5764:19836:0702/132129.456:VERBOSE1:net\base\network_delegate.cc:38] NetworkDelegate::NotifyBeforeURLRequest: http://127.0.0.1:5173/node_modules/vite/dist/client/env.mjs
[5864:23172:0702/132129.459:VERBOSE1:third_party\blink\renderer\core\script\modulator_impl_base.cc:141] "Import Map: \"http://127.0.0.1:5173/@vite/client\" matches with no entries and thus is not mapped."
[5864:23172:0702/132129.459:VERBOSE1:third_party\blink\renderer\core\script\modulator_impl_base.cc:141] "Import Map: \"http://127.0.0.1:5173/node_modules/.vite/deps/chunk-EAsCxrDo.js?v=d132295d\" matches with no entries and thus is not mapped."
[5764:19836:0702/132129.459:VERBOSE1:net\base\network_delegate.cc:38] NetworkDelegate::NotifyBeforeURLRequest: http://127.0.0.1:5173/node_modules/.vite/deps/chunk-EAsCxrDo.js?v=d132295d
[15884:19008:0702/132129.487:VERBOSE1:chrome\browser\web_applications\locks\partitioned_lock_manager.cc:243] All locks acquired for TriggerManifestUpdateProcess@chrome\browser\web_applications\manifest_update_manager.cc:148
[5864:23172:0702/132129.487:VERBOSE1:third_party\blink\renderer\core\script\modulator_impl_base.cc:141] "Import Map: \"http://127.0.0.1:5173/@vite/client\" matches with no entries and thus is not mapped."
[5864:23172:0702/132129.487:VERBOSE1:third_party\blink\renderer\core\script\modulator_impl_base.cc:141] "Import Map: \"http://127.0.0.1:5173/@vite/client\" matches with no entries and thus is not mapped."
[5864:23172:0702/132129.487:VERBOSE1:third_party\blink\renderer\core\script\modulator_impl_base.cc:141] "Import Map: \"http://127.0.0.1:5173/@vite/client\" matches with no entries and thus is not mapped."
[5864:23172:0702/132129.487:VERBOSE1:third_party\blink\renderer\core\script\modulator_impl_base.cc:141] "Import Map: \"http://127.0.0.1:5173/node_modules/.vite/deps/react.js?v=d132295d\" matches with no entries and thus is not mapped."
[5864:23172:0702/132129.487:VERBOSE1:third_party\blink\renderer\core\script\modulator_impl_base.cc:141] "Import Map: \"http://127.0.0.1:5173/src/App.css\" matches with no entries and thus is not mapped."
[5864:23172:0702/132129.487:VERBOSE1:third_party\blink\renderer\core\script\modulator_impl_base.cc:141] "Import Map: \"http://127.0.0.1:5173/src/api/api.js\" matches with no entries and thus is not mapped."
[5864:23172:0702/132129.487:VERBOSE1:third_party\blink\renderer\core\script\modulator_impl_base.cc:141] "Import Map: \"http://127.0.0.1:5173/src/components/sidebar.jsx?t=1782976963120\" matches with no entries and thus is not mapped."
[5864:23172:0702/132129.487:VERBOSE1:third_party\blink\renderer\core\script\modulator_impl_base.cc:141] "Import Map: \"http://127.0.0.1:5173/src/pages/Dashboard.jsx?t=1782980402976\" matches with no entries and thus is not mapped."
[5864:23172:0702/132129.487:VERBOSE1:third_party\blink\renderer\core\script\modulator_impl_base.cc:141] "Import Map: \"http://127.0.0.1:5173/src/pages/Products.jsx?t=1782916028006\" matches with no entries and thus is not mapped."
[5864:23172:0702/132129.487:VERBOSE1:third_party\blink\renderer\core\script\modulator_impl_base.cc:141] "Import Map: \"http://127.0.0.1:5173/src/pages/Inventory.jsx\" matches with no entries and thus is not mapped."
[5864:23172:0702/132129.487:VERBOSE1:third_party\blink\renderer\core\script\modulator_impl_base.cc:141] "Import Map: \"http://127.0.0.1:5173/src/pages/Inspiration.jsx\" matches with no entries and thus is not mapped."
[5864:23172:0702/132129.487:VERBOSE1:third_party\blink\renderer\core\script\modulator_impl_base.cc:141] "Import Map: \"http://127.0.0.1:5173/src/pages/AIStudio.jsx\" matches with no entries and thus is not mapped."
[5864:23172:0702/132129.487:VERBOSE1:third_party\blink\renderer\core\script\modulator_impl_base.cc:141] "Import Map: \"http://127.0.0.1:5173/src/pages/Customers.jsx?t=1782957716307\" matches with no entries and thus is not mapped."
[5864:23172:0702/132129.487:VERBOSE1:third_party\blink\renderer\core\script\modulator_impl_base.cc:141] "Import Map: \"http://127.0.0.1:5173/src/pages/Suppliers.jsx?t=1782954564569\" matches with no entries and thus is not mapped."
[5864:23172:0702/132129.487:VERBOSE1:third_party\blink\renderer\core\script\modulator_impl_base.cc:141] "Import Map: \"http://127.0.0.1:5173/src/pages/SupplierLedger.jsx?t=1782919063203\" matches with no entries and thus is not mapped."
[5864:23172:0702/132129.487:VERBOSE1:third_party\blink\renderer\core\script\modulator_impl_base.cc:141] "Import Map: \"http://127.0.0.1:5173/src/pages/Orders.jsx?t=1782958484941\" matches with no entries and thus is not mapped."
[5864:23172:0702/132129.487:VERBOSE1:third_party\blink\renderer\core\script\modulator_impl_base.cc:141] "Import Map: \"http://127.0.0.1:5173/src/pages/Manufacturing.jsx\" matches with no entries and thus is not mapped."
[5864:23172:0702/132129.487:VERBOSE1:third_party\blink\renderer\core\script\modulator_impl_base.cc:141] "Import Map: \"http://127.0.0.1:5173/src/pages/Workers.jsx\" matches with no entries and thus is not mapped."
[5864:23172:0702/132129.487:VERBOSE1:third_party\blink\renderer\core\script\modulator_impl_base.cc:141] "Import Map: \"http://127.0.0.1:5173/src/pages/Shipping.jsx\" matches with no entries and thus is not mapped."
[5864:23172:0702/132129.487:VERBOSE1:third_party\blink\renderer\core\script\modulator_impl_base.cc:141] "Import Map: \"http://127.0.0.1:5173/src/pages/ShippingBalance.jsx\" matches with no entries and thus is not mapped."
[5864:23172:0702/132129.487:VERBOSE1:third_party\blink\renderer\core\script\modulator_impl_base.cc:141] "Import Map: \"http://127.0.0.1:5173/src/pages/FollowUps.jsx\" matches with no entries and thus is not mapped."
[5864:23172:0702/132129.487:VERBOSE1:third_party\blink\renderer\core\script\modulator_impl_base.cc:141] "Import Map: \"http://127.0.0.1:5173/src/pages/Payouts.jsx\" matches with no entries and thus is not mapped."
[5864:23172:0702/132129.487:VERBOSE1:third_party\blink\renderer\core\script\modulator_impl_base.cc:141] "Import Map: \"http://127.0.0.1:5173/src/pages/Payments.jsx\" matches with no entries and thus is not mapped."
[5864:23172:0702/132129.487:VERBOSE1:third_party\blink\renderer\core\script\modulator_impl_base.cc:141] "Import Map: \"http://127.0.0.1:5173/src/pages/Accounting.jsx\" matches with no entries and thus is not mapped."
[5864:23172:0702/132129.487:VERBOSE1:third_party\blink\renderer\core\script\modulator_impl_base.cc:141] "Import Map: \"http://127.0.0.1:5173/src/pages/Production.jsx?t=1782977025717\" matches with no entries and thus is not mapped."
[5864:23172:0702/132129.487:VERBOSE1:third_party\blink\renderer\core\script\modulator_impl_base.cc:141] "Import Map: \"http://127.0.0.1:5173/src/pages/MyTasks.jsx?t=1782977340712\" matches with no entries and thus is not mapped."
[5864:23172:0702/132129.487:VERBOSE1:third_party\blink\renderer\core\script\modulator_impl_base.cc:141] "Import Map: \"http://127.0.0.1:5173/src/pages/Reports.jsx\" matches with no entries and thus is not mapped."
[5864:23172:0702/132129.487:VERBOSE1:third_party\blink\renderer\core\script\modulator_impl_base.cc:141] "Import Map: \"http://127.0.0.1:5173/src/pages/Settings.jsx\" matches with no entries and thus is not mapped."
[5864:23172:0702/132129.487:VERBOSE1:third_party\blink\renderer\core\script\modulator_impl_base.cc:141] "Import Map: \"http://127.0.0.1:5173/src/pages/Users.jsx\" matches with no entries and thus is not mapped."
[5864:23172:0702/132129.487:VERBOSE1:third_party\blink\renderer\core\script\modulator_impl_base.cc:141] "Import Map: \"http://127.0.0.1:5173/src/pages/Quotes.jsx\" matches with no entries and thus is not mapped."
[5864:23172:0702/132129.487:VERBOSE1:third_party\blink\renderer\core\script\modulator_impl_base.cc:141] "Import Map: \"http://127.0.0.1:5173/src/pages/TempData.jsx\" matches with no entries and thus is not mapped."
[5864:23172:0702/132129.487:VERBOSE1:third_party\blink\renderer\core\script\modulator_impl_base.cc:141] "Import Map: \"http://127.0.0.1:5173/src/pages/Messages.jsx\" matches with no entries and thus is not mapped."
[5864:23172:0702/132129.487:VERBOSE1:third_party\blink\renderer\core\script\modulator_impl_base.cc:141] "Import Map: \"http://127.0.0.1:5173/src/pages/Login.jsx\" matches with no entries and thus is not mapped."
[5864:23172:0702/132129.487:VERBOSE1:third_party\blink\renderer\core\script\modulator_impl_base.cc:141] "Import Map: \"http://127.0.0.1:5173/src/pages/OperationsSizing.css\" matches with no entries and thus is not mapped."
[5864:23172:0702/132129.487:VERBOSE1:third_party\blink\renderer\core\script\modulator_impl_base.cc:141] "Import Map: \"http://127.0.0.1:5173/src/pages/DashboardDesktop.css\" matches with no entries and thus is not mapped."
[5864:23172:0702/132129.487:VERBOSE1:third_party\blink\renderer\core\script\modulator_impl_base.cc:141] "Import Map: \"http://127.0.0.1:5173/node_modules/.vite/deps/react_jsx-dev-runtime.js?v=d132295d\" matches with no entries and thus is not mapped."
[5864:23172:0702/132129.487:VERBOSE1:third_party\blink\renderer\core\script\modulator_impl_base.cc:141] "Import Map: \"http://127.0.0.1:5173/@react-refresh\" matches with no entries and thus is not mapped."
[5864:23172:0702/132129.487:VERBOSE1:third_party\blink\renderer\core\script\modulator_impl_base.cc:141] "Import Map: \"http://127.0.0.1:5173/src/App.jsx?t=1782980402976\" matches with no entries and thus is not mapped."
[5864:23172:0702/132129.492:VERBOSE1:third_party\blink\renderer\core\script\modulator_impl_base.cc:141] "Import Map: \"http://127.0.0.1:5173/@vite/client\" matches with no entries and thus is not mapped."
[15884:19008:0702/132129.492:VERBOSE1:chrome\browser\web_applications\locks\partitioned_lock_manager.cc:262] Acquiring <PartitionedLockId>{id: 0x31, partition: 0} for OnManifestFetchedAcquireAppLock@chrome\browser\web_applications\commands\manifest_silent_update_command.cc:214
[15884:19008:0702/132129.492:VERBOSE1:chrome\browser\web_applications\locks\partitioned_lock_manager.cc:262] Acquiring <PartitionedLockId>{id: 0x6d66616c64676c616b6a676661636f6d696763616e6f6f6a6f646a616f696e6c, partition: 1} for OnManifestFetchedAcquireAppLock@chrome\browser\web_applications\commands\manifest_silent_update_command.cc:214
[15884:19008:0702/132129.492:VERBOSE1:chrome\browser\web_applications\locks\partitioned_lock_manager.cc:243] All locks acquired for OnManifestFetchedAcquireAppLock@chrome\browser\web_applications\commands\manifest_silent_update_command.cc:214
[5864:23172:0702/132129.492:VERBOSE1:third_party\blink\renderer\core\script\modulator_impl_base.cc:141] "Import Map: \"http://127.0.0.1:5173/@vite/client\" matches with no entries and thus is not mapped."
[15884:19008:0702/132129.492:VERBOSE1:chrome\browser\web_applications\locks\partitioned_lock_manager.cc:286] Releasing <PartitionedLockId>{id: 0x6d66616c64676c616b6a676661636f6d696763616e6f6f6a6f646a616f696e6c, partition: 1} requested by OnManifestFetchedAcquireAppLock@chrome\browser\web_applications\commands\manifest_silent_update_command.cc:214
[15884:19008:0702/132129.492:VERBOSE1:chrome\browser\web_applications\locks\partitioned_lock_manager.cc:286] Releasing <PartitionedLockId>{id: 0x31, partition: 0} requested by OnManifestFetchedAcquireAppLock@chrome\browser\web_applications\commands\manifest_silent_update_command.cc:214
[5864:23172:0702/132129.492:VERBOSE1:third_party\blink\renderer\core\script\modulator_impl_base.cc:141] "Import Map: \"http://127.0.0.1:5173/@vite/client\" matches with no entries and thus is not mapped."
[5864:23172:0702/132129.492:VERBOSE1:third_party\blink\renderer\core\script\modulator_impl_base.cc:141] "Import Map: \"http://127.0.0.1:5173/@vite/client\" matches with no entries and thus is not mapped."
[5764:19836:0702/132129.494:VERBOSE1:net\base\network_delegate.cc:38] NetworkDelegate::NotifyBeforeURLRequest: http://127.0.0.1:5173/src/App.css
[5764:19836:0702/132129.494:VERBOSE1:net\base\network_delegate.cc:38] NetworkDelegate::NotifyBeforeURLRequest: http://127.0.0.1:5173/src/api/api.js
[5764:19836:0702/132129.494:VERBOSE1:net\base\network_delegate.cc:38] NetworkDelegate::NotifyBeforeURLRequest: http://127.0.0.1:5173/src/components/sidebar.jsx?t=1782976963120
[5764:19836:0702/132129.494:VERBOSE1:net\base\network_delegate.cc:38] NetworkDelegate::NotifyBeforeURLRequest: http://127.0.0.1:5173/src/pages/Dashboard.jsx?t=1782980402976
[5764:19836:0702/132129.494:VERBOSE1:net\base\network_delegate.cc:38] NetworkDelegate::NotifyBeforeURLRequest: http://127.0.0.1:5173/src/pages/Products.jsx?t=1782916028006
[5764:19836:0702/132129.494:VERBOSE1:net\base\network_delegate.cc:38] NetworkDelegate::NotifyBeforeURLRequest: http://127.0.0.1:5173/src/pages/Inventory.jsx
[5764:19836:0702/132129.497:VERBOSE1:net\base\network_delegate.cc:38] NetworkDelegate::NotifyBeforeURLRequest: http://127.0.0.1:5173/src/pages/Inspiration.jsx
[5764:19836:0702/132129.497:VERBOSE1:net\base\network_delegate.cc:38] NetworkDelegate::NotifyBeforeURLRequest: http://127.0.0.1:5173/src/pages/AIStudio.jsx
[5764:19836:0702/132129.497:VERBOSE1:net\base\network_delegate.cc:38] NetworkDelegate::NotifyBeforeURLRequest: http://127.0.0.1:5173/src/pages/Customers.jsx?t=1782957716307
[5864:23172:0702/132129.497:VERBOSE1:third_party\blink\renderer\core\script\modulator_impl_base.cc:141] "Import Map: \"http://127.0.0.1:5173/@vite/client\" matches with no entries and thus is not mapped."
[5764:19836:0702/132129.497:VERBOSE1:net\base\network_delegate.cc:38] NetworkDelegate::NotifyBeforeURLRequest: http://127.0.0.1:5173/src/pages/Suppliers.jsx?t=1782954564569
[5764:19836:0702/132129.497:VERBOSE1:net\base\network_delegate.cc:38] NetworkDelegate::NotifyBeforeURLRequest: http://127.0.0.1:5173/src/pages/SupplierLedger.jsx?t=1782919063203
[5764:19836:0702/132129.497:VERBOSE1:net\base\network_delegate.cc:38] NetworkDelegate::NotifyBeforeURLRequest: http://127.0.0.1:5173/src/pages/Orders.jsx?t=1782958484941
[5764:19836:0702/132129.499:VERBOSE1:net\base\network_delegate.cc:38] NetworkDelegate::NotifyBeforeURLRequest: http://127.0.0.1:5173/src/pages/Manufacturing.jsx
[5764:19836:0702/132129.499:VERBOSE1:net\base\network_delegate.cc:38] NetworkDelegate::NotifyBeforeURLRequest: http://127.0.0.1:5173/src/pages/Workers.jsx
[5764:19836:0702/132129.500:VERBOSE1:net\base\network_delegate.cc:38] NetworkDelegate::NotifyBeforeURLRequest: http://127.0.0.1:5173/src/pages/Shipping.jsx
[5864:23172:0702/132129.500:VERBOSE1:third_party\blink\renderer\core\script\modulator_impl_base.cc:141] "Import Map: \"http://127.0.0.1:5173/node_modules/.vite/deps/chunk-EAsCxrDo.js?v=d132295d\" matches with no entries and thus is not mapped."
[5864:23172:0702/132129.502:VERBOSE1:third_party\blink\renderer\core\script\modulator_impl_base.cc:141] "Import Map: \"http://127.0.0.1:5173/node_modules/.vite/deps/react.js?v=d132295d\" matches with no entries and thus is not mapped."
[5764:19836:0702/132129.504:VERBOSE1:net\base\network_delegate.cc:38] NetworkDelegate::NotifyBeforeURLRequest: http://127.0.0.1:5173/src/pages/ShippingBalance.jsx
[5764:19836:0702/132129.504:VERBOSE1:net\base\network_delegate.cc:38] NetworkDelegate::NotifyBeforeURLRequest: http://127.0.0.1:5173/src/pages/FollowUps.jsx
[5764:19836:0702/132129.504:VERBOSE1:net\base\network_delegate.cc:38] NetworkDelegate::NotifyBeforeURLRequest: http://127.0.0.1:5173/src/pages/Payouts.jsx
[5764:19836:0702/132129.504:VERBOSE1:net\base\network_delegate.cc:38] NetworkDelegate::NotifyBeforeURLRequest: http://127.0.0.1:5173/src/pages/Payments.jsx
[5764:19836:0702/132129.507:VERBOSE1:net\base\network_delegate.cc:38] NetworkDelegate::NotifyBeforeURLRequest: http://127.0.0.1:5173/src/pages/Accounting.jsx
[5764:19836:0702/132129.513:VERBOSE1:net\base\network_delegate.cc:38] NetworkDelegate::NotifyBeforeURLRequest: http://127.0.0.1:5173/src/pages/Production.jsx?t=1782977025717
[5764:19836:0702/132129.513:VERBOSE1:net\base\network_delegate.cc:38] NetworkDelegate::NotifyBeforeURLRequest: http://127.0.0.1:5173/src/pages/MyTasks.jsx?t=1782977340712
[5764:19836:0702/132129.517:VERBOSE1:net\base\network_delegate.cc:38] NetworkDelegate::NotifyBeforeURLRequest: http://127.0.0.1:5173/src/pages/Reports.jsx
[5764:19836:0702/132129.517:VERBOSE1:net\base\network_delegate.cc:38] NetworkDelegate::NotifyBeforeURLRequest: http://127.0.0.1:5173/src/pages/Settings.jsx
[5764:19836:0702/132129.517:VERBOSE1:net\base\network_delegate.cc:38] NetworkDelegate::NotifyBeforeURLRequest: http://127.0.0.1:5173/src/pages/Users.jsx
[5764:19836:0702/132129.520:VERBOSE1:net\base\network_delegate.cc:38] NetworkDelegate::NotifyBeforeURLRequest: http://127.0.0.1:5173/src/pages/Quotes.jsx
[5764:19836:0702/132129.526:VERBOSE1:net\base\network_delegate.cc:38] NetworkDelegate::NotifyBeforeURLRequest: http://127.0.0.1:5173/src/pages/TempData.jsx
[5764:19836:0702/132129.527:VERBOSE1:net\base\network_delegate.cc:38] NetworkDelegate::NotifyBeforeURLRequest: http://127.0.0.1:5173/src/pages/Messages.jsx
[5764:19836:0702/132129.527:VERBOSE1:net\base\network_delegate.cc:38] NetworkDelegate::NotifyBeforeURLRequest: http://127.0.0.1:5173/src/pages/Login.jsx
[5764:19836:0702/132129.530:VERBOSE1:net\base\network_delegate.cc:38] NetworkDelegate::NotifyBeforeURLRequest: http://127.0.0.1:5173/src/pages/OperationsSizing.css
[5764:19836:0702/132129.530:VERBOSE1:net\base\network_delegate.cc:38] NetworkDelegate::NotifyBeforeURLRequest: http://127.0.0.1:5173/src/pages/DashboardDesktop.css
[5864:23172:0702/132129.538:VERBOSE1:third_party\blink\renderer\core\script\modulator_impl_base.cc:141] "Import Map: \"http://127.0.0.1:5173/@vite/client\" matches with no entries and thus is not mapped."
[5864:23172:0702/132129.538:VERBOSE1:third_party\blink\renderer\core\script\modulator_impl_base.cc:141] "Import Map: \"http://127.0.0.1:5173/node_modules/.vite/deps/axios.js?v=d132295d\" matches with no entries and thus is not mapped."
[5864:23172:0702/132129.538:VERBOSE1:third_party\blink\renderer\core\script\modulator_impl_base.cc:141] "Import Map: \"http://127.0.0.1:5173/@vite/client\" matches with no entries and thus is not mapped."
[5864:23172:0702/132129.538:VERBOSE1:third_party\blink\renderer\core\script\modulator_impl_base.cc:141] "Import Map: \"http://127.0.0.1:5173/node_modules/.vite/deps/react.js?v=d132295d\" matches with no entries and thus is not mapped."
[5864:23172:0702/132129.538:VERBOSE1:third_party\blink\renderer\core\script\modulator_impl_base.cc:141] "Import Map: \"http://127.0.0.1:5173/src/api/api.js\" matches with no entries and thus is not mapped."
[5864:23172:0702/132129.538:VERBOSE1:third_party\blink\renderer\core\script\modulator_impl_base.cc:141] "Import Map: \"http://127.0.0.1:5173/src/pages/Inspiration.css\" matches with no entries and thus is not mapped."
[5864:23172:0702/132129.538:VERBOSE1:third_party\blink\renderer\core\script\modulator_impl_base.cc:141] "Import Map: \"http://127.0.0.1:5173/node_modules/.vite/deps/react_jsx-dev-runtime.js?v=d132295d\" matches with no entries and thus is not mapped."
[5864:23172:0702/132129.538:VERBOSE1:third_party\blink\renderer\core\script\modulator_impl_base.cc:141] "Import Map: \"http://127.0.0.1:5173/@react-refresh\" matches with no entries and thus is not mapped."
[5864:23172:0702/132129.538:VERBOSE1:third_party\blink\renderer\core\script\modulator_impl_base.cc:141] "Import Map: \"http://127.0.0.1:5173/src/pages/Inspiration.jsx\" matches with no entries and thus is not mapped."
[5864:23172:0702/132129.538:VERBOSE1:third_party\blink\renderer\core\script\modulator_impl_base.cc:141] "Import Map: \"http://127.0.0.1:5173/@vite/client\" matches with no entries and thus is not mapped."
[5864:23172:0702/132129.538:VERBOSE1:third_party\blink\renderer\core\script\modulator_impl_base.cc:141] "Import Map: \"http://127.0.0.1:5173/node_modules/.vite/deps/react.js?v=d132295d\" matches with no entries and thus is not mapped."
[5864:23172:0702/132129.538:VERBOSE1:third_party\blink\renderer\core\script\modulator_impl_base.cc:141] "Import Map: \"http://127.0.0.1:5173/src/api/api.js\" matches with no entries and thus is not mapped."
[5864:23172:0702/132129.538:VERBOSE1:third_party\blink\renderer\core\script\modulator_impl_base.cc:141] "Import Map: \"http://127.0.0.1:5173/src/pages/Dashboard.css?t=1782980029694\" matches with no entries and thus is not mapped."
[5864:23172:0702/132129.538:VERBOSE1:third_party\blink\renderer\core\script\modulator_impl_base.cc:141] "Import Map: \"http://127.0.0.1:5173/node_modules/.vite/deps/react_jsx-dev-runtime.js?v=d132295d\" matches with no entries and thus is not mapped."
[5864:23172:0702/132129.538:VERBOSE1:third_party\blink\renderer\core\script\modulator_impl_base.cc:141] "Import Map: \"http://127.0.0.1:5173/@react-refresh\" matches with no entries and thus is not mapped."
[5864:23172:0702/132129.538:VERBOSE1:third_party\blink\renderer\core\script\modulator_impl_base.cc:141] "Import Map: \"http://127.0.0.1:5173/src/pages/Dashboard.jsx?t=1782980402976\" matches with no entries and thus is not mapped."
[5864:23172:0702/132129.538:VERBOSE1:third_party\blink\renderer\core\script\modulator_impl_base.cc:141] "Import Map: \"http://127.0.0.1:5173/@vite/client\" matches with no entries and thus is not mapped."
[5864:23172:0702/132129.538:VERBOSE1:third_party\blink\renderer\core\script\modulator_impl_base.cc:141] "Import Map: \"http://127.0.0.1:5173/node_modules/.vite/deps/react.js?v=d132295d\" matches with no entries and thus is not mapped."
[5864:23172:0702/132129.538:VERBOSE1:third_party\blink\renderer\core\script\modulator_impl_base.cc:141] "Import Map: \"http://127.0.0.1:5173/src/components/sidebar.css?t=1782976963120\" matches with no entries and thus is not mapped."
[5864:23172:0702/132129.541:VERBOSE1:third_party\blink\renderer\core\script\modulator_impl_base.cc:141] "Import Map: \"http://127.0.0.1:5173/node_modules/.vite/deps/react_jsx-dev-runtime.js?v=d132295d\" matches with no entries and thus is not mapped."
[5864:23172:0702/132129.541:VERBOSE1:third_party\blink\renderer\core\script\modulator_impl_base.cc:141] "Import Map: \"http://127.0.0.1:5173/@react-refresh\" matches with no entries and thus is not mapped."
[5864:23172:0702/132129.541:VERBOSE1:third_party\blink\renderer\core\script\modulator_impl_base.cc:141] "Import Map: \"http://127.0.0.1:5173/src/components/sidebar.jsx?t=1782976963120\" matches with no entries and thus is not mapped."
[5864:23172:0702/132129.543:VERBOSE1:third_party\blink\renderer\core\script\modulator_impl_base.cc:141] "Import Map: \"http://127.0.0.1:5173/@vite/client\" matches with no entries and thus is not mapped."
[5864:23172:0702/132129.543:VERBOSE1:third_party\blink\renderer\core\script\modulator_impl_base.cc:141] "Import Map: \"http://127.0.0.1:5173/node_modules/.vite/deps/react.js?v=d132295d\" matches with no entries and thus is not mapped."
[5864:23172:0702/132129.543:VERBOSE1:third_party\blink\renderer\core\script\modulator_impl_base.cc:141] "Import Map: \"http://127.0.0.1:5173/src/api/api.js\" matches with no entries and thus is not mapped."
[5864:23172:0702/132129.543:VERBOSE1:third_party\blink\renderer\core\script\modulator_impl_base.cc:141] "Import Map: \"http://127.0.0.1:5173/src/utils/dateUtils.js\" matches with no entries and thus is not mapped."
[5864:23172:0702/132129.543:VERBOSE1:third_party\blink\renderer\core\script\modulator_impl_base.cc:141] "Import Map: \"http://127.0.0.1:5173/src/pages/Inventory.css\" matches with no entries and thus is not mapped."
[5864:23172:0702/132129.543:VERBOSE1:third_party\blink\renderer\core\script\modulator_impl_base.cc:141] "Import Map: \"http://127.0.0.1:5173/node_modules/.vite/deps/react_jsx-dev-runtime.js?v=d132295d\" matches with no entries and thus is not mapped."
[5864:23172:0702/132129.543:VERBOSE1:third_party\blink\renderer\core\script\modulator_impl_base.cc:141] "Import Map: \"http://127.0.0.1:5173/@react-refresh\" matches with no entries and thus is not mapped."
[5864:23172:0702/132129.543:VERBOSE1:third_party\blink\renderer\core\script\modulator_impl_base.cc:141] "Import Map: \"http://127.0.0.1:5173/src/pages/Inventory.jsx\" matches with no entries and thus is not mapped."
[5864:23172:0702/132129.546:VERBOSE1:third_party\blink\renderer\core\script\modulator_impl_base.cc:141] "Import Map: \"http://127.0.0.1:5173/@vite/client\" matches with no entries and thus is not mapped."
[5864:23172:0702/132129.546:VERBOSE1:third_party\blink\renderer\core\script\modulator_impl_base.cc:141] "Import Map: \"http://127.0.0.1:5173/node_modules/.vite/deps/react.js?v=d132295d\" matches with no entries and thus is not mapped."
[5864:23172:0702/132129.546:VERBOSE1:third_party\blink\renderer\core\script\modulator_impl_base.cc:141] "Import Map: \"http://127.0.0.1:5173/src/api/api.js\" matches with no entries and thus is not mapped."
[5864:23172:0702/132129.546:VERBOSE1:third_party\blink\renderer\core\script\modulator_impl_base.cc:141] "Import Map: \"http://127.0.0.1:5173/src/pages/Products.css?t=1782916028006\" matches with no entries and thus is not mapped."
[5864:23172:0702/132129.546:VERBOSE1:third_party\blink\renderer\core\script\modulator_impl_base.cc:141] "Import Map: \"http://127.0.0.1:5173/node_modules/.vite/deps/react_jsx-dev-runtime.js?v=d132295d\" matches with no entries and thus is not mapped."
[5864:23172:0702/132129.546:VERBOSE1:third_party\blink\renderer\core\script\modulator_impl_base.cc:141] "Import Map: \"http://127.0.0.1:5173/@react-refresh\" matches with no entries and thus is not mapped."
[5864:23172:0702/132129.546:VERBOSE1:third_party\blink\renderer\core\script\modulator_impl_base.cc:141] "Import Map: \"http://127.0.0.1:5173/src/pages/Products.jsx?t=1782916028006\" matches with no entries and thus is not mapped."
[5764:19836:0702/132129.550:VERBOSE1:net\base\network_delegate.cc:38] NetworkDelegate::NotifyBeforeURLRequest: http://127.0.0.1:5173/node_modules/.vite/deps/axios.js?v=d132295d
[5764:19836:0702/132129.550:VERBOSE1:net\base\network_delegate.cc:38] NetworkDelegate::NotifyBeforeURLRequest: http://127.0.0.1:5173/src/pages/Inspiration.css
[5764:19836:0702/132129.550:VERBOSE1:net\base\network_delegate.cc:38] NetworkDelegate::NotifyBeforeURLRequest: http://127.0.0.1:5173/src/pages/Dashboard.css?t=1782980029694
[5764:19836:0702/132129.550:VERBOSE1:net\base\network_delegate.cc:38] NetworkDelegate::NotifyBeforeURLRequest: http://127.0.0.1:5173/src/components/sidebar.css?t=1782976963120
[5764:19836:0702/132129.550:VERBOSE1:net\base\network_delegate.cc:38] NetworkDelegate::NotifyBeforeURLRequest: http://127.0.0.1:5173/src/utils/dateUtils.js
[5764:19836:0702/132129.550:VERBOSE1:net\base\network_delegate.cc:38] NetworkDelegate::NotifyBeforeURLRequest: http://127.0.0.1:5173/src/pages/Inventory.css
[5764:19836:0702/132129.550:VERBOSE1:net\base\network_delegate.cc:38] NetworkDelegate::NotifyBeforeURLRequest: http://127.0.0.1:5173/src/pages/Products.css?t=1782916028006
[5864:23172:0702/132129.550:VERBOSE1:third_party\blink\renderer\core\script\modulator_impl_base.cc:141] "Import Map: \"http://127.0.0.1:5173/@vite/client\" matches with no entries and thus is not mapped."
[5864:23172:0702/132129.550:VERBOSE1:third_party\blink\renderer\core\script\modulator_impl_base.cc:141] "Import Map: \"http://127.0.0.1:5173/node_modules/.vite/deps/react.js?v=d132295d\" matches with no entries and thus is not mapped."
[5864:23172:0702/132129.550:VERBOSE1:third_party\blink\renderer\core\script\modulator_impl_base.cc:141] "Import Map: \"http://127.0.0.1:5173/src/api/api.js\" matches with no entries and thus is not mapped."
[5864:23172:0702/132129.550:VERBOSE1:third_party\blink\renderer\core\script\modulator_impl_base.cc:141] "Import Map: \"http://127.0.0.1:5173/src/pages/AIStudio.css\" matches with no entries and thus is not mapped."
[5864:23172:0702/132129.550:VERBOSE1:third_party\blink\renderer\core\script\modulator_impl_base.cc:141] "Import Map: \"http://127.0.0.1:5173/node_modules/.vite/deps/react_jsx-dev-runtime.js?v=d132295d\" matches with no entries and thus is not mapped."
[5864:23172:0702/132129.550:VERBOSE1:third_party\blink\renderer\core\script\modulator_impl_base.cc:141] "Import Map: \"http://127.0.0.1:5173/@react-refresh\" matches with no entries and thus is not mapped."
[5864:23172:0702/132129.550:VERBOSE1:third_party\blink\renderer\core\script\modulator_impl_base.cc:141] "Import Map: \"http://127.0.0.1:5173/src/pages/AIStudio.jsx\" matches with no entries and thus is not mapped."
[5764:19836:0702/132129.565:VERBOSE1:net\base\network_delegate.cc:38] NetworkDelegate::NotifyBeforeURLRequest: http://127.0.0.1:5173/src/pages/AIStudio.css
[5864:23172:0702/132129.601:VERBOSE1:third_party\blink\renderer\core\script\modulator_impl_base.cc:141] "Import Map: \"http://127.0.0.1:5173/@vite/client\" matches with no entries and thus is not mapped."
[5864:23172:0702/132129.601:VERBOSE1:third_party\blink\renderer\core\script\modulator_impl_base.cc:141] "Import Map: \"http://127.0.0.1:5173/node_modules/.vite/deps/react.js?v=d132295d\" matches with no entries and thus is not mapped."
[5864:23172:0702/132129.601:VERBOSE1:third_party\blink\renderer\core\script\modulator_impl_base.cc:141] "Import Map: \"http://127.0.0.1:5173/src/api/api.js\" matches with no entries and thus is not mapped."
[5864:23172:0702/132129.601:VERBOSE1:third_party\blink\renderer\core\script\modulator_impl_base.cc:141] "Import Map: \"http://127.0.0.1:5173/src/utils/dateUtils.js\" matches with no entries and thus is not mapped."
[5864:23172:0702/132129.601:VERBOSE1:third_party\blink\renderer\core\script\modulator_impl_base.cc:141] "Import Map: \"http://127.0.0.1:5173/src/pages/Suppliers.css?t=1782954564569\" matches with no entries and thus is not mapped."
[5864:23172:0702/132129.603:VERBOSE1:third_party\blink\renderer\core\script\modulator_impl_base.cc:141] "Import Map: \"http://127.0.0.1:5173/node_modules/.vite/deps/react_jsx-dev-runtime.js?v=d132295d\" matches with no entries and thus is not mapped."
[5864:23172:0702/132129.603:VERBOSE1:third_party\blink\renderer\core\script\modulator_impl_base.cc:141] "Import Map: \"http://127.0.0.1:5173/@react-refresh\" matches with no entries and thus is not mapped."
[5864:23172:0702/132129.603:VERBOSE1:third_party\blink\renderer\core\script\modulator_impl_base.cc:141] "Import Map: \"http://127.0.0.1:5173/src/pages/Suppliers.jsx?t=1782954564569\" matches with no entries and thus is not mapped."
[5864:23172:0702/132129.603:VERBOSE1:third_party\blink\renderer\core\script\modulator_impl_base.cc:141] "Import Map: \"http://127.0.0.1:5173/@vite/client\" matches with no entries and thus is not mapped."
[5864:23172:0702/132129.603:VERBOSE1:third_party\blink\renderer\core\script\modulator_impl_base.cc:141] "Import Map: \"http://127.0.0.1:5173/node_modules/.vite/deps/react.js?v=d132295d\" matches with no entries and thus is not mapped."
[5864:23172:0702/132129.603:VERBOSE1:third_party\blink\renderer\core\script\modulator_impl_base.cc:141] "Import Map: \"http://127.0.0.1:5173/src/api/api.js\" matches with no entries and thus is not mapped."
[5864:23172:0702/132129.603:VERBOSE1:third_party\blink\renderer\core\script\modulator_impl_base.cc:141] "Import Map: \"http://127.0.0.1:5173/src/pages/Customers.css?t=1782957696158\" matches with no entries and thus is not mapped."
[5864:23172:0702/132129.603:VERBOSE1:third_party\blink\renderer\core\script\modulator_impl_base.cc:141] "Import Map: \"http://127.0.0.1:5173/node_modules/.vite/deps/react_jsx-dev-runtime.js?v=d132295d\" matches with no entries and thus is not mapped."
[5864:23172:0702/132129.603:VERBOSE1:third_party\blink\renderer\core\script\modulator_impl_base.cc:141] "Import Map: \"http://127.0.0.1:5173/@react-refresh\" matches with no entries and thus is not mapped."
[5864:23172:0702/132129.603:VERBOSE1:third_party\blink\renderer\core\script\modulator_impl_base.cc:141] "Import Map: \"http://127.0.0.1:5173/src/pages/Customers.jsx?t=1782957716307\" matches with no entries and thus is not mapped."
[5864:23172:0702/132129.603:VERBOSE1:third_party\blink\renderer\core\script\modulator_impl_base.cc:141] "Import Map: \"http://127.0.0.1:5173/@vite/client\" matches with no entries and thus is not mapped."
[5864:23172:0702/132129.603:VERBOSE1:third_party\blink\renderer\core\script\modulator_impl_base.cc:141] "Import Map: \"http://127.0.0.1:5173/node_modules/.vite/deps/react.js?v=d132295d\" matches with no entries and thus is not mapped."
[5864:23172:0702/132129.603:VERBOSE1:third_party\blink\renderer\core\script\modulator_impl_base.cc:141] "Import Map: \"http://127.0.0.1:5173/src/api/api.js\" matches with no entries and thus is not mapped."
[5864:23172:0702/132129.603:VERBOSE1:third_party\blink\renderer\core\script\modulator_impl_base.cc:141] "Import Map: \"http://127.0.0.1:5173/src/utils/dateUtils.js\" matches with no entries and thus is not mapped."
[5864:23172:0702/132129.603:VERBOSE1:third_party\blink\renderer\core\script\modulator_impl_base.cc:141] "Import Map: \"http://127.0.0.1:5173/src/pages/Workers.css\" matches with no entries and thus is not mapped."
[5864:23172:0702/132129.603:VERBOSE1:third_party\blink\renderer\core\script\modulator_impl_base.cc:141] "Import Map: \"http://127.0.0.1:5173/node_modules/.vite/deps/react_jsx-dev-runtime.js?v=d132295d\" matches with no entries and thus is not mapped."
[5864:23172:0702/132129.603:VERBOSE1:third_party\blink\renderer\core\script\modulator_impl_base.cc:141] "Import Map: \"http://127.0.0.1:5173/@react-refresh\" matches with no entries and thus is not mapped."
[5864:23172:0702/132129.603:VERBOSE1:third_party\blink\renderer\core\script\modulator_impl_base.cc:141] "Import Map: \"http://127.0.0.1:5173/src/pages/Workers.jsx\" matches with no entries and thus is not mapped."
[5864:23172:0702/132129.604:VERBOSE1:third_party\blink\renderer\core\script\modulator_impl_base.cc:141] "Import Map: \"http://127.0.0.1:5173/@vite/client\" matches with no entries and thus is not mapped."
[5864:23172:0702/132129.604:VERBOSE1:third_party\blink\renderer\core\script\modulator_impl_base.cc:141] "Import Map: \"http://127.0.0.1:5173/node_modules/.vite/deps/react.js?v=d132295d\" matches with no entries and thus is not mapped."
[5864:23172:0702/132129.604:VERBOSE1:third_party\blink\renderer\core\script\modulator_impl_base.cc:141] "Import Map: \"http://127.0.0.1:5173/src/api/api.js\" matches with no entries and thus is not mapped."
[5864:23172:0702/132129.604:VERBOSE1:third_party\blink\renderer\core\script\modulator_impl_base.cc:141] "Import Map: \"http://127.0.0.1:5173/src/utils/dateUtils.js\" matches with no entries and thus is not mapped."
[5864:23172:0702/132129.604:VERBOSE1:third_party\blink\renderer\core\script\modulator_impl_base.cc:141] "Import Map: \"http://127.0.0.1:5173/src/pages/SupplierLedger.css?t=1782919063203\" matches with no entries and thus is not mapped."
[5864:23172:0702/132129.604:VERBOSE1:third_party\blink\renderer\core\script\modulator_impl_base.cc:141] "Import Map: \"http://127.0.0.1:5173/node_modules/.vite/deps/react_jsx-dev-runtime.js?v=d132295d\" matches with no entries and thus is not mapped."
[5864:23172:0702/132129.604:VERBOSE1:third_party\blink\renderer\core\script\modulator_impl_base.cc:141] "Import Map: \"http://127.0.0.1:5173/@react-refresh\" matches with no entries and thus is not mapped."
[5864:23172:0702/132129.604:VERBOSE1:third_party\blink\renderer\core\script\modulator_impl_base.cc:141] "Import Map: \"http://127.0.0.1:5173/src/pages/SupplierLedger.jsx?t=1782919063203\" matches with no entries and thus is not mapped."
[5864:23172:0702/132129.604:VERBOSE1:third_party\blink\renderer\core\script\modulator_impl_base.cc:141] "Import Map: \"http://127.0.0.1:5173/@vite/client\" matches with no entries and thus is not mapped."
[5864:23172:0702/132129.604:VERBOSE1:third_party\blink\renderer\core\script\modulator_impl_base.cc:141] "Import Map: \"http://127.0.0.1:5173/node_modules/.vite/deps/react.js?v=d132295d\" matches with no entries and thus is not mapped."
[5864:23172:0702/132129.604:VERBOSE1:third_party\blink\renderer\core\script\modulator_impl_base.cc:141] "Import Map: \"http://127.0.0.1:5173/src/api/api.js\" matches with no entries and thus is not mapped."
[5864:23172:0702/132129.604:VERBOSE1:third_party\blink\renderer\core\script\modulator_impl_base.cc:141] "Import Map: \"http://127.0.0.1:5173/src/pages/Orders.css?t=1782958484941\" matches with no entries and thus is not mapped."
[5864:23172:0702/132129.604:VERBOSE1:third_party\blink\renderer\core\script\modulator_impl_base.cc:141] "Import Map: \"http://127.0.0.1:5173/node_modules/.vite/deps/react_jsx-dev-runtime.js?v=d132295d\" matches with no entries and thus is not mapped."
[5864:23172:0702/132129.604:VERBOSE1:third_party\blink\renderer\core\script\modulator_impl_base.cc:141] "Import Map: \"http://127.0.0.1:5173/@react-refresh\" matches with no entries and thus is not mapped."
[5864:23172:0702/132129.604:VERBOSE1:third_party\blink\renderer\core\script\modulator_impl_base.cc:141] "Import Map: \"http://127.0.0.1:5173/src/pages/Orders.jsx?t=1782958484941\" matches with no entries and thus is not mapped."
[5864:23172:0702/132129.604:VERBOSE1:third_party\blink\renderer\core\script\modulator_impl_base.cc:141] "Import Map: \"http://127.0.0.1:5173/@vite/client\" matches with no entries and thus is not mapped."
[5864:23172:0702/132129.606:VERBOSE1:third_party\blink\renderer\core\script\modulator_impl_base.cc:141] "Import Map: \"http://127.0.0.1:5173/node_modules/.vite/deps/react.js?v=d132295d\" matches with no entries and thus is not mapped."
[5864:23172:0702/132129.606:VERBOSE1:third_party\blink\renderer\core\script\modulator_impl_base.cc:141] "Import Map: \"http://127.0.0.1:5173/src/api/api.js\" matches with no entries and thus is not mapped."
[5864:23172:0702/132129.606:VERBOSE1:third_party\blink\renderer\core\script\modulator_impl_base.cc:141] "Import Map: \"http://127.0.0.1:5173/src/pages/Manufacturing.css\" matches with no entries and thus is not mapped."
[5864:23172:0702/132129.606:VERBOSE1:third_party\blink\renderer\core\script\modulator_impl_base.cc:141] "Import Map: \"http://127.0.0.1:5173/node_modules/.vite/deps/react_jsx-dev-runtime.js?v=d132295d\" matches with no entries and thus is not mapped."
[5864:23172:0702/132129.606:VERBOSE1:third_party\blink\renderer\core\script\modulator_impl_base.cc:141] "Import Map: \"http://127.0.0.1:5173/@react-refresh\" matches with no entries and thus is not mapped."
[5864:23172:0702/132129.606:VERBOSE1:third_party\blink\renderer\core\script\modulator_impl_base.cc:141] "Import Map: \"http://127.0.0.1:5173/src/pages/Manufacturing.jsx\" matches with no entries and thus is not mapped."
[5864:23172:0702/132129.609:VERBOSE1:third_party\blink\renderer\core\script\modulator_impl_base.cc:141] "Import Map: \"http://127.0.0.1:5173/node_modules/.vite/deps/chunk-EAsCxrDo.js?v=d132295d\" matches with no entries and thus is not mapped."
[5864:23172:0702/132129.609:VERBOSE1:third_party\blink\renderer\core\script\modulator_impl_base.cc:141] "Import Map: \"http://127.0.0.1:5173/node_modules/.vite/deps/react.js?v=d132295d\" matches with no entries and thus is not mapped."
[5864:23172:0702/132129.609:VERBOSE1:third_party\blink\renderer\core\script\modulator_impl_base.cc:141] "Import Map: \"http://127.0.0.1:5173/node_modules/.vite/deps/react-dom.js?v=d132295d\" matches with no entries and thus is not mapped."
[5864:23172:0702/132129.609:VERBOSE1:third_party\blink\renderer\core\script\modulator_impl_base.cc:141] "Import Map: \"http://127.0.0.1:5173/@vite/client\" matches with no entries and thus is not mapped."
[5864:23172:0702/132129.609:VERBOSE1:third_party\blink\renderer\core\script\modulator_impl_base.cc:141] "Import Map: \"http://127.0.0.1:5173/node_modules/.vite/deps/react.js?v=d132295d\" matches with no entries and thus is not mapped."
[5864:23172:0702/132129.609:VERBOSE1:third_party\blink\renderer\core\script\modulator_impl_base.cc:141] "Import Map: \"http://127.0.0.1:5173/src/api/api.js\" matches with no entries and thus is not mapped."
[5864:23172:0702/132129.609:VERBOSE1:third_party\blink\renderer\core\script\modulator_impl_base.cc:141] "Import Map: \"http://127.0.0.1:5173/src/utils/dateUtils.js\" matches with no entries and thus is not mapped."
[5864:23172:0702/132129.609:VERBOSE1:third_party\blink\renderer\core\script\modulator_impl_base.cc:141] "Import Map: \"http://127.0.0.1:5173/src/pages/FollowUps.css\" matches with no entries and thus is not mapped."
[5864:23172:0702/132129.609:VERBOSE1:third_party\blink\renderer\core\script\modulator_impl_base.cc:141] "Import Map: \"http://127.0.0.1:5173/node_modules/.vite/deps/react_jsx-dev-runtime.js?v=d132295d\" matches with no entries and thus is not mapped."
[5864:23172:0702/132129.609:VERBOSE1:third_party\blink\renderer\core\script\modulator_impl_base.cc:141] "Import Map: \"http://127.0.0.1:5173/@react-refresh\" matches with no entries and thus is not mapped."
[5864:23172:0702/132129.609:VERBOSE1:third_party\blink\renderer\core\script\modulator_impl_base.cc:141] "Import Map: \"http://127.0.0.1:5173/src/pages/FollowUps.jsx\" matches with no entries and thus is not mapped."
[5864:23172:0702/132129.610:VERBOSE1:third_party\blink\renderer\core\script\modulator_impl_base.cc:141] "Import Map: \"http://127.0.0.1:5173/@vite/client\" matches with no entries and thus is not mapped."
[5864:23172:0702/132129.610:VERBOSE1:third_party\blink\renderer\core\script\modulator_impl_base.cc:141] "Import Map: \"http://127.0.0.1:5173/node_modules/.vite/deps/react.js?v=d132295d\" matches with no entries and thus is not mapped."
[5864:23172:0702/132129.610:VERBOSE1:third_party\blink\renderer\core\script\modulator_impl_base.cc:141] "Import Map: \"http://127.0.0.1:5173/src/api/api.js\" matches with no entries and thus is not mapped."
[5864:23172:0702/132129.610:VERBOSE1:third_party\blink\renderer\core\script\modulator_impl_base.cc:141] "Import Map: \"http://127.0.0.1:5173/src/utils/dateUtils.js\" matches with no entries and thus is not mapped."
[5864:23172:0702/132129.610:VERBOSE1:third_party\blink\renderer\core\script\modulator_impl_base.cc:141] "Import Map: \"http://127.0.0.1:5173/src/pages/Shipping.css\" matches with no entries and thus is not mapped."
[5864:23172:0702/132129.610:VERBOSE1:third_party\blink\renderer\core\script\modulator_impl_base.cc:141] "Import Map: \"http://127.0.0.1:5173/node_modules/.vite/deps/react_jsx-dev-runtime.js?v=d132295d\" matches with no entries and thus is not mapped."
[5864:23172:0702/132129.610:VERBOSE1:third_party\blink\renderer\core\script\modulator_impl_base.cc:141] "Import Map: \"http://127.0.0.1:5173/@react-refresh\" matches with no entries and thus is not mapped."
[5864:23172:0702/132129.610:VERBOSE1:third_party\blink\renderer\core\script\modulator_impl_base.cc:141] "Import Map: \"http://127.0.0.1:5173/src/pages/Shipping.jsx\" matches with no entries and thus is not mapped."
[5864:23172:0702/132129.610:VERBOSE1:third_party\blink\renderer\core\script\modulator_impl_base.cc:141] "Import Map: \"http://127.0.0.1:5173/@vite/client\" matches with no entries and thus is not mapped."
[5864:23172:0702/132129.610:VERBOSE1:third_party\blink\renderer\core\script\modulator_impl_base.cc:141] "Import Map: \"http://127.0.0.1:5173/node_modules/.vite/deps/react.js?v=d132295d\" matches with no entries and thus is not mapped."
[5864:23172:0702/132129.610:VERBOSE1:third_party\blink\renderer\core\script\modulator_impl_base.cc:141] "Import Map: \"http://127.0.0.1:5173/src/api/api.js\" matches with no entries and thus is not mapped."
[5864:23172:0702/132129.610:VERBOSE1:third_party\blink\renderer\core\script\modulator_impl_base.cc:141] "Import Map: \"http://127.0.0.1:5173/src/pages/Payouts.css\" matches with no entries and thus is not mapped."
[5864:23172:0702/132129.610:VERBOSE1:third_party\blink\renderer\core\script\modulator_impl_base.cc:141] "Import Map: \"http://127.0.0.1:5173/node_modules/.vite/deps/react_jsx-dev-runtime.js?v=d132295d\" matches with no entries and thus is not mapped."
[5864:23172:0702/132129.610:VERBOSE1:third_party\blink\renderer\core\script\modulator_impl_base.cc:141] "Import Map: \"http://127.0.0.1:5173/@react-refresh\" matches with no entries and thus is not mapped."
[5864:23172:0702/132129.610:VERBOSE1:third_party\blink\renderer\core\script\modulator_impl_base.cc:141] "Import Map: \"http://127.0.0.1:5173/src/pages/Payouts.jsx\" matches with no entries and thus is not mapped."
[5864:23172:0702/132129.610:VERBOSE1:third_party\blink\renderer\core\script\modulator_impl_base.cc:141] "Import Map: \"http://127.0.0.1:5173/@vite/client\" matches with no entries and thus is not mapped."
[5864:23172:0702/132129.610:VERBOSE1:third_party\blink\renderer\core\script\modulator_impl_base.cc:141] "Import Map: \"http://127.0.0.1:5173/node_modules/.vite/deps/react.js?v=d132295d\" matches with no entries and thus is not mapped."
[5864:23172:0702/132129.612:VERBOSE1:third_party\blink\renderer\core\script\modulator_impl_base.cc:141] "Import Map: \"http://127.0.0.1:5173/src/api/api.js\" matches with no entries and thus is not mapped."
[5864:23172:0702/132129.612:VERBOSE1:third_party\blink\renderer\core\script\modulator_impl_base.cc:141] "Import Map: \"http://127.0.0.1:5173/src/utils/dateUtils.js\" matches with no entries and thus is not mapped."
[5864:23172:0702/132129.612:VERBOSE1:third_party\blink\renderer\core\script\modulator_impl_base.cc:141] "Import Map: \"http://127.0.0.1:5173/src/pages/ShippingBalance.css\" matches with no entries and thus is not mapped."
[5864:23172:0702/132129.612:VERBOSE1:third_party\blink\renderer\core\script\modulator_impl_base.cc:141] "Import Map: \"http://127.0.0.1:5173/node_modules/.vite/deps/react_jsx-dev-runtime.js?v=d132295d\" matches with no entries and thus is not mapped."
[5864:23172:0702/132129.612:VERBOSE1:third_party\blink\renderer\core\script\modulator_impl_base.cc:141] "Import Map: \"http://127.0.0.1:5173/@react-refresh\" matches with no entries and thus is not mapped."
[5864:23172:0702/132129.612:VERBOSE1:third_party\blink\renderer\core\script\modulator_impl_base.cc:141] "Import Map: \"http://127.0.0.1:5173/src/pages/ShippingBalance.jsx\" matches with no entries and thus is not mapped."
[5864:23172:0702/132129.614:VERBOSE1:third_party\blink\renderer\core\script\modulator_impl_base.cc:141] "Import Map: \"http://127.0.0.1:5173/@vite/client\" matches with no entries and thus is not mapped."
[5864:23172:0702/132129.614:VERBOSE1:third_party\blink\renderer\core\script\modulator_impl_base.cc:141] "Import Map: \"http://127.0.0.1:5173/node_modules/.vite/deps/react.js?v=d132295d\" matches with no entries and thus is not mapped."
[5864:23172:0702/132129.614:VERBOSE1:third_party\blink\renderer\core\script\modulator_impl_base.cc:141] "Import Map: \"http://127.0.0.1:5173/src/api/api.js\" matches with no entries and thus is not mapped."
[5864:23172:0702/132129.614:VERBOSE1:third_party\blink\renderer\core\script\modulator_impl_base.cc:141] "Import Map: \"http://127.0.0.1:5173/src/utils/dateUtils.js\" matches with no entries and thus is not mapped."
[5864:23172:0702/132129.614:VERBOSE1:third_party\blink\renderer\core\script\modulator_impl_base.cc:141] "Import Map: \"http://127.0.0.1:5173/src/pages/Payments.css\" matches with no entries and thus is not mapped."
[5864:23172:0702/132129.614:VERBOSE1:third_party\blink\renderer\core\script\modulator_impl_base.cc:141] "Import Map: \"http://127.0.0.1:5173/node_modules/.vite/deps/react_jsx-dev-runtime.js?v=d132295d\" matches with no entries and thus is not mapped."
[5864:23172:0702/132129.614:VERBOSE1:third_party\blink\renderer\core\script\modulator_impl_base.cc:141] "Import Map: \"http://127.0.0.1:5173/@react-refresh\" matches with no entries and thus is not mapped."
[5864:23172:0702/132129.614:VERBOSE1:third_party\blink\renderer\core\script\modulator_impl_base.cc:141] "Import Map: \"http://127.0.0.1:5173/src/pages/Payments.jsx\" matches with no entries and thus is not mapped."
[5764:19836:0702/132129.614:VERBOSE1:net\base\network_delegate.cc:38] NetworkDelegate::NotifyBeforeURLRequest: http://127.0.0.1:5173/src/pages/Suppliers.css?t=1782954564569
[5764:19836:0702/132129.614:VERBOSE1:net\base\network_delegate.cc:38] NetworkDelegate::NotifyBeforeURLRequest: http://127.0.0.1:5173/src/pages/Customers.css?t=1782957696158
[5864:23172:0702/132129.614:VERBOSE1:third_party\blink\renderer\core\script\modulator_impl_base.cc:141] "Import Map: \"http://127.0.0.1:5173/@vite/client\" matches with no entries and thus is not mapped."
[5864:23172:0702/132129.614:VERBOSE1:third_party\blink\renderer\core\script\modulator_impl_base.cc:141] "Import Map: \"http://127.0.0.1:5173/node_modules/.vite/deps/react.js?v=d132295d\" matches with no entries and thus is not mapped."
[5864:23172:0702/132129.614:VERBOSE1:third_party\blink\renderer\core\script\modulator_impl_base.cc:141] "Import Map: \"http://127.0.0.1:5173/src/api/api.js\" matches with no entries and thus is not mapped."
[5864:23172:0702/132129.614:VERBOSE1:third_party\blink\renderer\core\script\modulator_impl_base.cc:141] "Import Map: \"http://127.0.0.1:5173/src/utils/dateUtils.js\" matches with no entries and thus is not mapped."
[5864:23172:0702/132129.614:VERBOSE1:third_party\blink\renderer\core\script\modulator_impl_base.cc:141] "Import Map: \"http://127.0.0.1:5173/src/pages/Production.css?t=1782977025717\" matches with no entries and thus is not mapped."
[5864:23172:0702/132129.614:VERBOSE1:third_party\blink\renderer\core\script\modulator_impl_base.cc:141] "Import Map: \"http://127.0.0.1:5173/node_modules/.vite/deps/react_jsx-dev-runtime.js?v=d132295d\" matches with no entries and thus is not mapped."
[5864:23172:0702/132129.614:VERBOSE1:third_party\blink\renderer\core\script\modulator_impl_base.cc:141] "Import Map: \"http://127.0.0.1:5173/@react-refresh\" matches with no entries and thus is not mapped."
[5864:23172:0702/132129.614:VERBOSE1:third_party\blink\renderer\core\script\modulator_impl_base.cc:141] "Import Map: \"http://127.0.0.1:5173/src/pages/MyTasks.jsx?t=1782977340712\" matches with no entries and thus is not mapped."
[5764:19836:0702/132129.616:VERBOSE1:net\base\network_delegate.cc:38] NetworkDelegate::NotifyBeforeURLRequest: http://127.0.0.1:5173/src/pages/Workers.css
[5864:23172:0702/132129.616:VERBOSE1:third_party\blink\renderer\core\script\modulator_impl_base.cc:141] "Import Map: \"http://127.0.0.1:5173/@vite/client\" matches with no entries and thus is not mapped."
[5864:23172:0702/132129.616:VERBOSE1:third_party\blink\renderer\core\script\modulator_impl_base.cc:141] "Import Map: \"http://127.0.0.1:5173/node_modules/.vite/deps/react.js?v=d132295d\" matches with no entries and thus is not mapped."
[5864:23172:0702/132129.616:VERBOSE1:third_party\blink\renderer\core\script\modulator_impl_base.cc:141] "Import Map: \"http://127.0.0.1:5173/src/api/api.js\" matches with no entries and thus is not mapped."
[5864:23172:0702/132129.616:VERBOSE1:third_party\blink\renderer\core\script\modulator_impl_base.cc:141] "Import Map: \"http://127.0.0.1:5173/src/pages/Accounting.css\" matches with no entries and thus is not mapped."
[5864:23172:0702/132129.616:VERBOSE1:third_party\blink\renderer\core\script\modulator_impl_base.cc:141] "Import Map: \"http://127.0.0.1:5173/node_modules/.vite/deps/react_jsx-dev-runtime.js?v=d132295d\" matches with no entries and thus is not mapped."
[5864:23172:0702/132129.616:VERBOSE1:third_party\blink\renderer\core\script\modulator_impl_base.cc:141] "Import Map: \"http://127.0.0.1:5173/@react-refresh\" matches with no entries and thus is not mapped."
[5864:23172:0702/132129.616:VERBOSE1:third_party\blink\renderer\core\script\modulator_impl_base.cc:141] "Import Map: \"http://127.0.0.1:5173/src/pages/Accounting.jsx\" matches with no entries and thus is not mapped."
[5764:19836:0702/132129.616:VERBOSE1:net\base\network_delegate.cc:38] NetworkDelegate::NotifyBeforeURLRequest: http://127.0.0.1:5173/src/pages/SupplierLedger.css?t=1782919063203
[5864:23172:0702/132129.621:VERBOSE1:third_party\blink\renderer\core\script\modulator_impl_base.cc:141] "Import Map: \"http://127.0.0.1:5173/@vite/client\" matches with no entries and thus is not mapped."
[5864:23172:0702/132129.621:VERBOSE1:third_party\blink\renderer\core\script\modulator_impl_base.cc:141] "Import Map: \"http://127.0.0.1:5173/node_modules/.vite/deps/react.js?v=d132295d\" matches with no entries and thus is not mapped."
[5864:23172:0702/132129.621:VERBOSE1:third_party\blink\renderer\core\script\modulator_impl_base.cc:141] "Import Map: \"http://127.0.0.1:5173/src/api/api.js\" matches with no entries and thus is not mapped."
[5864:23172:0702/132129.621:VERBOSE1:third_party\blink\renderer\core\script\modulator_impl_base.cc:141] "Import Map: \"http://127.0.0.1:5173/src/utils/dateUtils.js\" matches with no entries and thus is not mapped."
[5864:23172:0702/132129.621:VERBOSE1:third_party\blink\renderer\core\script\modulator_impl_base.cc:141] "Import Map: \"http://127.0.0.1:5173/src/pages/Production.css?t=1782977025717\" matches with no entries and thus is not mapped."
[5864:23172:0702/132129.621:VERBOSE1:third_party\blink\renderer\core\script\modulator_impl_base.cc:141] "Import Map: \"http://127.0.0.1:5173/node_modules/.vite/deps/react_jsx-dev-runtime.js?v=d132295d\" matches with no entries and thus is not mapped."
[5864:23172:0702/132129.621:VERBOSE1:third_party\blink\renderer\core\script\modulator_impl_base.cc:141] "Import Map: \"http://127.0.0.1:5173/@react-refresh\" matches with no entries and thus is not mapped."
[5864:23172:0702/132129.621:VERBOSE1:third_party\blink\renderer\core\script\modulator_impl_base.cc:141] "Import Map: \"http://127.0.0.1:5173/src/pages/Production.jsx?t=1782977025717\" matches with no entries and thus is not mapped."
[5764:19836:0702/132129.623:VERBOSE1:net\base\network_delegate.cc:38] NetworkDelegate::NotifyBeforeURLRequest: http://127.0.0.1:5173/src/pages/Orders.css?t=1782958484941
[5864:23172:0702/132129.623:VERBOSE1:third_party\blink\renderer\core\script\modulator_impl_base.cc:141] "Import Map: \"http://127.0.0.1:5173/@vite/client\" matches with no entries and thus is not mapped."
[5864:23172:0702/132129.623:VERBOSE1:third_party\blink\renderer\core\script\modulator_impl_base.cc:141] "Import Map: \"http://127.0.0.1:5173/node_modules/.vite/deps/react.js?v=d132295d\" matches with no entries and thus is not mapped."
[5864:23172:0702/132129.623:VERBOSE1:third_party\blink\renderer\core\script\modulator_impl_base.cc:141] "Import Map: \"http://127.0.0.1:5173/src/pages/Quotes.css\" matches with no entries and thus is not mapped."
[5864:23172:0702/132129.623:VERBOSE1:third_party\blink\renderer\core\script\modulator_impl_base.cc:141] "Import Map: \"http://127.0.0.1:5173/node_modules/.vite/deps/react_jsx-dev-runtime.js?v=d132295d\" matches with no entries and thus is not mapped."
[5864:23172:0702/132129.623:VERBOSE1:third_party\blink\renderer\core\script\modulator_impl_base.cc:141] "Import Map: \"http://127.0.0.1:5173/@react-refresh\" matches with no entries and thus is not mapped."
[5864:23172:0702/132129.623:VERBOSE1:third_party\blink\renderer\core\script\modulator_impl_base.cc:141] "Import Map: \"http://127.0.0.1:5173/src/pages/Quotes.jsx\" matches with no entries and thus is not mapped."
[5864:23172:0702/132129.623:VERBOSE1:third_party\blink\renderer\core\script\modulator_impl_base.cc:141] "Import Map: \"http://127.0.0.1:5173/@vite/client\" matches with no entries and thus is not mapped."
[5864:23172:0702/132129.623:VERBOSE1:third_party\blink\renderer\core\script\modulator_impl_base.cc:141] "Import Map: \"http://127.0.0.1:5173/node_modules/.vite/deps/react.js?v=d132295d\" matches with no entries and thus is not mapped."
[5764:19836:0702/132129.623:VERBOSE1:net\base\network_delegate.cc:38] NetworkDelegate::NotifyBeforeURLRequest: http://127.0.0.1:5173/src/pages/Manufacturing.css
[5864:23172:0702/132129.623:VERBOSE1:third_party\blink\renderer\core\script\modulator_impl_base.cc:141] "Import Map: \"http://127.0.0.1:5173/src/pages/TempData.css\" matches with no entries and thus is not mapped."
[5864:23172:0702/132129.623:VERBOSE1:third_party\blink\renderer\core\script\modulator_impl_base.cc:141] "Import Map: \"http://127.0.0.1:5173/node_modules/.vite/deps/react_jsx-dev-runtime.js?v=d132295d\" matches with no entries and thus is not mapped."
[5864:23172:0702/132129.623:VERBOSE1:third_party\blink\renderer\core\script\modulator_impl_base.cc:141] "Import Map: \"http://127.0.0.1:5173/@react-refresh\" matches with no entries and thus is not mapped."
[5864:23172:0702/132129.623:VERBOSE1:third_party\blink\renderer\core\script\modulator_impl_base.cc:141] "Import Map: \"http://127.0.0.1:5173/src/pages/TempData.jsx\" matches with no entries and thus is not mapped."
[5764:19836:0702/132129.623:VERBOSE1:net\base\network_delegate.cc:38] NetworkDelegate::NotifyBeforeURLRequest: http://127.0.0.1:5173/node_modules/.vite/deps/react-dom.js?v=d132295d
[5764:19836:0702/132129.623:VERBOSE1:net\base\network_delegate.cc:38] NetworkDelegate::NotifyBeforeURLRequest: http://127.0.0.1:5173/src/pages/FollowUps.css
[5764:19836:0702/132129.624:VERBOSE1:net\base\network_delegate.cc:38] NetworkDelegate::NotifyBeforeURLRequest: http://127.0.0.1:5173/src/pages/Shipping.css
[5764:19836:0702/132129.625:VERBOSE1:net\base\network_delegate.cc:38] NetworkDelegate::NotifyBeforeURLRequest: http://127.0.0.1:5173/src/pages/Payouts.css
[5764:19836:0702/132129.625:VERBOSE1:net\base\network_delegate.cc:38] NetworkDelegate::NotifyBeforeURLRequest: http://127.0.0.1:5173/src/pages/ShippingBalance.css
[5764:19836:0702/132129.625:VERBOSE1:net\base\network_delegate.cc:38] NetworkDelegate::NotifyBeforeURLRequest: http://127.0.0.1:5173/src/pages/Payments.css
[5764:19836:0702/132129.625:VERBOSE1:net\base\network_delegate.cc:38] NetworkDelegate::NotifyBeforeURLRequest: http://127.0.0.1:5173/src/pages/Production.css?t=1782977025717
[5764:19836:0702/132129.625:VERBOSE1:net\base\network_delegate.cc:38] NetworkDelegate::NotifyBeforeURLRequest: http://127.0.0.1:5173/src/pages/Accounting.css
[5864:23172:0702/132129.627:VERBOSE1:third_party\blink\renderer\core\script\modulator_impl_base.cc:141] "Import Map: \"http://127.0.0.1:5173/@vite/client\" matches with no entries and thus is not mapped."
[5864:23172:0702/132129.627:VERBOSE1:third_party\blink\renderer\core\script\modulator_impl_base.cc:141] "Import Map: \"http://127.0.0.1:5173/node_modules/.vite/deps/react.js?v=d132295d\" matches with no entries and thus is not mapped."
[5864:23172:0702/132129.627:VERBOSE1:third_party\blink\renderer\core\script\modulator_impl_base.cc:141] "Import Map: \"http://127.0.0.1:5173/src/api/api.js\" matches with no entries and thus is not mapped."
[5864:23172:0702/132129.627:VERBOSE1:third_party\blink\renderer\core\script\modulator_impl_base.cc:141] "Import Map: \"http://127.0.0.1:5173/src/pages/Users.css\" matches with no entries and thus is not mapped."
[5864:23172:0702/132129.627:VERBOSE1:third_party\blink\renderer\core\script\modulator_impl_base.cc:141] "Import Map: \"http://127.0.0.1:5173/src/pages/Settings.css\" matches with no entries and thus is not mapped."
[5864:23172:0702/132129.627:VERBOSE1:third_party\blink\renderer\core\script\modulator_impl_base.cc:141] "Import Map: \"http://127.0.0.1:5173/node_modules/.vite/deps/react_jsx-dev-runtime.js?v=d132295d\" matches with no entries and thus is not mapped."
[5864:23172:0702/132129.627:VERBOSE1:third_party\blink\renderer\core\script\modulator_impl_base.cc:141] "Import Map: \"http://127.0.0.1:5173/@react-refresh\" matches with no entries and thus is not mapped."
[5864:23172:0702/132129.627:VERBOSE1:third_party\blink\renderer\core\script\modulator_impl_base.cc:141] "Import Map: \"http://127.0.0.1:5173/src/pages/Settings.jsx\" matches with no entries and thus is not mapped."
[5764:19836:0702/132129.627:VERBOSE1:net\base\network_delegate.cc:38] NetworkDelegate::NotifyBeforeURLRequest: http://127.0.0.1:5173/src/pages/Quotes.css
[5764:19836:0702/132129.627:VERBOSE1:net\base\network_delegate.cc:38] NetworkDelegate::NotifyBeforeURLRequest: http://127.0.0.1:5173/src/pages/TempData.css
[5764:19836:0702/132129.629:VERBOSE1:net\base\network_delegate.cc:38] NetworkDelegate::NotifyBeforeURLRequest: http://127.0.0.1:5173/src/pages/Users.css
[5764:19836:0702/132129.631:VERBOSE1:net\base\network_delegate.cc:38] NetworkDelegate::NotifyBeforeURLRequest: http://127.0.0.1:5173/src/pages/Settings.css
[5864:23172:0702/132129.632:VERBOSE1:third_party\blink\renderer\core\script\modulator_impl_base.cc:141] "Import Map: \"http://127.0.0.1:5173/@vite/client\" matches with no entries and thus is not mapped."
[5864:23172:0702/132129.632:VERBOSE1:third_party\blink\renderer\core\script\modulator_impl_base.cc:141] "Import Map: \"http://127.0.0.1:5173/node_modules/.vite/deps/react.js?v=d132295d\" matches with no entries and thus is not mapped."
[5864:23172:0702/132129.632:VERBOSE1:third_party\blink\renderer\core\script\modulator_impl_base.cc:141] "Import Map: \"http://127.0.0.1:5173/src/api/api.js\" matches with no entries and thus is not mapped."
[5864:23172:0702/132129.632:VERBOSE1:third_party\blink\renderer\core\script\modulator_impl_base.cc:141] "Import Map: \"http://127.0.0.1:5173/src/utils/dateUtils.js\" matches with no entries and thus is not mapped."
[5864:23172:0702/132129.632:VERBOSE1:third_party\blink\renderer\core\script\modulator_impl_base.cc:141] "Import Map: \"http://127.0.0.1:5173/src/pages/Users.css\" matches with no entries and thus is not mapped."
[5864:23172:0702/132129.632:VERBOSE1:third_party\blink\renderer\core\script\modulator_impl_base.cc:141] "Import Map: \"http://127.0.0.1:5173/node_modules/.vite/deps/react_jsx-dev-runtime.js?v=d132295d\" matches with no entries and thus is not mapped."
[5864:23172:0702/132129.632:VERBOSE1:third_party\blink\renderer\core\script\modulator_impl_base.cc:141] "Import Map: \"http://127.0.0.1:5173/@react-refresh\" matches with no entries and thus is not mapped."
[5864:23172:0702/132129.632:VERBOSE1:third_party\blink\renderer\core\script\modulator_impl_base.cc:141] "Import Map: \"http://127.0.0.1:5173/src/pages/Users.jsx\" matches with no entries and thus is not mapped."
[5864:23172:0702/132129.640:VERBOSE1:third_party\blink\renderer\core\script\modulator_impl_base.cc:141] "Import Map: \"http://127.0.0.1:5173/@vite/client\" matches with no entries and thus is not mapped."
[5864:23172:0702/132129.640:VERBOSE1:third_party\blink\renderer\core\script\modulator_impl_base.cc:141] "Import Map: \"http://127.0.0.1:5173/node_modules/.vite/deps/react.js?v=d132295d\" matches with no entries and thus is not mapped."
[5864:23172:0702/132129.640:VERBOSE1:third_party\blink\renderer\core\script\modulator_impl_base.cc:141] "Import Map: \"http://127.0.0.1:5173/src/api/api.js\" matches with no entries and thus is not mapped."
[5864:23172:0702/132129.640:VERBOSE1:third_party\blink\renderer\core\script\modulator_impl_base.cc:141] "Import Map: \"http://127.0.0.1:5173/src/utils/dateUtils.js\" matches with no entries and thus is not mapped."
[5864:23172:0702/132129.640:VERBOSE1:third_party\blink\renderer\core\script\modulator_impl_base.cc:141] "Import Map: \"http://127.0.0.1:5173/src/utils/reportPdf.js\" matches with no entries and thus is not mapped."
[5864:23172:0702/132129.640:VERBOSE1:third_party\blink\renderer\core\script\modulator_impl_base.cc:141] "Import Map: \"http://127.0.0.1:5173/src/pages/Reports.css\" matches with no entries and thus is not mapped."
[5864:23172:0702/132129.640:VERBOSE1:third_party\blink\renderer\core\script\modulator_impl_base.cc:141] "Import Map: \"http://127.0.0.1:5173/node_modules/.vite/deps/react_jsx-dev-runtime.js?v=d132295d\" matches with no entries and thus is not mapped."
[5864:23172:0702/132129.640:VERBOSE1:third_party\blink\renderer\core\script\modulator_impl_base.cc:141] "Import Map: \"http://127.0.0.1:5173/@react-refresh\" matches with no entries and thus is not mapped."
[5864:23172:0702/132129.640:VERBOSE1:third_party\blink\renderer\core\script\modulator_impl_base.cc:141] "Import Map: \"http://127.0.0.1:5173/src/pages/Reports.jsx\" matches with no entries and thus is not mapped."
[5764:19836:0702/132129.643:VERBOSE1:net\base\network_delegate.cc:38] NetworkDelegate::NotifyBeforeURLRequest: http://127.0.0.1:5173/src/utils/reportPdf.js
[5764:19836:0702/132129.643:VERBOSE1:net\base\network_delegate.cc:38] NetworkDelegate::NotifyBeforeURLRequest: http://127.0.0.1:5173/src/pages/Reports.css
[5864:23172:0702/132129.643:VERBOSE1:third_party\blink\renderer\core\script\modulator_impl_base.cc:141] "Import Map: \"http://127.0.0.1:5173/@vite/client\" matches with no entries and thus is not mapped."
[5864:23172:0702/132129.643:VERBOSE1:third_party\blink\renderer\core\script\modulator_impl_base.cc:141] "Import Map: \"http://127.0.0.1:5173/node_modules/.vite/deps/react.js?v=d132295d\" matches with no entries and thus is not mapped."
[5864:23172:0702/132129.643:VERBOSE1:third_party\blink\renderer\core\script\modulator_impl_base.cc:141] "Import Map: \"http://127.0.0.1:5173/src/api/api.js\" matches with no entries and thus is not mapped."
[5864:23172:0702/132129.643:VERBOSE1:third_party\blink\renderer\core\script\modulator_impl_base.cc:141] "Import Map: \"http://127.0.0.1:5173/src/pages/Login.css\" matches with no entries and thus is not mapped."
[5864:23172:0702/132129.643:VERBOSE1:third_party\blink\renderer\core\script\modulator_impl_base.cc:141] "Import Map: \"http://127.0.0.1:5173/node_modules/.vite/deps/react_jsx-dev-runtime.js?v=d132295d\" matches with no entries and thus is not mapped."
[5864:23172:0702/132129.643:VERBOSE1:third_party\blink\renderer\core\script\modulator_impl_base.cc:141] "Import Map: \"http://127.0.0.1:5173/@react-refresh\" matches with no entries and thus is not mapped."
[5864:23172:0702/132129.643:VERBOSE1:third_party\blink\renderer\core\script\modulator_impl_base.cc:141] "Import Map: \"http://127.0.0.1:5173/src/pages/Login.jsx\" matches with no entries and thus is not mapped."
[5864:23172:0702/132129.647:VERBOSE1:third_party\blink\renderer\core\script\modulator_impl_base.cc:141] "Import Map: \"http://127.0.0.1:5173/@vite/client\" matches with no entries and thus is not mapped."
[5864:23172:0702/132129.647:VERBOSE1:third_party\blink\renderer\core\script\modulator_impl_base.cc:141] "Import Map: \"http://127.0.0.1:5173/node_modules/.vite/deps/react.js?v=d132295d\" matches with no entries and thus is not mapped."
[5864:23172:0702/132129.647:VERBOSE1:third_party\blink\renderer\core\script\modulator_impl_base.cc:141] "Import Map: \"http://127.0.0.1:5173/src/pages/Messages.css\" matches with no entries and thus is not mapped."
[5864:23172:0702/132129.647:VERBOSE1:third_party\blink\renderer\core\script\modulator_impl_base.cc:141] "Import Map: \"http://127.0.0.1:5173/node_modules/.vite/deps/react_jsx-dev-runtime.js?v=d132295d\" matches with no entries and thus is not mapped."
[5864:23172:0702/132129.647:VERBOSE1:third_party\blink\renderer\core\script\modulator_impl_base.cc:141] "Import Map: \"http://127.0.0.1:5173/@react-refresh\" matches with no entries and thus is not mapped."
[5864:23172:0702/132129.647:VERBOSE1:third_party\blink\renderer\core\script\modulator_impl_base.cc:141] "Import Map: \"http://127.0.0.1:5173/src/pages/Messages.jsx\" matches with no entries and thus is not mapped."
[5864:23172:0702/132129.647:VERBOSE1:third_party\blink\renderer\core\script\modulator_impl_base.cc:141] "Import Map: \"http://127.0.0.1:5173/@vite/client\" matches with no entries and thus is not mapped."
[5764:19836:0702/132129.647:VERBOSE1:net\base\network_delegate.cc:38] NetworkDelegate::NotifyBeforeURLRequest: http://127.0.0.1:5173/src/pages/Login.css
[5764:19836:0702/132129.653:VERBOSE1:net\base\network_delegate.cc:38] NetworkDelegate::NotifyBeforeURLRequest: http://127.0.0.1:5173/src/pages/Messages.css
[5864:23172:0702/132129.656:VERBOSE1:third_party\blink\renderer\core\script\modulator_impl_base.cc:141] "Import Map: \"http://127.0.0.1:5173/@vite/client\" matches with no entries and thus is not mapped."
[5864:23172:0702/132129.657:VERBOSE1:third_party\blink\renderer\core\script\modulator_impl_base.cc:141] "Import Map: \"http://127.0.0.1:5173/@vite/client\" matches with no entries and thus is not mapped."
[5864:23172:0702/132129.657:VERBOSE1:third_party\blink\renderer\core\script\modulator_impl_base.cc:141] "Import Map: \"http://127.0.0.1:5173/node_modules/.vite/deps/chunk-EAsCxrDo.js?v=d132295d\" matches with no entries and thus is not mapped."
[5864:23172:0702/132129.661:VERBOSE1:third_party\blink\renderer\core\script\modulator_impl_base.cc:141] "Import Map: \"http://127.0.0.1:5173/@vite/client\" matches with no entries and thus is not mapped."
[5864:23172:0702/132129.663:VERBOSE1:third_party\blink\renderer\core\script\modulator_impl_base.cc:141] "Import Map: \"http://127.0.0.1:5173/@vite/client\" matches with no entries and thus is not mapped."
[5864:23172:0702/132129.674:VERBOSE1:third_party\blink\renderer\core\script\modulator_impl_base.cc:141] "Import Map: \"http://127.0.0.1:5173/@vite/client\" matches with no entries and thus is not mapped."
[5864:23172:0702/132129.675:VERBOSE1:third_party\blink\renderer\core\script\modulator_impl_base.cc:141] "Import Map: \"http://127.0.0.1:5173/@vite/client\" matches with no entries and thus is not mapped."
[5864:23172:0702/132129.675:VERBOSE1:third_party\blink\renderer\core\script\modulator_impl_base.cc:141] "Import Map: \"http://127.0.0.1:5173/@vite/client\" matches with no entries and thus is not mapped."
[5864:23172:0702/132129.675:VERBOSE1:third_party\blink\renderer\core\script\modulator_impl_base.cc:141] "Import Map: \"http://127.0.0.1:5173/@vite/client\" matches with no entries and thus is not mapped."
[5864:23172:0702/132129.677:VERBOSE1:third_party\blink\renderer\core\script\modulator_impl_base.cc:141] "Import Map: \"http://127.0.0.1:5173/@vite/client\" matches with no entries and thus is not mapped."
[5864:23172:0702/132129.684:VERBOSE1:third_party\blink\renderer\core\script\modulator_impl_base.cc:141] "Import Map: \"http://127.0.0.1:5173/@vite/client\" matches with no entries and thus is not mapped."
[5764:19836:0702/132129.698:VERBOSE1:net\third_party\quiche\src\quiche\quic\core\tls_handshaker.cc:109] TlsClient: Continuing handshake
[5864:23172:0702/132129.701:VERBOSE1:third_party\blink\renderer\core\script\modulator_impl_base.cc:141] "Import Map: \"http://127.0.0.1:5173/@vite/client\" matches with no entries and thus is not mapped."
[5864:23172:0702/132129.701:VERBOSE1:third_party\blink\renderer\core\script\modulator_impl_base.cc:141] "Import Map: \"http://127.0.0.1:5173/@vite/client\" matches with no entries and thus is not mapped."
[5864:23172:0702/132129.701:VERBOSE1:third_party\blink\renderer\core\script\modulator_impl_base.cc:141] "Import Map: \"http://127.0.0.1:5173/@vite/client\" matches with no entries and thus is not mapped."
[5864:23172:0702/132129.702:VERBOSE1:third_party\blink\renderer\core\script\modulator_impl_base.cc:141] "Import Map: \"http://127.0.0.1:5173/@vite/client\" matches with no entries and thus is not mapped."
[5864:23172:0702/132129.702:VERBOSE1:third_party\blink\renderer\core\script\modulator_impl_base.cc:141] "Import Map: \"http://127.0.0.1:5173/@vite/client\" matches with no entries and thus is not mapped."
[5864:23172:0702/132129.702:VERBOSE1:third_party\blink\renderer\core\script\modulator_impl_base.cc:141] "Import Map: \"http://127.0.0.1:5173/node_modules/.vite/deps/chunk-EAsCxrDo.js?v=d132295d\" matches with no entries and thus is not mapped."
[5864:23172:0702/132129.702:VERBOSE1:third_party\blink\renderer\core\script\modulator_impl_base.cc:141] "Import Map: \"http://127.0.0.1:5173/node_modules/.vite/deps/react.js?v=d132295d\" matches with no entries and thus is not mapped."
[5864:23172:0702/132129.717:VERBOSE1:third_party\blink\renderer\core\script\modulator_impl_base.cc:141] "Import Map: \"http://127.0.0.1:5173/@vite/client\" matches with no entries and thus is not mapped."
[5864:23172:0702/132129.723:VERBOSE1:third_party\blink\renderer\core\script\modulator_impl_base.cc:141] "Import Map: \"http://127.0.0.1:5173/@vite/client\" matches with no entries and thus is not mapped."
[5864:23172:0702/132129.724:VERBOSE1:third_party\blink\renderer\core\script\modulator_impl_base.cc:141] "Import Map: \"http://127.0.0.1:5173/@vite/client\" matches with no entries and thus is not mapped."
[5864:23172:0702/132129.724:VERBOSE1:third_party\blink\renderer\core\script\modulator_impl_base.cc:141] "Import Map: \"http://127.0.0.1:5173/@vite/client\" matches with no entries and thus is not mapped."
[5864:23172:0702/132129.724:VERBOSE1:third_party\blink\renderer\core\script\modulator_impl_base.cc:141] "Import Map: \"http://127.0.0.1:5173/@vite/client\" matches with no entries and thus is not mapped."
[5864:23172:0702/132129.724:VERBOSE1:third_party\blink\renderer\core\script\modulator_impl_base.cc:141] "Import Map: \"http://127.0.0.1:5173/@vite/client\" matches with no entries and thus is not mapped."
[5864:23172:0702/132129.744:VERBOSE1:third_party\blink\renderer\core\script\modulator_impl_base.cc:141] "Import Map: \"http://127.0.0.1:5173/@vite/client\" matches with no entries and thus is not mapped."
[5864:23172:0702/132129.744:VERBOSE1:third_party\blink\renderer\core\script\modulator_impl_base.cc:141] "Import Map: \"http://127.0.0.1:5173/@vite/client\" matches with no entries and thus is not mapped."
[5864:23172:0702/132129.744:VERBOSE1:third_party\blink\renderer\core\script\modulator_impl_base.cc:141] "Import Map: \"http://127.0.0.1:5173/@vite/client\" matches with no entries and thus is not mapped."
[5864:23172:0702/132129.744:VERBOSE1:third_party\blink\renderer\core\script\modulator_impl_base.cc:141] "Import Map: \"http://127.0.0.1:5173/@vite/client\" matches with no entries and thus is not mapped."
[5864:23172:0702/132129.745:VERBOSE1:third_party\blink\renderer\core\script\modulator_impl_base.cc:141] "Import Map: \"http://127.0.0.1:5173/@vite/client\" matches with no entries and thus is not mapped."
[5864:23172:0702/132129.749:VERBOSE1:third_party\blink\renderer\core\script\modulator_impl_base.cc:141] "Import Map: \"http://127.0.0.1:5173/@vite/client\" matches with no entries and thus is not mapped."
[5764:19836:0702/132129.772:VERBOSE1:net\third_party\quiche\src\quiche\quic\core\tls_handshaker.cc:109] TlsClient: Continuing handshake
[5764:19836:0702/132129.774:VERBOSE1:net\third_party\quiche\src\quiche\quic\core\tls_handshaker.cc:109] TlsClient: Continuing handshake
[5764:19836:0702/132129.774:VERBOSE1:net\third_party\quiche\src\quiche\quic\core\tls_handshaker.cc:109] TlsClient: Continuing handshake
[5764:19836:0702/132129.838:VERBOSE1:net\third_party\quiche\src\quiche\quic\core\tls_handshaker.cc:109] TlsClient: Continuing handshake
[5764:19836:0702/132129.845:VERBOSE1:net\third_party\quiche\src\quiche\quic\core\tls_handshaker.cc:109] TlsClient: Continuing handshake
[5764:19836:0702/132129.846:VERBOSE1:net\third_party\quiche\src\quiche\quic\core\tls_handshaker.cc:109] TlsClient: Continuing handshake
[5764:19836:0702/132129.874:VERBOSE1:net\base\network_delegate.cc:38] NetworkDelegate::NotifyBeforeURLRequest: https://android.clients.google.com/c2dm/register3
[15884:19008:0702/132130.218:VERBOSE1:chrome\browser\enterprise\data_protection\data_protection_navigation_observer.cc:227] enterprise.data_protection: same document navigation: 0
[15884:19008:0702/132130.218:VERBOSE1:chrome\browser\enterprise\data_protection\data_protection_navigation_observer.cc:229] enterprise.data_protection: URL to scan: http://127.0.0.1:5173/portal
[15884:19008:0702/132130.219:VERBOSE1:components\signin\internal\identity_manager\mutable_profile_oauth2_token_service_delegate.cc:443] MutablePO2TS::RefreshTokenIsAvailable
[5764:19836:0702/132130.220:VERBOSE1:net\base\network_delegate.cc:38] NetworkDelegate::NotifyBeforeURLRequest: http://127.0.0.1:5173/portal
[5764:19836:0702/132130.234:VERBOSE1:components\domain_reliability\scheduler.cc:184] Scheduling upload for between 60 and 300 seconds from now.
[5864:23172:0702/132130.235:VERBOSE1:extensions\renderer\dispatcher.cc:688] Num tracked contexts: 0
[15884:19008:0702/132130.239:VERBOSE1:content\browser\back_forward_cache\back_forward_cache_impl.cc:853] BackForwardCacheImpl::GetCurrentBackForwardCacheEligibility: http://127.0.0.1:5173/portal : No: frame is not fully loaded, Browsing instance is not swapped
[15884:19008:0702/132130.239:VERBOSE1:content\browser\back_forward_cache\back_forward_cache_impl.cc:853] BackForwardCacheImpl::GetCompleteBackForwardCacheEligibilityForReporting: http://127.0.0.1:5173/portal : No: frame is not fully loaded, Browsing instance is not swapped
[5764:19836:0702/132130.240:VERBOSE1:net\base\network_delegate.cc:38] NetworkDelegate::NotifyBeforeURLRequest: http://127.0.0.1:5173/@vite/client
[5764:19836:0702/132130.240:VERBOSE1:net\base\network_delegate.cc:38] NetworkDelegate::NotifyBeforeURLRequest: https://fonts.googleapis.com/css2?family=Open+Sans:wght@400;500;600;700;800&family=Roboto:wght@400;500;600&display=swap
[5764:19836:0702/132130.240:VERBOSE1:net\base\network_delegate.cc:38] NetworkDelegate::NotifyBeforeURLRequest: http://127.0.0.1:5173/src/main.jsx?t=1782980402976
[5864:23172:0702/132130.242:VERBOSE1:extensions\renderer\script_context.cc:150] Created context:
  extension id:           (none)
  frame:                  0x39d402163770
  URL:                    
  context_type:           WEB_PAGE
  effective extension id: (none)
  effective context type: WEB_PAGE
[5864:23172:0702/132130.242:VERBOSE1:extensions\renderer\script_context.cc:150] Created context:
  extension id:           (none)
  frame:                  (nil)
  URL:                    
  context_type:           UNSPECIFIED
  effective extension id: (none)
  effective context type: UNSPECIFIED
[5864:23172:0702/132130.242:VERBOSE1:extensions\renderer\dispatcher.cc:493] Num tracked contexts: 1
[5864:23172:0702/132130.242:VERBOSE1:extensions\renderer\script_context.cc:163] Destroyed context for extension
  extension id: 
  effective extension id: 
[5864:23172:0702/132130.242:VERBOSE1:extensions\renderer\script_context.cc:163] Destroyed context for extension
  extension id: 
  effective extension id: 
[5764:19836:0702/132130.242:VERBOSE1:services\network\url_loader.cc:1373] Will sniff content for mime type: http://127.0.0.1:5173/@vite/client
[5864:23172:0702/132130.242:VERBOSE1:third_party\blink\renderer\core\script\modulator_impl_base.cc:141] "Import Map: \"http://127.0.0.1:5173/@react-refresh\" matches with no entries and thus is not mapped."
[5764:19836:0702/132130.244:VERBOSE1:services\network\url_loader.cc:1373] Will sniff content for mime type: http://127.0.0.1:5173/src/main.jsx?t=1782980402976
[5864:23172:0702/132130.244:VERBOSE1:third_party\blink\renderer\core\script\modulator_impl_base.cc:141] "Import Map: \"http://127.0.0.1:5173/node_modules/vite/dist/client/env.mjs\" matches with no entries and thus is not mapped."
[5764:19836:0702/132130.244:VERBOSE1:net\base\network_delegate.cc:38] NetworkDelegate::NotifyBeforeURLRequest: http://127.0.0.1:5173/@react-refresh
[5864:23172:0702/132130.246:VERBOSE1:third_party\blink\renderer\core\script\modulator_impl_base.cc:141] "Import Map: \"http://127.0.0.1:5173/node_modules/.vite/deps/react.js?v=d132295d\" matches with no entries and thus is not mapped."
[5864:23172:0702/132130.246:VERBOSE1:third_party\blink\renderer\core\script\modulator_impl_base.cc:141] "Import Map: \"http://127.0.0.1:5173/node_modules/.vite/deps/react-dom_client.js?v=d132295d\" matches with no entries and thus is not mapped."
[5864:23172:0702/132130.246:VERBOSE1:third_party\blink\renderer\core\script\modulator_impl_base.cc:141] "Import Map: \"http://127.0.0.1:5173/src/index.css\" matches with no entries and thus is not mapped."
[5864:23172:0702/132130.246:VERBOSE1:third_party\blink\renderer\core\script\modulator_impl_base.cc:141] "Import Map: \"http://127.0.0.1:5173/src/App.jsx?t=1782980402976\" matches with no entries and thus is not mapped."
[5764:19836:0702/132130.246:VERBOSE1:net\base\network_delegate.cc:38] NetworkDelegate::NotifyBeforeURLRequest: http://127.0.0.1:5173/node_modules/vite/dist/client/env.mjs
[5864:23172:0702/132130.246:VERBOSE1:third_party\blink\renderer\core\script\modulator_impl_base.cc:141] "Import Map: \"http://127.0.0.1:5173/src/pages/MobileApp.css\" matches with no entries and thus is not mapped."
[5864:23172:0702/132130.246:VERBOSE1:third_party\blink\renderer\core\script\modulator_impl_base.cc:141] "Import Map: \"http://127.0.0.1:5173/src/pages/Orders.mobile.css\" matches with no entries and thus is not mapped."
[5864:23172:0702/132130.246:VERBOSE1:third_party\blink\renderer\core\script\modulator_impl_base.cc:141] "Import Map: \"http://127.0.0.1:5173/src/pages/Customers.mobile.css\" matches with no entries and thus is not mapped."
[5864:23172:0702/132130.246:VERBOSE1:third_party\blink\renderer\core\script\modulator_impl_base.cc:141] "Import Map: \"http://127.0.0.1:5173/src/pages/Shipping.mobile.css\" matches with no entries and thus is not mapped."
[5864:23172:0702/132130.246:VERBOSE1:third_party\blink\renderer\core\script\modulator_impl_base.cc:141] "Import Map: \"http://127.0.0.1:5173/src/pages/Products.mobile.css\" matches with no entries and thus is not mapped."
[5864:23172:0702/132130.246:VERBOSE1:third_party\blink\renderer\core\script\modulator_impl_base.cc:141] "Import Map: \"http://127.0.0.1:5173/src/pages/Suppliers.mobile.css\" matches with no entries and thus is not mapped."
[5864:23172:0702/132130.246:VERBOSE1:third_party\blink\renderer\core\script\modulator_impl_base.cc:141] "Import Map: \"http://127.0.0.1:5173/node_modules/.vite/deps/react_jsx-dev-runtime.js?v=d132295d\" matches with no entries and thus is not mapped."
[5864:23172:0702/132130.246:VERBOSE1:third_party\blink\renderer\core\script\modulator_impl_base.cc:141] "Import Map: \"http://127.0.0.1:5173/node_modules/.vite/deps/chunk-EAsCxrDo.js?v=d132295d\" matches with no entries and thus is not mapped."
[5864:23172:0702/132130.247:VERBOSE1:third_party\blink\renderer\core\script\modulator_impl_base.cc:141] "Import Map: \"http://127.0.0.1:5173/node_modules/.vite/deps/chunk-EAsCxrDo.js?v=d132295d\" matches with no entries and thus is not mapped."
[5864:23172:0702/132130.247:VERBOSE1:third_party\blink\renderer\core\script\modulator_impl_base.cc:141] "Import Map: \"http://127.0.0.1:5173/node_modules/.vite/deps/react.js?v=d132295d\" matches with no entries and thus is not mapped."
[5864:23172:0702/132130.247:VERBOSE1:third_party\blink\renderer\core\script\modulator_impl_base.cc:141] "Import Map: \"http://127.0.0.1:5173/node_modules/.vite/deps/react-dom.js?v=d132295d\" matches with no entries and thus is not mapped."
[5864:23172:0702/132130.248:VERBOSE1:third_party\blink\renderer\core\script\modulator_impl_base.cc:141] "Import Map: \"http://127.0.0.1:5173/node_modules/.vite/deps/chunk-EAsCxrDo.js?v=d132295d\" matches with no entries and thus is not mapped."
[5764:19836:0702/132130.248:VERBOSE1:net\base\network_delegate.cc:38] NetworkDelegate::NotifyBeforeURLRequest: http://127.0.0.1:5173/src/index.css
[5864:23172:0702/132130.248:VERBOSE1:third_party\blink\renderer\core\script\modulator_impl_base.cc:141] "Import Map: \"http://127.0.0.1:5173/node_modules/.vite/deps/react.js?v=d132295d\" matches with no entries and thus is not mapped."
[5764:19836:0702/132130.248:VERBOSE1:services\network\url_loader.cc:1373] Will sniff content for mime type: http://127.0.0.1:5173/@react-refresh
[5864:23172:0702/132130.248:VERBOSE1:third_party\blink\renderer\core\script\modulator_impl_base.cc:141] "Import Map: \"http://127.0.0.1:5173/node_modules/.vite/deps/chunk-EAsCxrDo.js?v=d132295d\" matches with no entries and thus is not mapped."
[5864:23172:0702/132130.248:VERBOSE1:third_party\blink\renderer\core\script\modulator_impl_base.cc:141] "Import Map: \"http://127.0.0.1:5173/node_modules/.vite/deps/react.js?v=d132295d\" matches with no entries and thus is not mapped."
[5764:19836:0702/132130.249:VERBOSE1:net\base\network_delegate.cc:38] NetworkDelegate::NotifyBeforeURLRequest: http://127.0.0.1:5173/src/App.jsx?t=1782980402976
[5764:19836:0702/132130.249:VERBOSE1:net\base\network_delegate.cc:38] NetworkDelegate::NotifyBeforeURLRequest: http://127.0.0.1:5173/src/pages/MobileApp.css
[5764:19836:0702/132130.249:VERBOSE1:net\base\network_delegate.cc:38] NetworkDelegate::NotifyBeforeURLRequest: http://127.0.0.1:5173/src/pages/Orders.mobile.css
[5864:23172:0702/132130.249:VERBOSE1:third_party\blink\renderer\core\script\modulator_impl_base.cc:141] "Import Map: \"http://127.0.0.1:5173/@vite/client\" matches with no entries and thus is not mapped."
[5764:19836:0702/132130.249:VERBOSE1:net\base\network_delegate.cc:38] NetworkDelegate::NotifyBeforeURLRequest: http://127.0.0.1:5173/src/pages/Customers.mobile.css
[5764:19836:0702/132130.251:VERBOSE1:net\base\network_delegate.cc:38] NetworkDelegate::NotifyBeforeURLRequest: http://127.0.0.1:5173/src/pages/Shipping.mobile.css
[5764:19836:0702/132130.251:VERBOSE1:services\network\url_loader.cc:1373] Will sniff content for mime type: http://127.0.0.1:5173/node_modules/vite/dist/client/env.mjs
[5764:19836:0702/132130.252:VERBOSE1:net\base\network_delegate.cc:38] NetworkDelegate::NotifyBeforeURLRequest: http://127.0.0.1:5173/src/pages/Products.mobile.css
[5764:19836:0702/132130.252:VERBOSE1:services\network\url_loader.cc:1373] Will sniff content for mime type: http://127.0.0.1:5173/src/index.css
[5764:19836:0702/132130.256:VERBOSE1:services\network\url_loader.cc:1373] Will sniff content for mime type: http://127.0.0.1:5173/src/pages/MobileApp.css
[5764:19836:0702/132130.257:VERBOSE1:services\network\url_loader.cc:1373] Will sniff content for mime type: http://127.0.0.1:5173/src/App.jsx?t=1782980402976
[5764:19836:0702/132130.257:VERBOSE1:services\network\url_loader.cc:1373] Will sniff content for mime type: http://127.0.0.1:5173/src/pages/Orders.mobile.css
[5764:19836:0702/132130.257:VERBOSE1:services\network\url_loader.cc:1373] Will sniff content for mime type: http://127.0.0.1:5173/src/pages/Customers.mobile.css
[5764:19836:0702/132130.259:VERBOSE1:services\network\url_loader.cc:1373] Will sniff content for mime type: http://127.0.0.1:5173/src/pages/Shipping.mobile.css
[5764:19836:0702/132130.259:VERBOSE1:net\base\network_delegate.cc:38] NetworkDelegate::NotifyBeforeURLRequest: http://127.0.0.1:5173/src/pages/Suppliers.mobile.css
[5764:19836:0702/132130.260:VERBOSE1:net\base\network_delegate.cc:38] NetworkDelegate::NotifyBeforeURLRequest: http://127.0.0.1:5173/manifest.webmanifest
[5764:19836:0702/132130.260:VERBOSE1:services\network\url_loader.cc:1373] Will sniff content for mime type: http://127.0.0.1:5173/src/pages/Products.mobile.css
[5864:23172:0702/132130.262:VERBOSE1:third_party\blink\renderer\core\script\modulator_impl_base.cc:141] "Import Map: \"http://127.0.0.1:5173/@vite/client\" matches with no entries and thus is not mapped."
[5864:23172:0702/132130.262:VERBOSE1:third_party\blink\renderer\core\script\modulator_impl_base.cc:141] "Import Map: \"http://127.0.0.1:5173/@vite/client\" matches with no entries and thus is not mapped."
[5864:23172:0702/132130.262:VERBOSE1:third_party\blink\renderer\core\script\modulator_impl_base.cc:141] "Import Map: \"http://127.0.0.1:5173/@vite/client\" matches with no entries and thus is not mapped."
[5864:23172:0702/132130.262:VERBOSE1:third_party\blink\renderer\core\script\modulator_impl_base.cc:141] "Import Map: \"http://127.0.0.1:5173/node_modules/.vite/deps/react.js?v=d132295d\" matches with no entries and thus is not mapped."
[5864:23172:0702/132130.262:VERBOSE1:third_party\blink\renderer\core\script\modulator_impl_base.cc:141] "Import Map: \"http://127.0.0.1:5173/src/App.css\" matches with no entries and thus is not mapped."
[5864:23172:0702/132130.262:VERBOSE1:third_party\blink\renderer\core\script\modulator_impl_base.cc:141] "Import Map: \"http://127.0.0.1:5173/src/api/api.js\" matches with no entries and thus is not mapped."
[5864:23172:0702/132130.262:VERBOSE1:third_party\blink\renderer\core\script\modulator_impl_base.cc:141] "Import Map: \"http://127.0.0.1:5173/src/components/sidebar.jsx?t=1782976963120\" matches with no entries and thus is not mapped."
[5864:23172:0702/132130.262:VERBOSE1:third_party\blink\renderer\core\script\modulator_impl_base.cc:141] "Import Map: \"http://127.0.0.1:5173/src/pages/Dashboard.jsx?t=1782980402976\" matches with no entries and thus is not mapped."
[5864:23172:0702/132130.262:VERBOSE1:third_party\blink\renderer\core\script\modulator_impl_base.cc:141] "Import Map: \"http://127.0.0.1:5173/src/pages/Products.jsx?t=1782916028006\" matches with no entries and thus is not mapped."
[5864:23172:0702/132130.262:VERBOSE1:third_party\blink\renderer\core\script\modulator_impl_base.cc:141] "Import Map: \"http://127.0.0.1:5173/src/pages/Inventory.jsx\" matches with no entries and thus is not mapped."
[5864:23172:0702/132130.262:VERBOSE1:third_party\blink\renderer\core\script\modulator_impl_base.cc:141] "Import Map: \"http://127.0.0.1:5173/src/pages/Inspiration.jsx\" matches with no entries and thus is not mapped."
[5864:23172:0702/132130.262:VERBOSE1:third_party\blink\renderer\core\script\modulator_impl_base.cc:141] "Import Map: \"http://127.0.0.1:5173/src/pages/AIStudio.jsx\" matches with no entries and thus is not mapped."
[5864:23172:0702/132130.262:VERBOSE1:third_party\blink\renderer\core\script\modulator_impl_base.cc:141] "Import Map: \"http://127.0.0.1:5173/src/pages/Customers.jsx?t=1782957716307\" matches with no entries and thus is not mapped."
[5864:23172:0702/132130.262:VERBOSE1:third_party\blink\renderer\core\script\modulator_impl_base.cc:141] "Import Map: \"http://127.0.0.1:5173/src/pages/Suppliers.jsx?t=1782954564569\" matches with no entries and thus is not mapped."
[5864:23172:0702/132130.262:VERBOSE1:third_party\blink\renderer\core\script\modulator_impl_base.cc:141] "Import Map: \"http://127.0.0.1:5173/src/pages/SupplierLedger.jsx?t=1782919063203\" matches with no entries and thus is not mapped."
[5864:23172:0702/132130.262:VERBOSE1:third_party\blink\renderer\core\script\modulator_impl_base.cc:141] "Import Map: \"http://127.0.0.1:5173/src/pages/Orders.jsx?t=1782958484941\" matches with no entries and thus is not mapped."
[5864:23172:0702/132130.262:VERBOSE1:third_party\blink\renderer\core\script\modulator_impl_base.cc:141] "Import Map: \"http://127.0.0.1:5173/src/pages/Manufacturing.jsx\" matches with no entries and thus is not mapped."
[5864:23172:0702/132130.262:VERBOSE1:third_party\blink\renderer\core\script\modulator_impl_base.cc:141] "Import Map: \"http://127.0.0.1:5173/src/pages/Workers.jsx\" matches with no entries and thus is not mapped."
[5864:23172:0702/132130.262:VERBOSE1:third_party\blink\renderer\core\script\modulator_impl_base.cc:141] "Import Map: \"http://127.0.0.1:5173/src/pages/Shipping.jsx\" matches with no entries and thus is not mapped."
[5864:23172:0702/132130.262:VERBOSE1:third_party\blink\renderer\core\script\modulator_impl_base.cc:141] "Import Map: \"http://127.0.0.1:5173/src/pages/ShippingBalance.jsx\" matches with no entries and thus is not mapped."
[5864:23172:0702/132130.262:VERBOSE1:third_party\blink\renderer\core\script\modulator_impl_base.cc:141] "Import Map: \"http://127.0.0.1:5173/src/pages/FollowUps.jsx\" matches with no entries and thus is not mapped."
[5864:23172:0702/132130.262:VERBOSE1:third_party\blink\renderer\core\script\modulator_impl_base.cc:141] "Import Map: \"http://127.0.0.1:5173/src/pages/Payouts.jsx\" matches with no entries and thus is not mapped."
[5864:23172:0702/132130.262:VERBOSE1:third_party\blink\renderer\core\script\modulator_impl_base.cc:141] "Import Map: \"http://127.0.0.1:5173/src/pages/Payments.jsx\" matches with no entries and thus is not mapped."
[5864:23172:0702/132130.262:VERBOSE1:third_party\blink\renderer\core\script\modulator_impl_base.cc:141] "Import Map: \"http://127.0.0.1:5173/src/pages/Accounting.jsx\" matches with no entries and thus is not mapped."
[5864:23172:0702/132130.262:VERBOSE1:third_party\blink\renderer\core\script\modulator_impl_base.cc:141] "Import Map: \"http://127.0.0.1:5173/src/pages/Production.jsx?t=1782977025717\" matches with no entries and thus is not mapped."
[5864:23172:0702/132130.262:VERBOSE1:third_party\blink\renderer\core\script\modulator_impl_base.cc:141] "Import Map: \"http://127.0.0.1:5173/src/pages/MyTasks.jsx?t=1782977340712\" matches with no entries and thus is not mapped."
[5864:23172:0702/132130.262:VERBOSE1:third_party\blink\renderer\core\script\modulator_impl_base.cc:141] "Import Map: \"http://127.0.0.1:5173/src/pages/Reports.jsx\" matches with no entries and thus is not mapped."
[5864:23172:0702/132130.262:VERBOSE1:third_party\blink\renderer\core\script\modulator_impl_base.cc:141] "Import Map: \"http://127.0.0.1:5173/src/pages/Settings.jsx\" matches with no entries and thus is not mapped."
[5864:23172:0702/132130.262:VERBOSE1:third_party\blink\renderer\core\script\modulator_impl_base.cc:141] "Import Map: \"http://127.0.0.1:5173/src/pages/Users.jsx\" matches with no entries and thus is not mapped."
[5864:23172:0702/132130.262:VERBOSE1:third_party\blink\renderer\core\script\modulator_impl_base.cc:141] "Import Map: \"http://127.0.0.1:5173/src/pages/Quotes.jsx\" matches with no entries and thus is not mapped."
[5864:23172:0702/132130.262:VERBOSE1:third_party\blink\renderer\core\script\modulator_impl_base.cc:141] "Import Map: \"http://127.0.0.1:5173/src/pages/TempData.jsx\" matches with no entries and thus is not mapped."
[5864:23172:0702/132130.262:VERBOSE1:third_party\blink\renderer\core\script\modulator_impl_base.cc:141] "Import Map: \"http://127.0.0.1:5173/src/pages/Messages.jsx\" matches with no entries and thus is not mapped."
[5864:23172:0702/132130.262:VERBOSE1:third_party\blink\renderer\core\script\modulator_impl_base.cc:141] "Import Map: \"http://127.0.0.1:5173/src/pages/Login.jsx\" matches with no entries and thus is not mapped."
[5864:23172:0702/132130.262:VERBOSE1:third_party\blink\renderer\core\script\modulator_impl_base.cc:141] "Import Map: \"http://127.0.0.1:5173/src/pages/OperationsSizing.css\" matches with no entries and thus is not mapped."
[5864:23172:0702/132130.262:VERBOSE1:third_party\blink\renderer\core\script\modulator_impl_base.cc:141] "Import Map: \"http://127.0.0.1:5173/src/pages/DashboardDesktop.css\" matches with no entries and thus is not mapped."
[5864:23172:0702/132130.262:VERBOSE1:third_party\blink\renderer\core\script\modulator_impl_base.cc:141] "Import Map: \"http://127.0.0.1:5173/node_modules/.vite/deps/react_jsx-dev-runtime.js?v=d132295d\" matches with no entries and thus is not mapped."
[5864:23172:0702/132130.262:VERBOSE1:third_party\blink\renderer\core\script\modulator_impl_base.cc:141] "Import Map: \"http://127.0.0.1:5173/@react-refresh\" matches with no entries and thus is not mapped."
[5864:23172:0702/132130.262:VERBOSE1:third_party\blink\renderer\core\script\modulator_impl_base.cc:141] "Import Map: \"http://127.0.0.1:5173/src/App.jsx?t=1782980402976\" matches with no entries and thus is not mapped."
[5864:23172:0702/132130.262:VERBOSE1:third_party\blink\renderer\core\script\modulator_impl_base.cc:141] "Import Map: \"http://127.0.0.1:5173/@vite/client\" matches with no entries and thus is not mapped."
[5864:23172:0702/132130.262:VERBOSE1:third_party\blink\renderer\core\script\modulator_impl_base.cc:141] "Import Map: \"http://127.0.0.1:5173/@vite/client\" matches with no entries and thus is not mapped."
[5764:19836:0702/132130.262:VERBOSE1:services\network\url_loader.cc:1373] Will sniff content for mime type: http://127.0.0.1:5173/src/pages/Suppliers.mobile.css
[5864:23172:0702/132130.262:VERBOSE1:third_party\blink\renderer\core\script\modulator_impl_base.cc:141] "Import Map: \"http://127.0.0.1:5173/@vite/client\" matches with no entries and thus is not mapped."
[5864:23172:0702/132130.265:VERBOSE1:third_party\blink\renderer\core\script\modulator_impl_base.cc:141] "Import Map: \"http://127.0.0.1:5173/@vite/client\" matches with no entries and thus is not mapped."
[5764:19836:0702/132130.265:VERBOSE1:net\base\network_delegate.cc:38] NetworkDelegate::NotifyBeforeURLRequest: http://127.0.0.1:5173/src/App.css
[5764:19836:0702/132130.267:VERBOSE1:net\base\network_delegate.cc:38] NetworkDelegate::NotifyBeforeURLRequest: http://127.0.0.1:5173/src/api/api.js
[5764:19836:0702/132130.267:VERBOSE1:net\base\network_delegate.cc:38] NetworkDelegate::NotifyBeforeURLRequest: http://127.0.0.1:5173/src/components/sidebar.jsx?t=1782976963120
[5764:19836:0702/132130.268:VERBOSE1:net\base\network_delegate.cc:38] NetworkDelegate::NotifyBeforeURLRequest: http://127.0.0.1:5173/src/pages/Dashboard.jsx?t=1782980402976
[5764:19836:0702/132130.270:VERBOSE1:services\network\url_loader.cc:1373] Will sniff content for mime type: http://127.0.0.1:5173/src/App.css
[5764:19836:0702/132130.270:VERBOSE1:net\base\network_delegate.cc:38] NetworkDelegate::NotifyBeforeURLRequest: http://127.0.0.1:5173/src/pages/Products.jsx?t=1782916028006
[5764:19836:0702/132130.270:VERBOSE1:services\network\url_loader.cc:1373] Will sniff content for mime type: http://127.0.0.1:5173/src/api/api.js
[5764:19836:0702/132130.270:VERBOSE1:services\network\url_loader.cc:1373] Will sniff content for mime type: http://127.0.0.1:5173/src/components/sidebar.jsx?t=1782976963120
[5764:19836:0702/132130.273:VERBOSE1:net\base\network_delegate.cc:38] NetworkDelegate::NotifyBeforeURLRequest: http://127.0.0.1:5173/src/pages/Inventory.jsx
[5764:19836:0702/132130.273:VERBOSE1:services\network\url_loader.cc:1373] Will sniff content for mime type: http://127.0.0.1:5173/src/pages/Dashboard.jsx?t=1782980402976
[5764:19836:0702/132130.273:VERBOSE1:services\network\url_loader.cc:1373] Will sniff content for mime type: http://127.0.0.1:5173/src/pages/Products.jsx?t=1782916028006
[5764:19836:0702/132130.276:VERBOSE1:net\base\network_delegate.cc:38] NetworkDelegate::NotifyBeforeURLRequest: http://127.0.0.1:5173/src/pages/Inspiration.jsx
[5864:23172:0702/132130.276:VERBOSE1:third_party\blink\renderer\core\script\modulator_impl_base.cc:141] "Import Map: \"http://127.0.0.1:5173/@vite/client\" matches with no entries and thus is not mapped."
[5764:19836:0702/132130.276:VERBOSE1:net\base\network_delegate.cc:38] NetworkDelegate::NotifyBeforeURLRequest: http://127.0.0.1:5173/src/pages/AIStudio.jsx
[5764:19836:0702/132130.278:VERBOSE1:net\base\network_delegate.cc:38] NetworkDelegate::NotifyBeforeURLRequest: http://127.0.0.1:5173/src/pages/Customers.jsx?t=1782957716307
[5764:19836:0702/132130.278:VERBOSE1:services\network\url_loader.cc:1373] Will sniff content for mime type: http://127.0.0.1:5173/src/pages/Inventory.jsx
[5764:19836:0702/132130.279:VERBOSE1:net\base\network_delegate.cc:38] NetworkDelegate::NotifyBeforeURLRequest: http://127.0.0.1:5173/src/pages/Suppliers.jsx?t=1782954564569
[5764:19836:0702/132130.279:VERBOSE1:net\base\network_delegate.cc:38] NetworkDelegate::NotifyBeforeURLRequest: http://127.0.0.1:5173/src/pages/SupplierLedger.jsx?t=1782919063203
[5764:19836:0702/132130.280:VERBOSE1:services\network\url_loader.cc:1373] Will sniff content for mime type: http://127.0.0.1:5173/src/pages/Inspiration.jsx
[5764:19836:0702/132130.280:VERBOSE1:services\network\url_loader.cc:1373] Will sniff content for mime type: http://127.0.0.1:5173/src/pages/AIStudio.jsx
[5764:19836:0702/132130.283:VERBOSE1:net\base\network_delegate.cc:38] NetworkDelegate::NotifyBeforeURLRequest: http://127.0.0.1:5173/src/pages/Orders.jsx?t=1782958484941
[5764:19836:0702/132130.285:VERBOSE1:net\base\network_delegate.cc:38] NetworkDelegate::NotifyBeforeURLRequest: http://127.0.0.1:5173/src/pages/Manufacturing.jsx
[5764:19836:0702/132130.285:VERBOSE1:net\base\network_delegate.cc:38] NetworkDelegate::NotifyBeforeURLRequest: http://127.0.0.1:5173/src/pages/Workers.jsx
[5764:19836:0702/132130.286:VERBOSE1:services\network\url_loader.cc:1373] Will sniff content for mime type: http://127.0.0.1:5173/src/pages/Customers.jsx?t=1782957716307
[5764:19836:0702/132130.286:VERBOSE1:services\network\url_loader.cc:1373] Will sniff content for mime type: http://127.0.0.1:5173/src/pages/Suppliers.jsx?t=1782954564569
[5764:19836:0702/132130.287:VERBOSE1:services\network\url_loader.cc:1373] Will sniff content for mime type: http://127.0.0.1:5173/src/pages/SupplierLedger.jsx?t=1782919063203
[5764:19836:0702/132130.289:VERBOSE1:net\base\network_delegate.cc:38] NetworkDelegate::NotifyBeforeURLRequest: http://127.0.0.1:5173/src/pages/Shipping.jsx
[5764:19836:0702/132130.289:VERBOSE1:net\base\network_delegate.cc:38] NetworkDelegate::NotifyBeforeURLRequest: http://127.0.0.1:5173/src/pages/ShippingBalance.jsx
[5764:19836:0702/132130.289:VERBOSE1:services\network\url_loader.cc:1373] Will sniff content for mime type: http://127.0.0.1:5173/src/pages/Orders.jsx?t=1782958484941
[5764:19836:0702/132130.290:VERBOSE1:net\base\network_delegate.cc:38] NetworkDelegate::NotifyBeforeURLRequest: http://127.0.0.1:5173/src/pages/FollowUps.jsx
[5764:19836:0702/132130.290:VERBOSE1:net\base\network_delegate.cc:38] NetworkDelegate::NotifyBeforeURLRequest: http://127.0.0.1:5173/src/pages/Payouts.jsx
[5764:19836:0702/132130.292:VERBOSE1:services\network\url_loader.cc:1373] Will sniff content for mime type: http://127.0.0.1:5173/src/pages/Manufacturing.jsx
[5764:19836:0702/132130.292:VERBOSE1:services\network\url_loader.cc:1373] Will sniff content for mime type: http://127.0.0.1:5173/src/pages/Workers.jsx
[5764:19836:0702/132130.292:VERBOSE1:services\network\url_loader.cc:1373] Will sniff content for mime type: http://127.0.0.1:5173/src/pages/Shipping.jsx
[5764:19836:0702/132130.295:VERBOSE1:services\network\url_loader.cc:1373] Will sniff content for mime type: http://127.0.0.1:5173/src/pages/ShippingBalance.jsx
[5764:19836:0702/132130.296:VERBOSE1:services\network\url_loader.cc:1373] Will sniff content for mime type: http://127.0.0.1:5173/src/pages/FollowUps.jsx
[5764:19836:0702/132130.296:VERBOSE1:services\network\url_loader.cc:1373] Will sniff content for mime type: http://127.0.0.1:5173/src/pages/Payouts.jsx
[5764:19836:0702/132130.296:VERBOSE1:net\base\network_delegate.cc:38] NetworkDelegate::NotifyBeforeURLRequest: http://127.0.0.1:5173/src/pages/Payments.jsx
[5764:19836:0702/132130.297:VERBOSE1:net\base\network_delegate.cc:38] NetworkDelegate::NotifyBeforeURLRequest: http://127.0.0.1:5173/src/pages/Accounting.jsx
[5764:19836:0702/132130.297:VERBOSE1:net\base\network_delegate.cc:38] NetworkDelegate::NotifyBeforeURLRequest: http://127.0.0.1:5173/src/pages/Production.jsx?t=1782977025717
[5764:19836:0702/132130.298:VERBOSE1:net\base\network_delegate.cc:38] NetworkDelegate::NotifyBeforeURLRequest: http://127.0.0.1:5173/src/pages/MyTasks.jsx?t=1782977340712
[5764:19836:0702/132130.298:VERBOSE1:services\network\url_loader.cc:1373] Will sniff content for mime type: http://127.0.0.1:5173/src/pages/Payments.jsx
[5764:19836:0702/132130.301:VERBOSE1:services\network\url_loader.cc:1373] Will sniff content for mime type: http://127.0.0.1:5173/src/pages/Accounting.jsx
[5764:19836:0702/132130.301:VERBOSE1:net\base\network_delegate.cc:38] NetworkDelegate::NotifyBeforeURLRequest: http://127.0.0.1:5173/src/pages/Reports.jsx
[5764:19836:0702/132130.302:VERBOSE1:net\base\network_delegate.cc:38] NetworkDelegate::NotifyBeforeURLRequest: http://127.0.0.1:5173/src/pages/Settings.jsx
[5764:19836:0702/132130.302:VERBOSE1:services\network\url_loader.cc:1373] Will sniff content for mime type: http://127.0.0.1:5173/src/pages/Production.jsx?t=1782977025717
[5764:19836:0702/132130.302:VERBOSE1:services\network\url_loader.cc:1373] Will sniff content for mime type: http://127.0.0.1:5173/src/pages/MyTasks.jsx?t=1782977340712
[5764:19836:0702/132130.303:VERBOSE1:net\base\network_delegate.cc:38] NetworkDelegate::NotifyBeforeURLRequest: http://127.0.0.1:5173/src/pages/Users.jsx
[5864:23172:0702/132130.303:VERBOSE1:third_party\blink\renderer\core\script\modulator_impl_base.cc:141] "Import Map: \"http://127.0.0.1:5173/@vite/client\" matches with no entries and thus is not mapped."
[5764:19836:0702/132130.303:VERBOSE1:net\base\network_delegate.cc:38] NetworkDelegate::NotifyBeforeURLRequest: http://127.0.0.1:5173/src/pages/Quotes.jsx
[5764:19836:0702/132130.303:VERBOSE1:net\base\network_delegate.cc:38] NetworkDelegate::NotifyBeforeURLRequest: http://127.0.0.1:5173/src/pages/TempData.jsx
[5764:19836:0702/132130.305:VERBOSE1:net\base\network_delegate.cc:38] NetworkDelegate::NotifyBeforeURLRequest: http://127.0.0.1:5173/src/pages/Messages.jsx
[5864:23172:0702/132130.305:VERBOSE1:third_party\blink\renderer\core\script\modulator_impl_base.cc:141] "Import Map: \"http://127.0.0.1:5173/node_modules/.vite/deps/axios.js?v=d132295d\" matches with no entries and thus is not mapped."
[5864:23172:0702/132130.305:VERBOSE1:third_party\blink\renderer\core\script\modulator_impl_base.cc:141] "Import Map: \"http://127.0.0.1:5173/node_modules/.vite/deps/chunk-EAsCxrDo.js?v=d132295d\" matches with no entries and thus is not mapped."
[5764:19836:0702/132130.306:VERBOSE1:net\base\network_delegate.cc:38] NetworkDelegate::NotifyBeforeURLRequest: http://127.0.0.1:5173/src/pages/Login.jsx
[5864:23172:0702/132130.306:VERBOSE1:third_party\blink\renderer\core\script\modulator_impl_base.cc:141] "Import Map: \"http://127.0.0.1:5173/@vite/client\" matches with no entries and thus is not mapped."
[5864:23172:0702/132130.306:VERBOSE1:third_party\blink\renderer\core\script\modulator_impl_base.cc:141] "Import Map: \"http://127.0.0.1:5173/node_modules/.vite/deps/react.js?v=d132295d\" matches with no entries and thus is not mapped."
[5864:23172:0702/132130.306:VERBOSE1:third_party\blink\renderer\core\script\modulator_impl_base.cc:141] "Import Map: \"http://127.0.0.1:5173/src/components/sidebar.css?t=1782976963120\" matches with no entries and thus is not mapped."
[5864:23172:0702/132130.306:VERBOSE1:third_party\blink\renderer\core\script\modulator_impl_base.cc:141] "Import Map: \"http://127.0.0.1:5173/node_modules/.vite/deps/react_jsx-dev-runtime.js?v=d132295d\" matches with no entries and thus is not mapped."
[5864:23172:0702/132130.306:VERBOSE1:third_party\blink\renderer\core\script\modulator_impl_base.cc:141] "Import Map: \"http://127.0.0.1:5173/@react-refresh\" matches with no entries and thus is not mapped."
[5864:23172:0702/132130.306:VERBOSE1:third_party\blink\renderer\core\script\modulator_impl_base.cc:141] "Import Map: \"http://127.0.0.1:5173/src/components/sidebar.jsx?t=1782976963120\" matches with no entries and thus is not mapped."
[5764:19836:0702/132130.309:VERBOSE1:services\network\url_loader.cc:1373] Will sniff content for mime type: http://127.0.0.1:5173/src/pages/Reports.jsx
[5764:19836:0702/132130.310:VERBOSE1:services\network\url_loader.cc:1373] Will sniff content for mime type: http://127.0.0.1:5173/src/pages/Settings.jsx
[5764:19836:0702/132130.312:VERBOSE1:services\network\url_loader.cc:1373] Will sniff content for mime type: http://127.0.0.1:5173/src/pages/Users.jsx
[5764:19836:0702/132130.312:VERBOSE1:services\network\url_loader.cc:1373] Will sniff content for mime type: http://127.0.0.1:5173/src/pages/Quotes.jsx
[5764:19836:0702/132130.313:VERBOSE1:services\network\url_loader.cc:1373] Will sniff content for mime type: http://127.0.0.1:5173/src/pages/TempData.jsx
[5764:19836:0702/132130.313:VERBOSE1:services\network\url_loader.cc:1373] Will sniff content for mime type: http://127.0.0.1:5173/src/pages/Messages.jsx
[5764:19836:0702/132130.314:VERBOSE1:net\base\network_delegate.cc:38] NetworkDelegate::NotifyBeforeURLRequest: http://127.0.0.1:5173/src/pages/OperationsSizing.css
[5764:19836:0702/132130.314:VERBOSE1:net\base\network_delegate.cc:38] NetworkDelegate::NotifyBeforeURLRequest: http://127.0.0.1:5173/src/pages/DashboardDesktop.css
[5764:19836:0702/132130.316:VERBOSE1:net\base\network_delegate.cc:38] NetworkDelegate::NotifyBeforeURLRequest: http://127.0.0.1:5173/src/components/sidebar.css?t=1782976963120
[5764:19836:0702/132130.316:VERBOSE1:services\network\url_loader.cc:1373] Will sniff content for mime type: http://127.0.0.1:5173/src/pages/Login.jsx
[5864:23172:0702/132130.316:VERBOSE1:third_party\blink\renderer\core\script\modulator_impl_base.cc:141] "Import Map: \"http://127.0.0.1:5173/@vite/client\" matches with no entries and thus is not mapped."
[5864:23172:0702/132130.316:VERBOSE1:third_party\blink\renderer\core\script\modulator_impl_base.cc:141] "Import Map: \"http://127.0.0.1:5173/node_modules/.vite/deps/react.js?v=d132295d\" matches with no entries and thus is not mapped."
[5864:23172:0702/132130.316:VERBOSE1:third_party\blink\renderer\core\script\modulator_impl_base.cc:141] "Import Map: \"http://127.0.0.1:5173/src/api/api.js\" matches with no entries and thus is not mapped."
[5864:23172:0702/132130.316:VERBOSE1:third_party\blink\renderer\core\script\modulator_impl_base.cc:141] "Import Map: \"http://127.0.0.1:5173/src/pages/Dashboard.css?t=1782980029694\" matches with no entries and thus is not mapped."
[5864:23172:0702/132130.316:VERBOSE1:third_party\blink\renderer\core\script\modulator_impl_base.cc:141] "Import Map: \"http://127.0.0.1:5173/node_modules/.vite/deps/react_jsx-dev-runtime.js?v=d132295d\" matches with no entries and thus is not mapped."
[5864:23172:0702/132130.316:VERBOSE1:third_party\blink\renderer\core\script\modulator_impl_base.cc:141] "Import Map: \"http://127.0.0.1:5173/@react-refresh\" matches with no entries and thus is not mapped."
[5864:23172:0702/132130.316:VERBOSE1:third_party\blink\renderer\core\script\modulator_impl_base.cc:141] "Import Map: \"http://127.0.0.1:5173/src/pages/Dashboard.jsx?t=1782980402976\" matches with no entries and thus is not mapped."
[5864:23172:0702/132130.316:VERBOSE1:third_party\blink\renderer\core\script\modulator_impl_base.cc:141] "Import Map: \"http://127.0.0.1:5173/@vite/client\" matches with no entries and thus is not mapped."
[5864:23172:0702/132130.316:VERBOSE1:third_party\blink\renderer\core\script\modulator_impl_base.cc:141] "Import Map: \"http://127.0.0.1:5173/node_modules/.vite/deps/react.js?v=d132295d\" matches with no entries and thus is not mapped."
[5864:23172:0702/132130.316:VERBOSE1:third_party\blink\renderer\core\script\modulator_impl_base.cc:141] "Import Map: \"http://127.0.0.1:5173/src/api/api.js\" matches with no entries and thus is not mapped."
[5864:23172:0702/132130.316:VERBOSE1:third_party\blink\renderer\core\script\modulator_impl_base.cc:141] "Import Map: \"http://127.0.0.1:5173/src/pages/Products.css?t=1782916028006\" matches with no entries and thus is not mapped."
[5864:23172:0702/132130.316:VERBOSE1:third_party\blink\renderer\core\script\modulator_impl_base.cc:141] "Import Map: \"http://127.0.0.1:5173/node_modules/.vite/deps/react_jsx-dev-runtime.js?v=d132295d\" matches with no entries and thus is not mapped."
[5864:23172:0702/132130.316:VERBOSE1:third_party\blink\renderer\core\script\modulator_impl_base.cc:141] "Import Map: \"http://127.0.0.1:5173/@react-refresh\" matches with no entries and thus is not mapped."
[5864:23172:0702/132130.316:VERBOSE1:third_party\blink\renderer\core\script\modulator_impl_base.cc:141] "Import Map: \"http://127.0.0.1:5173/src/pages/Products.jsx?t=1782916028006\" matches with no entries and thus is not mapped."
[5864:23172:0702/132130.316:VERBOSE1:third_party\blink\renderer\core\script\modulator_impl_base.cc:141] "Import Map: \"http://127.0.0.1:5173/@vite/client\" matches with no entries and thus is not mapped."
[5864:23172:0702/132130.316:VERBOSE1:third_party\blink\renderer\core\script\modulator_impl_base.cc:141] "Import Map: \"http://127.0.0.1:5173/node_modules/.vite/deps/react.js?v=d132295d\" matches with no entries and thus is not mapped."
[5864:23172:0702/132130.316:VERBOSE1:third_party\blink\renderer\core\script\modulator_impl_base.cc:141] "Import Map: \"http://127.0.0.1:5173/src/api/api.js\" matches with no entries and thus is not mapped."
[5864:23172:0702/132130.316:VERBOSE1:third_party\blink\renderer\core\script\modulator_impl_base.cc:141] "Import Map: \"http://127.0.0.1:5173/src/utils/dateUtils.js\" matches with no entries and thus is not mapped."
[5864:23172:0702/132130.316:VERBOSE1:third_party\blink\renderer\core\script\modulator_impl_base.cc:141] "Import Map: \"http://127.0.0.1:5173/src/pages/Inventory.css\" matches with no entries and thus is not mapped."
[5864:23172:0702/132130.316:VERBOSE1:third_party\blink\renderer\core\script\modulator_impl_base.cc:141] "Import Map: \"http://127.0.0.1:5173/node_modules/.vite/deps/react_jsx-dev-runtime.js?v=d132295d\" matches with no entries and thus is not mapped."
[5864:23172:0702/132130.316:VERBOSE1:third_party\blink\renderer\core\script\modulator_impl_base.cc:141] "Import Map: \"http://127.0.0.1:5173/@react-refresh\" matches with no entries and thus is not mapped."
[5864:23172:0702/132130.316:VERBOSE1:third_party\blink\renderer\core\script\modulator_impl_base.cc:141] "Import Map: \"http://127.0.0.1:5173/src/pages/Inventory.jsx\" matches with no entries and thus is not mapped."
[5864:23172:0702/132130.316:VERBOSE1:third_party\blink\renderer\core\script\modulator_impl_base.cc:141] "Import Map: \"http://127.0.0.1:5173/@vite/client\" matches with no entries and thus is not mapped."
[5864:23172:0702/132130.319:VERBOSE1:third_party\blink\renderer\core\script\modulator_impl_base.cc:141] "Import Map: \"http://127.0.0.1:5173/node_modules/.vite/deps/react.js?v=d132295d\" matches with no entries and thus is not mapped."
[5864:23172:0702/132130.319:VERBOSE1:third_party\blink\renderer\core\script\modulator_impl_base.cc:141] "Import Map: \"http://127.0.0.1:5173/src/api/api.js\" matches with no entries and thus is not mapped."
[5864:23172:0702/132130.319:VERBOSE1:third_party\blink\renderer\core\script\modulator_impl_base.cc:141] "Import Map: \"http://127.0.0.1:5173/src/pages/Inspiration.css\" matches with no entries and thus is not mapped."
[5864:23172:0702/132130.319:VERBOSE1:third_party\blink\renderer\core\script\modulator_impl_base.cc:141] "Import Map: \"http://127.0.0.1:5173/node_modules/.vite/deps/react_jsx-dev-runtime.js?v=d132295d\" matches with no entries and thus is not mapped."
[5864:23172:0702/132130.319:VERBOSE1:third_party\blink\renderer\core\script\modulator_impl_base.cc:141] "Import Map: \"http://127.0.0.1:5173/@react-refresh\" matches with no entries and thus is not mapped."
[5864:23172:0702/132130.319:VERBOSE1:third_party\blink\renderer\core\script\modulator_impl_base.cc:141] "Import Map: \"http://127.0.0.1:5173/src/pages/Inspiration.jsx\" matches with no entries and thus is not mapped."
[5864:23172:0702/132130.320:VERBOSE1:third_party\blink\renderer\core\script\modulator_impl_base.cc:141] "Import Map: \"http://127.0.0.1:5173/@vite/client\" matches with no entries and thus is not mapped."
[5864:23172:0702/132130.320:VERBOSE1:third_party\blink\renderer\core\script\modulator_impl_base.cc:141] "Import Map: \"http://127.0.0.1:5173/node_modules/.vite/deps/react.js?v=d132295d\" matches with no entries and thus is not mapped."
[5864:23172:0702/132130.320:VERBOSE1:third_party\blink\renderer\core\script\modulator_impl_base.cc:141] "Import Map: \"http://127.0.0.1:5173/src/api/api.js\" matches with no entries and thus is not mapped."
[5864:23172:0702/132130.320:VERBOSE1:third_party\blink\renderer\core\script\modulator_impl_base.cc:141] "Import Map: \"http://127.0.0.1:5173/src/pages/AIStudio.css\" matches with no entries and thus is not mapped."
[5864:23172:0702/132130.320:VERBOSE1:third_party\blink\renderer\core\script\modulator_impl_base.cc:141] "Import Map: \"http://127.0.0.1:5173/node_modules/.vite/deps/react_jsx-dev-runtime.js?v=d132295d\" matches with no entries and thus is not mapped."
[5864:23172:0702/132130.320:VERBOSE1:third_party\blink\renderer\core\script\modulator_impl_base.cc:141] "Import Map: \"http://127.0.0.1:5173/@react-refresh\" matches with no entries and thus is not mapped."
[5864:23172:0702/132130.320:VERBOSE1:third_party\blink\renderer\core\script\modulator_impl_base.cc:141] "Import Map: \"http://127.0.0.1:5173/src/pages/AIStudio.jsx\" matches with no entries and thus is not mapped."
[5764:19836:0702/132130.320:VERBOSE1:services\network\url_loader.cc:1373] Will sniff content for mime type: http://127.0.0.1:5173/src/pages/OperationsSizing.css
[5764:19836:0702/132130.320:VERBOSE1:services\network\url_loader.cc:1373] Will sniff content for mime type: http://127.0.0.1:5173/src/pages/DashboardDesktop.css
[5764:19836:0702/132130.320:VERBOSE1:services\network\url_loader.cc:1373] Will sniff content for mime type: http://127.0.0.1:5173/src/components/sidebar.css?t=1782976963120
[5764:19836:0702/132130.325:VERBOSE1:net\base\network_delegate.cc:38] NetworkDelegate::NotifyBeforeURLRequest: http://127.0.0.1:5173/src/pages/Dashboard.css?t=1782980029694
[5764:19836:0702/132130.325:VERBOSE1:net\base\network_delegate.cc:38] NetworkDelegate::NotifyBeforeURLRequest: http://127.0.0.1:5173/src/pages/Products.css?t=1782916028006
[5864:23172:0702/132130.326:VERBOSE1:third_party\blink\renderer\core\script\modulator_impl_base.cc:141] "Import Map: \"http://127.0.0.1:5173/@vite/client\" matches with no entries and thus is not mapped."
[5864:23172:0702/132130.326:VERBOSE1:third_party\blink\renderer\core\script\modulator_impl_base.cc:141] "Import Map: \"http://127.0.0.1:5173/node_modules/.vite/deps/react.js?v=d132295d\" matches with no entries and thus is not mapped."
[5864:23172:0702/132130.326:VERBOSE1:third_party\blink\renderer\core\script\modulator_impl_base.cc:141] "Import Map: \"http://127.0.0.1:5173/src/api/api.js\" matches with no entries and thus is not mapped."
[5864:23172:0702/132130.326:VERBOSE1:third_party\blink\renderer\core\script\modulator_impl_base.cc:141] "Import Map: \"http://127.0.0.1:5173/src/pages/Customers.css?t=1782957696158\" matches with no entries and thus is not mapped."
[5864:23172:0702/132130.326:VERBOSE1:third_party\blink\renderer\core\script\modulator_impl_base.cc:141] "Import Map: \"http://127.0.0.1:5173/node_modules/.vite/deps/react_jsx-dev-runtime.js?v=d132295d\" matches with no entries and thus is not mapped."
[5864:23172:0702/132130.326:VERBOSE1:third_party\blink\renderer\core\script\modulator_impl_base.cc:141] "Import Map: \"http://127.0.0.1:5173/@react-refresh\" matches with no entries and thus is not mapped."
[5864:23172:0702/132130.326:VERBOSE1:third_party\blink\renderer\core\script\modulator_impl_base.cc:141] "Import Map: \"http://127.0.0.1:5173/src/pages/Customers.jsx?t=1782957716307\" matches with no entries and thus is not mapped."
[5764:19836:0702/132130.326:VERBOSE1:net\base\network_delegate.cc:38] NetworkDelegate::NotifyBeforeURLRequest: http://127.0.0.1:5173/src/utils/dateUtils.js
[5864:23172:0702/132130.326:VERBOSE1:third_party\blink\renderer\core\script\modulator_impl_base.cc:141] "Import Map: \"http://127.0.0.1:5173/@vite/client\" matches with no entries and thus is not mapped."
[5864:23172:0702/132130.326:VERBOSE1:third_party\blink\renderer\core\script\modulator_impl_base.cc:141] "Import Map: \"http://127.0.0.1:5173/node_modules/.vite/deps/react.js?v=d132295d\" matches with no entries and thus is not mapped."
[5864:23172:0702/132130.326:VERBOSE1:third_party\blink\renderer\core\script\modulator_impl_base.cc:141] "Import Map: \"http://127.0.0.1:5173/src/api/api.js\" matches with no entries and thus is not mapped."
[5864:23172:0702/132130.328:VERBOSE1:third_party\blink\renderer\core\script\modulator_impl_base.cc:141] "Import Map: \"http://127.0.0.1:5173/src/utils/dateUtils.js\" matches with no entries and thus is not mapped."
[5864:23172:0702/132130.328:VERBOSE1:third_party\blink\renderer\core\script\modulator_impl_base.cc:141] "Import Map: \"http://127.0.0.1:5173/src/pages/Suppliers.css?t=1782954564569\" matches with no entries and thus is not mapped."
[5864:23172:0702/132130.328:VERBOSE1:third_party\blink\renderer\core\script\modulator_impl_base.cc:141] "Import Map: \"http://127.0.0.1:5173/node_modules/.vite/deps/react_jsx-dev-runtime.js?v=d132295d\" matches with no entries and thus is not mapped."
[5864:23172:0702/132130.328:VERBOSE1:third_party\blink\renderer\core\script\modulator_impl_base.cc:141] "Import Map: \"http://127.0.0.1:5173/@react-refresh\" matches with no entries and thus is not mapped."
[5864:23172:0702/132130.328:VERBOSE1:third_party\blink\renderer\core\script\modulator_impl_base.cc:141] "Import Map: \"http://127.0.0.1:5173/src/pages/Suppliers.jsx?t=1782954564569\" matches with no entries and thus is not mapped."
[5764:19836:0702/132130.328:VERBOSE1:services\network\url_loader.cc:1373] Will sniff content for mime type: http://127.0.0.1:5173/src/pages/Dashboard.css?t=1782980029694
[5764:19836:0702/132130.328:VERBOSE1:services\network\url_loader.cc:1373] Will sniff content for mime type: http://127.0.0.1:5173/src/pages/Products.css?t=1782916028006
[5764:19836:0702/132130.329:VERBOSE1:net\base\network_delegate.cc:38] NetworkDelegate::NotifyBeforeURLRequest: http://127.0.0.1:5173/src/pages/Inventory.css
[5764:19836:0702/132130.329:VERBOSE1:net\base\network_delegate.cc:38] NetworkDelegate::NotifyBeforeURLRequest: http://127.0.0.1:5173/src/pages/Inspiration.css
[5764:19836:0702/132130.331:VERBOSE1:services\network\url_loader.cc:1373] Will sniff content for mime type: http://127.0.0.1:5173/src/utils/dateUtils.js
[5764:19836:0702/132130.334:VERBOSE1:services\network\url_loader.cc:1373] Will sniff content for mime type: http://127.0.0.1:5173/src/pages/Inventory.css
[5764:19836:0702/132130.336:VERBOSE1:net\base\network_delegate.cc:38] NetworkDelegate::NotifyBeforeURLRequest: http://127.0.0.1:5173/src/pages/AIStudio.css
[5764:19836:0702/132130.336:VERBOSE1:services\network\url_loader.cc:1373] Will sniff content for mime type: http://127.0.0.1:5173/src/pages/Inspiration.css
[5764:19836:0702/132130.350:VERBOSE1:services\network\url_loader.cc:1373] Will sniff content for mime type: http://127.0.0.1:5173/src/pages/AIStudio.css
[5764:19836:0702/132130.351:VERBOSE1:net\base\network_delegate.cc:38] NetworkDelegate::NotifyBeforeURLRequest: http://127.0.0.1:5173/src/pages/Customers.css?t=1782957696158
[5764:19836:0702/132130.351:VERBOSE1:net\base\network_delegate.cc:38] NetworkDelegate::NotifyBeforeURLRequest: http://127.0.0.1:5173/src/pages/Suppliers.css?t=1782954564569
[5864:23172:0702/132130.354:VERBOSE1:third_party\blink\renderer\core\script\modulator_impl_base.cc:141] "Import Map: \"http://127.0.0.1:5173/@vite/client\" matches with no entries and thus is not mapped."
[5864:23172:0702/132130.354:VERBOSE1:third_party\blink\renderer\core\script\modulator_impl_base.cc:141] "Import Map: \"http://127.0.0.1:5173/node_modules/.vite/deps/react.js?v=d132295d\" matches with no entries and thus is not mapped."
[5864:23172:0702/132130.354:VERBOSE1:third_party\blink\renderer\core\script\modulator_impl_base.cc:141] "Import Map: \"http://127.0.0.1:5173/src/api/api.js\" matches with no entries and thus is not mapped."
[5864:23172:0702/132130.354:VERBOSE1:third_party\blink\renderer\core\script\modulator_impl_base.cc:141] "Import Map: \"http://127.0.0.1:5173/src/utils/dateUtils.js\" matches with no entries and thus is not mapped."
[5864:23172:0702/132130.354:VERBOSE1:third_party\blink\renderer\core\script\modulator_impl_base.cc:141] "Import Map: \"http://127.0.0.1:5173/src/pages/SupplierLedger.css?t=1782919063203\" matches with no entries and thus is not mapped."
[5864:23172:0702/132130.354:VERBOSE1:third_party\blink\renderer\core\script\modulator_impl_base.cc:141] "Import Map: \"http://127.0.0.1:5173/node_modules/.vite/deps/react_jsx-dev-runtime.js?v=d132295d\" matches with no entries and thus is not mapped."
[5864:23172:0702/132130.354:VERBOSE1:third_party\blink\renderer\core\script\modulator_impl_base.cc:141] "Import Map: \"http://127.0.0.1:5173/@react-refresh\" matches with no entries and thus is not mapped."
[5864:23172:0702/132130.354:VERBOSE1:third_party\blink\renderer\core\script\modulator_impl_base.cc:141] "Import Map: \"http://127.0.0.1:5173/src/pages/SupplierLedger.jsx?t=1782919063203\" matches with no entries and thus is not mapped."
[5864:23172:0702/132130.354:VERBOSE1:third_party\blink\renderer\core\script\modulator_impl_base.cc:141] "Import Map: \"http://127.0.0.1:5173/@vite/client\" matches with no entries and thus is not mapped."
[5864:23172:0702/132130.354:VERBOSE1:third_party\blink\renderer\core\script\modulator_impl_base.cc:141] "Import Map: \"http://127.0.0.1:5173/node_modules/.vite/deps/react.js?v=d132295d\" matches with no entries and thus is not mapped."
[5864:23172:0702/132130.354:VERBOSE1:third_party\blink\renderer\core\script\modulator_impl_base.cc:141] "Import Map: \"http://127.0.0.1:5173/src/api/api.js\" matches with no entries and thus is not mapped."
[5864:23172:0702/132130.354:VERBOSE1:third_party\blink\renderer\core\script\modulator_impl_base.cc:141] "Import Map: \"http://127.0.0.1:5173/src/pages/Orders.css?t=1782958484941\" matches with no entries and thus is not mapped."
[5864:23172:0702/132130.354:VERBOSE1:third_party\blink\renderer\core\script\modulator_impl_base.cc:141] "Import Map: \"http://127.0.0.1:5173/node_modules/.vite/deps/react_jsx-dev-runtime.js?v=d132295d\" matches with no entries and thus is not mapped."
[5864:23172:0702/132130.354:VERBOSE1:third_party\blink\renderer\core\script\modulator_impl_base.cc:141] "Import Map: \"http://127.0.0.1:5173/@react-refresh\" matches with no entries and thus is not mapped."
[5864:23172:0702/132130.354:VERBOSE1:third_party\blink\renderer\core\script\modulator_impl_base.cc:141] "Import Map: \"http://127.0.0.1:5173/src/pages/Orders.jsx?t=1782958484941\" matches with no entries and thus is not mapped."
[5864:23172:0702/132130.355:VERBOSE1:third_party\blink\renderer\core\script\modulator_impl_base.cc:141] "Import Map: \"http://127.0.0.1:5173/@vite/client\" matches with no entries and thus is not mapped."
[5864:23172:0702/132130.355:VERBOSE1:third_party\blink\renderer\core\script\modulator_impl_base.cc:141] "Import Map: \"http://127.0.0.1:5173/node_modules/.vite/deps/react.js?v=d132295d\" matches with no entries and thus is not mapped."
[5864:23172:0702/132130.355:VERBOSE1:third_party\blink\renderer\core\script\modulator_impl_base.cc:141] "Import Map: \"http://127.0.0.1:5173/src/api/api.js\" matches with no entries and thus is not mapped."
[5864:23172:0702/132130.355:VERBOSE1:third_party\blink\renderer\core\script\modulator_impl_base.cc:141] "Import Map: \"http://127.0.0.1:5173/src/pages/Manufacturing.css\" matches with no entries and thus is not mapped."
[5864:23172:0702/132130.355:VERBOSE1:third_party\blink\renderer\core\script\modulator_impl_base.cc:141] "Import Map: \"http://127.0.0.1:5173/node_modules/.vite/deps/react_jsx-dev-runtime.js?v=d132295d\" matches with no entries and thus is not mapped."
[5864:23172:0702/132130.355:VERBOSE1:third_party\blink\renderer\core\script\modulator_impl_base.cc:141] "Import Map: \"http://127.0.0.1:5173/@react-refresh\" matches with no entries and thus is not mapped."
[5864:23172:0702/132130.355:VERBOSE1:third_party\blink\renderer\core\script\modulator_impl_base.cc:141] "Import Map: \"http://127.0.0.1:5173/src/pages/Manufacturing.jsx\" matches with no entries and thus is not mapped."
[5864:23172:0702/132130.355:VERBOSE1:third_party\blink\renderer\core\script\modulator_impl_base.cc:141] "Import Map: \"http://127.0.0.1:5173/@vite/client\" matches with no entries and thus is not mapped."
[5864:23172:0702/132130.355:VERBOSE1:third_party\blink\renderer\core\script\modulator_impl_base.cc:141] "Import Map: \"http://127.0.0.1:5173/node_modules/.vite/deps/react.js?v=d132295d\" matches with no entries and thus is not mapped."
[5864:23172:0702/132130.355:VERBOSE1:third_party\blink\renderer\core\script\modulator_impl_base.cc:141] "Import Map: \"http://127.0.0.1:5173/src/api/api.js\" matches with no entries and thus is not mapped."
[5864:23172:0702/132130.355:VERBOSE1:third_party\blink\renderer\core\script\modulator_impl_base.cc:141] "Import Map: \"http://127.0.0.1:5173/src/utils/dateUtils.js\" matches with no entries and thus is not mapped."
[5764:19836:0702/132130.355:VERBOSE1:services\network\url_loader.cc:1373] Will sniff content for mime type: http://127.0.0.1:5173/src/pages/Suppliers.css?t=1782954564569
[5864:23172:0702/132130.355:VERBOSE1:third_party\blink\renderer\core\script\modulator_impl_base.cc:141] "Import Map: \"http://127.0.0.1:5173/src/pages/Workers.css\" matches with no entries and thus is not mapped."
[5864:23172:0702/132130.355:VERBOSE1:third_party\blink\renderer\core\script\modulator_impl_base.cc:141] "Import Map: \"http://127.0.0.1:5173/node_modules/.vite/deps/react_jsx-dev-runtime.js?v=d132295d\" matches with no entries and thus is not mapped."
[5864:23172:0702/132130.355:VERBOSE1:third_party\blink\renderer\core\script\modulator_impl_base.cc:141] "Import Map: \"http://127.0.0.1:5173/@react-refresh\" matches with no entries and thus is not mapped."
[5864:23172:0702/132130.355:VERBOSE1:third_party\blink\renderer\core\script\modulator_impl_base.cc:141] "Import Map: \"http://127.0.0.1:5173/src/pages/Workers.jsx\" matches with no entries and thus is not mapped."
[5864:23172:0702/132130.355:VERBOSE1:third_party\blink\renderer\core\script\modulator_impl_base.cc:141] "Import Map: \"http://127.0.0.1:5173/@vite/client\" matches with no entries and thus is not mapped."
[5864:23172:0702/132130.355:VERBOSE1:third_party\blink\renderer\core\script\modulator_impl_base.cc:141] "Import Map: \"http://127.0.0.1:5173/node_modules/.vite/deps/react.js?v=d132295d\" matches with no entries and thus is not mapped."
[5864:23172:0702/132130.355:VERBOSE1:third_party\blink\renderer\core\script\modulator_impl_base.cc:141] "Import Map: \"http://127.0.0.1:5173/src/api/api.js\" matches with no entries and thus is not mapped."
[5864:23172:0702/132130.355:VERBOSE1:third_party\blink\renderer\core\script\modulator_impl_base.cc:141] "Import Map: \"http://127.0.0.1:5173/src/utils/dateUtils.js\" matches with no entries and thus is not mapped."
[5864:23172:0702/132130.355:VERBOSE1:third_party\blink\renderer\core\script\modulator_impl_base.cc:141] "Import Map: \"http://127.0.0.1:5173/src/pages/Shipping.css\" matches with no entries and thus is not mapped."
[5864:23172:0702/132130.355:VERBOSE1:third_party\blink\renderer\core\script\modulator_impl_base.cc:141] "Import Map: \"http://127.0.0.1:5173/node_modules/.vite/deps/react_jsx-dev-runtime.js?v=d132295d\" matches with no entries and thus is not mapped."
[5864:23172:0702/132130.355:VERBOSE1:third_party\blink\renderer\core\script\modulator_impl_base.cc:141] "Import Map: \"http://127.0.0.1:5173/@react-refresh\" matches with no entries and thus is not mapped."
[5864:23172:0702/132130.355:VERBOSE1:third_party\blink\renderer\core\script\modulator_impl_base.cc:141] "Import Map: \"http://127.0.0.1:5173/src/pages/Shipping.jsx\" matches with no entries and thus is not mapped."
[5764:19836:0702/132130.355:VERBOSE1:services\network\url_loader.cc:1373] Will sniff content for mime type: http://127.0.0.1:5173/src/pages/Customers.css?t=1782957696158
[5864:23172:0702/132130.357:VERBOSE1:third_party\blink\renderer\core\script\modulator_impl_base.cc:141] "Import Map: \"http://127.0.0.1:5173/@vite/client\" matches with no entries and thus is not mapped."
[5864:23172:0702/132130.357:VERBOSE1:third_party\blink\renderer\core\script\modulator_impl_base.cc:141] "Import Map: \"http://127.0.0.1:5173/node_modules/.vite/deps/react.js?v=d132295d\" matches with no entries and thus is not mapped."
[5864:23172:0702/132130.357:VERBOSE1:third_party\blink\renderer\core\script\modulator_impl_base.cc:141] "Import Map: \"http://127.0.0.1:5173/src/api/api.js\" matches with no entries and thus is not mapped."
[5864:23172:0702/132130.357:VERBOSE1:third_party\blink\renderer\core\script\modulator_impl_base.cc:141] "Import Map: \"http://127.0.0.1:5173/src/utils/dateUtils.js\" matches with no entries and thus is not mapped."
[5864:23172:0702/132130.357:VERBOSE1:third_party\blink\renderer\core\script\modulator_impl_base.cc:141] "Import Map: \"http://127.0.0.1:5173/src/pages/ShippingBalance.css\" matches with no entries and thus is not mapped."
[5864:23172:0702/132130.357:VERBOSE1:third_party\blink\renderer\core\script\modulator_impl_base.cc:141] "Import Map: \"http://127.0.0.1:5173/node_modules/.vite/deps/react_jsx-dev-runtime.js?v=d132295d\" matches with no entries and thus is not mapped."
[5864:23172:0702/132130.357:VERBOSE1:third_party\blink\renderer\core\script\modulator_impl_base.cc:141] "Import Map: \"http://127.0.0.1:5173/@react-refresh\" matches with no entries and thus is not mapped."
[5864:23172:0702/132130.357:VERBOSE1:third_party\blink\renderer\core\script\modulator_impl_base.cc:141] "Import Map: \"http://127.0.0.1:5173/src/pages/ShippingBalance.jsx\" matches with no entries and thus is not mapped."
[5864:23172:0702/132130.357:VERBOSE1:third_party\blink\renderer\core\script\modulator_impl_base.cc:141] "Import Map: \"http://127.0.0.1:5173/@vite/client\" matches with no entries and thus is not mapped."
[5864:23172:0702/132130.357:VERBOSE1:third_party\blink\renderer\core\script\modulator_impl_base.cc:141] "Import Map: \"http://127.0.0.1:5173/node_modules/.vite/deps/react.js?v=d132295d\" matches with no entries and thus is not mapped."
[5864:23172:0702/132130.357:VERBOSE1:third_party\blink\renderer\core\script\modulator_impl_base.cc:141] "Import Map: \"http://127.0.0.1:5173/src/api/api.js\" matches with no entries and thus is not mapped."
[5864:23172:0702/132130.357:VERBOSE1:third_party\blink\renderer\core\script\modulator_impl_base.cc:141] "Import Map: \"http://127.0.0.1:5173/src/utils/dateUtils.js\" matches with no entries and thus is not mapped."
[5864:23172:0702/132130.357:VERBOSE1:third_party\blink\renderer\core\script\modulator_impl_base.cc:141] "Import Map: \"http://127.0.0.1:5173/src/pages/FollowUps.css\" matches with no entries and thus is not mapped."
[5864:23172:0702/132130.357:VERBOSE1:third_party\blink\renderer\core\script\modulator_impl_base.cc:141] "Import Map: \"http://127.0.0.1:5173/node_modules/.vite/deps/react_jsx-dev-runtime.js?v=d132295d\" matches with no entries and thus is not mapped."
[5864:23172:0702/132130.357:VERBOSE1:third_party\blink\renderer\core\script\modulator_impl_base.cc:141] "Import Map: \"http://127.0.0.1:5173/@react-refresh\" matches with no entries and thus is not mapped."
[5864:23172:0702/132130.357:VERBOSE1:third_party\blink\renderer\core\script\modulator_impl_base.cc:141] "Import Map: \"http://127.0.0.1:5173/src/pages/FollowUps.jsx\" matches with no entries and thus is not mapped."
[5864:23172:0702/132130.357:VERBOSE1:third_party\blink\renderer\core\script\modulator_impl_base.cc:141] "Import Map: \"http://127.0.0.1:5173/@vite/client\" matches with no entries and thus is not mapped."
[5864:23172:0702/132130.357:VERBOSE1:third_party\blink\renderer\core\script\modulator_impl_base.cc:141] "Import Map: \"http://127.0.0.1:5173/node_modules/.vite/deps/react.js?v=d132295d\" matches with no entries and thus is not mapped."
[5864:23172:0702/132130.357:VERBOSE1:third_party\blink\renderer\core\script\modulator_impl_base.cc:141] "Import Map: \"http://127.0.0.1:5173/src/api/api.js\" matches with no entries and thus is not mapped."
[5864:23172:0702/132130.357:VERBOSE1:third_party\blink\renderer\core\script\modulator_impl_base.cc:141] "Import Map: \"http://127.0.0.1:5173/src/pages/Payouts.css\" matches with no entries and thus is not mapped."
[5864:23172:0702/132130.358:VERBOSE1:third_party\blink\renderer\core\script\modulator_impl_base.cc:141] "Import Map: \"http://127.0.0.1:5173/node_modules/.vite/deps/react_jsx-dev-runtime.js?v=d132295d\" matches with no entries and thus is not mapped."
[5864:23172:0702/132130.358:VERBOSE1:third_party\blink\renderer\core\script\modulator_impl_base.cc:141] "Import Map: \"http://127.0.0.1:5173/@react-refresh\" matches with no entries and thus is not mapped."
[5864:23172:0702/132130.358:VERBOSE1:third_party\blink\renderer\core\script\modulator_impl_base.cc:141] "Import Map: \"http://127.0.0.1:5173/src/pages/Payouts.jsx\" matches with no entries and thus is not mapped."
[5864:23172:0702/132130.358:VERBOSE1:third_party\blink\renderer\core\script\modulator_impl_base.cc:141] "Import Map: \"http://127.0.0.1:5173/@vite/client\" matches with no entries and thus is not mapped."
[5864:23172:0702/132130.358:VERBOSE1:third_party\blink\renderer\core\script\modulator_impl_base.cc:141] "Import Map: \"http://127.0.0.1:5173/node_modules/.vite/deps/react.js?v=d132295d\" matches with no entries and thus is not mapped."
[5864:23172:0702/132130.358:VERBOSE1:third_party\blink\renderer\core\script\modulator_impl_base.cc:141] "Import Map: \"http://127.0.0.1:5173/src/api/api.js\" matches with no entries and thus is not mapped."
[5864:23172:0702/132130.358:VERBOSE1:third_party\blink\renderer\core\script\modulator_impl_base.cc:141] "Import Map: \"http://127.0.0.1:5173/src/utils/dateUtils.js\" matches with no entries and thus is not mapped."
[5864:23172:0702/132130.358:VERBOSE1:third_party\blink\renderer\core\script\modulator_impl_base.cc:141] "Import Map: \"http://127.0.0.1:5173/src/pages/Payments.css\" matches with no entries and thus is not mapped."
[5864:23172:0702/132130.358:VERBOSE1:third_party\blink\renderer\core\script\modulator_impl_base.cc:141] "Import Map: \"http://127.0.0.1:5173/node_modules/.vite/deps/react_jsx-dev-runtime.js?v=d132295d\" matches with no entries and thus is not mapped."
[5864:23172:0702/132130.358:VERBOSE1:third_party\blink\renderer\core\script\modulator_impl_base.cc:141] "Import Map: \"http://127.0.0.1:5173/@react-refresh\" matches with no entries and thus is not mapped."
[5864:23172:0702/132130.358:VERBOSE1:third_party\blink\renderer\core\script\modulator_impl_base.cc:141] "Import Map: \"http://127.0.0.1:5173/src/pages/Payments.jsx\" matches with no entries and thus is not mapped."
[5764:19836:0702/132130.358:VERBOSE1:net\base\network_delegate.cc:38] NetworkDelegate::NotifyBeforeURLRequest: http://127.0.0.1:5173/src/pages/SupplierLedger.css?t=1782919063203
[5864:23172:0702/132130.358:VERBOSE1:third_party\blink\renderer\core\script\modulator_impl_base.cc:141] "Import Map: \"http://127.0.0.1:5173/@vite/client\" matches with no entries and thus is not mapped."
[5864:23172:0702/132130.358:VERBOSE1:third_party\blink\renderer\core\script\modulator_impl_base.cc:141] "Import Map: \"http://127.0.0.1:5173/node_modules/.vite/deps/react.js?v=d132295d\" matches with no entries and thus is not mapped."
[5864:23172:0702/132130.358:VERBOSE1:third_party\blink\renderer\core\script\modulator_impl_base.cc:141] "Import Map: \"http://127.0.0.1:5173/src/api/api.js\" matches with no entries and thus is not mapped."
[5864:23172:0702/132130.358:VERBOSE1:third_party\blink\renderer\core\script\modulator_impl_base.cc:141] "Import Map: \"http://127.0.0.1:5173/src/pages/Accounting.css\" matches with no entries and thus is not mapped."
[5864:23172:0702/132130.358:VERBOSE1:third_party\blink\renderer\core\script\modulator_impl_base.cc:141] "Import Map: \"http://127.0.0.1:5173/node_modules/.vite/deps/react_jsx-dev-runtime.js?v=d132295d\" matches with no entries and thus is not mapped."
[5864:23172:0702/132130.359:VERBOSE1:third_party\blink\renderer\core\script\modulator_impl_base.cc:141] "Import Map: \"http://127.0.0.1:5173/@react-refresh\" matches with no entries and thus is not mapped."
[5864:23172:0702/132130.359:VERBOSE1:third_party\blink\renderer\core\script\modulator_impl_base.cc:141] "Import Map: \"http://127.0.0.1:5173/src/pages/Accounting.jsx\" matches with no entries and thus is not mapped."
[5864:23172:0702/132130.359:VERBOSE1:third_party\blink\renderer\core\script\modulator_impl_base.cc:141] "Import Map: \"http://127.0.0.1:5173/@vite/client\" matches with no entries and thus is not mapped."
[5864:23172:0702/132130.359:VERBOSE1:third_party\blink\renderer\core\script\modulator_impl_base.cc:141] "Import Map: \"http://127.0.0.1:5173/node_modules/.vite/deps/react.js?v=d132295d\" matches with no entries and thus is not mapped."
[5864:23172:0702/132130.359:VERBOSE1:third_party\blink\renderer\core\script\modulator_impl_base.cc:141] "Import Map: \"http://127.0.0.1:5173/src/api/api.js\" matches with no entries and thus is not mapped."
[5864:23172:0702/132130.359:VERBOSE1:third_party\blink\renderer\core\script\modulator_impl_base.cc:141] "Import Map: \"http://127.0.0.1:5173/src/utils/dateUtils.js\" matches with no entries and thus is not mapped."
[5864:23172:0702/132130.359:VERBOSE1:third_party\blink\renderer\core\script\modulator_impl_base.cc:141] "Import Map: \"http://127.0.0.1:5173/src/pages/Production.css?t=1782977025717\" matches with no entries and thus is not mapped."
[5864:23172:0702/132130.359:VERBOSE1:third_party\blink\renderer\core\script\modulator_impl_base.cc:141] "Import Map: \"http://127.0.0.1:5173/node_modules/.vite/deps/react_jsx-dev-runtime.js?v=d132295d\" matches with no entries and thus is not mapped."
[5864:23172:0702/132130.359:VERBOSE1:third_party\blink\renderer\core\script\modulator_impl_base.cc:141] "Import Map: \"http://127.0.0.1:5173/@react-refresh\" matches with no entries and thus is not mapped."
[5864:23172:0702/132130.359:VERBOSE1:third_party\blink\renderer\core\script\modulator_impl_base.cc:141] "Import Map: \"http://127.0.0.1:5173/src/pages/Production.jsx?t=1782977025717\" matches with no entries and thus is not mapped."
[5864:23172:0702/132130.359:VERBOSE1:third_party\blink\renderer\core\script\modulator_impl_base.cc:141] "Import Map: \"http://127.0.0.1:5173/@vite/client\" matches with no entries and thus is not mapped."
[5864:23172:0702/132130.359:VERBOSE1:third_party\blink\renderer\core\script\modulator_impl_base.cc:141] "Import Map: \"http://127.0.0.1:5173/node_modules/.vite/deps/react.js?v=d132295d\" matches with no entries and thus is not mapped."
[5864:23172:0702/132130.359:VERBOSE1:third_party\blink\renderer\core\script\modulator_impl_base.cc:141] "Import Map: \"http://127.0.0.1:5173/src/api/api.js\" matches with no entries and thus is not mapped."
[5864:23172:0702/132130.359:VERBOSE1:third_party\blink\renderer\core\script\modulator_impl_base.cc:141] "Import Map: \"http://127.0.0.1:5173/src/utils/dateUtils.js\" matches with no entries and thus is not mapped."
[5864:23172:0702/132130.359:VERBOSE1:third_party\blink\renderer\core\script\modulator_impl_base.cc:141] "Import Map: \"http://127.0.0.1:5173/src/pages/Production.css?t=1782977025717\" matches with no entries and thus is not mapped."
[5864:23172:0702/132130.359:VERBOSE1:third_party\blink\renderer\core\script\modulator_impl_base.cc:141] "Import Map: \"http://127.0.0.1:5173/node_modules/.vite/deps/react_jsx-dev-runtime.js?v=d132295d\" matches with no entries and thus is not mapped."
[5864:23172:0702/132130.359:VERBOSE1:third_party\blink\renderer\core\script\modulator_impl_base.cc:141] "Import Map: \"http://127.0.0.1:5173/@react-refresh\" matches with no entries and thus is not mapped."
[5864:23172:0702/132130.359:VERBOSE1:third_party\blink\renderer\core\script\modulator_impl_base.cc:141] "Import Map: \"http://127.0.0.1:5173/src/pages/MyTasks.jsx?t=1782977340712\" matches with no entries and thus is not mapped."
[5764:19836:0702/132130.363:VERBOSE1:net\base\network_delegate.cc:38] NetworkDelegate::NotifyBeforeURLRequest: http://127.0.0.1:5173/src/pages/Orders.css?t=1782958484941
[5764:19836:0702/132130.370:VERBOSE1:services\network\url_loader.cc:1373] Will sniff content for mime type: http://127.0.0.1:5173/src/pages/SupplierLedger.css?t=1782919063203
[5764:19836:0702/132130.373:VERBOSE1:net\base\network_delegate.cc:38] NetworkDelegate::NotifyBeforeURLRequest: http://127.0.0.1:5173/src/pages/Manufacturing.css
[5764:19836:0702/132130.373:VERBOSE1:services\network\url_loader.cc:1373] Will sniff content for mime type: http://127.0.0.1:5173/src/pages/Orders.css?t=1782958484941
[5764:19836:0702/132130.376:VERBOSE1:net\base\network_delegate.cc:38] NetworkDelegate::NotifyBeforeURLRequest: http://127.0.0.1:5173/src/pages/Workers.css
[5864:23172:0702/132130.376:VERBOSE1:third_party\blink\renderer\core\script\modulator_impl_base.cc:141] "Import Map: \"http://127.0.0.1:5173/@vite/client\" matches with no entries and thus is not mapped."
[5764:19836:0702/132130.376:VERBOSE1:net\base\network_delegate.cc:38] NetworkDelegate::NotifyBeforeURLRequest: http://127.0.0.1:5173/src/pages/Shipping.css
[5864:23172:0702/132130.376:VERBOSE1:third_party\blink\renderer\core\script\modulator_impl_base.cc:141] "Import Map: \"http://127.0.0.1:5173/node_modules/.vite/deps/react.js?v=d132295d\" matches with no entries and thus is not mapped."
[5864:23172:0702/132130.376:VERBOSE1:third_party\blink\renderer\core\script\modulator_impl_base.cc:141] "Import Map: \"http://127.0.0.1:5173/src/api/api.js\" matches with no entries and thus is not mapped."
[5864:23172:0702/132130.376:VERBOSE1:third_party\blink\renderer\core\script\modulator_impl_base.cc:141] "Import Map: \"http://127.0.0.1:5173/src/utils/dateUtils.js\" matches with no entries and thus is not mapped."
[5864:23172:0702/132130.376:VERBOSE1:third_party\blink\renderer\core\script\modulator_impl_base.cc:141] "Import Map: \"http://127.0.0.1:5173/src/utils/reportPdf.js\" matches with no entries and thus is not mapped."
[5864:23172:0702/132130.376:VERBOSE1:third_party\blink\renderer\core\script\modulator_impl_base.cc:141] "Import Map: \"http://127.0.0.1:5173/src/pages/Reports.css\" matches with no entries and thus is not mapped."
[5864:23172:0702/132130.376:VERBOSE1:third_party\blink\renderer\core\script\modulator_impl_base.cc:141] "Import Map: \"http://127.0.0.1:5173/node_modules/.vite/deps/react_jsx-dev-runtime.js?v=d132295d\" matches with no entries and thus is not mapped."
[5864:23172:0702/132130.376:VERBOSE1:third_party\blink\renderer\core\script\modulator_impl_base.cc:141] "Import Map: \"http://127.0.0.1:5173/@react-refresh\" matches with no entries and thus is not mapped."
[5864:23172:0702/132130.376:VERBOSE1:third_party\blink\renderer\core\script\modulator_impl_base.cc:141] "Import Map: \"http://127.0.0.1:5173/src/pages/Reports.jsx\" matches with no entries and thus is not mapped."
[5764:19836:0702/132130.384:VERBOSE1:services\network\url_loader.cc:1373] Will sniff content for mime type: http://127.0.0.1:5173/src/pages/Manufacturing.css
[5764:19836:0702/132130.389:VERBOSE1:net\base\network_delegate.cc:38] NetworkDelegate::NotifyBeforeURLRequest: http://127.0.0.1:5173/src/pages/ShippingBalance.css
[5764:19836:0702/132130.389:VERBOSE1:services\network\url_loader.cc:1373] Will sniff content for mime type: http://127.0.0.1:5173/src/pages/Workers.css
[5764:19836:0702/132130.392:VERBOSE1:services\network\url_loader.cc:1373] Will sniff content for mime type: http://127.0.0.1:5173/src/pages/Shipping.css
[5764:19836:0702/132130.392:VERBOSE1:net\base\network_delegate.cc:38] NetworkDelegate::NotifyBeforeURLRequest: http://127.0.0.1:5173/src/pages/FollowUps.css
[5764:19836:0702/132130.392:VERBOSE1:net\base\network_delegate.cc:38] NetworkDelegate::NotifyBeforeURLRequest: http://127.0.0.1:5173/src/pages/Payouts.css
[5764:19836:0702/132130.396:VERBOSE1:net\base\network_delegate.cc:38] NetworkDelegate::NotifyBeforeURLRequest: http://127.0.0.1:5173/src/pages/Payments.css
[5764:19836:0702/132130.396:VERBOSE1:services\network\url_loader.cc:1373] Will sniff content for mime type: http://127.0.0.1:5173/src/pages/ShippingBalance.css
[5764:19836:0702/132130.400:VERBOSE1:services\network\url_loader.cc:1373] Will sniff content for mime type: http://127.0.0.1:5173/src/pages/FollowUps.css
[5764:19836:0702/132130.404:VERBOSE1:services\network\url_loader.cc:1373] Will sniff content for mime type: http://127.0.0.1:5173/src/pages/Payouts.css
[5864:23172:0702/132130.404:VERBOSE1:third_party\blink\renderer\core\script\modulator_impl_base.cc:141] "Import Map: \"http://127.0.0.1:5173/@vite/client\" matches with no entries and thus is not mapped."
[5864:23172:0702/132130.404:VERBOSE1:third_party\blink\renderer\core\script\modulator_impl_base.cc:141] "Import Map: \"http://127.0.0.1:5173/node_modules/.vite/deps/react.js?v=d132295d\" matches with no entries and thus is not mapped."
[5864:23172:0702/132130.404:VERBOSE1:third_party\blink\renderer\core\script\modulator_impl_base.cc:141] "Import Map: \"http://127.0.0.1:5173/src/api/api.js\" matches with no entries and thus is not mapped."
[5864:23172:0702/132130.404:VERBOSE1:third_party\blink\renderer\core\script\modulator_impl_base.cc:141] "Import Map: \"http://127.0.0.1:5173/src/pages/Users.css\" matches with no entries and thus is not mapped."
[5864:23172:0702/132130.404:VERBOSE1:third_party\blink\renderer\core\script\modulator_impl_base.cc:141] "Import Map: \"http://127.0.0.1:5173/src/pages/Settings.css\" matches with no entries and thus is not mapped."
[5864:23172:0702/132130.404:VERBOSE1:third_party\blink\renderer\core\script\modulator_impl_base.cc:141] "Import Map: \"http://127.0.0.1:5173/node_modules/.vite/deps/react_jsx-dev-runtime.js?v=d132295d\" matches with no entries and thus is not mapped."
[5864:23172:0702/132130.404:VERBOSE1:third_party\blink\renderer\core\script\modulator_impl_base.cc:141] "Import Map: \"http://127.0.0.1:5173/@react-refresh\" matches with no entries and thus is not mapped."
[5864:23172:0702/132130.404:VERBOSE1:third_party\blink\renderer\core\script\modulator_impl_base.cc:141] "Import Map: \"http://127.0.0.1:5173/src/pages/Settings.jsx\" matches with no entries and thus is not mapped."
[5764:19836:0702/132130.405:VERBOSE1:services\network\url_loader.cc:1373] Will sniff content for mime type: http://127.0.0.1:5173/src/pages/Payments.css
[5764:19836:0702/132130.405:VERBOSE1:net\base\network_delegate.cc:38] NetworkDelegate::NotifyBeforeURLRequest: http://127.0.0.1:5173/src/pages/Accounting.css
[5764:19836:0702/132130.406:VERBOSE1:net\base\network_delegate.cc:38] NetworkDelegate::NotifyBeforeURLRequest: http://127.0.0.1:5173/src/pages/Production.css?t=1782977025717
[5764:19836:0702/132130.410:VERBOSE1:services\network\url_loader.cc:1373] Will sniff content for mime type: http://127.0.0.1:5173/src/pages/Accounting.css
[5764:19836:0702/132130.411:VERBOSE1:services\network\url_loader.cc:1373] Will sniff content for mime type: http://127.0.0.1:5173/src/pages/Production.css?t=1782977025717
[5764:19836:0702/132130.412:VERBOSE1:net\base\network_delegate.cc:38] NetworkDelegate::NotifyBeforeURLRequest: http://127.0.0.1:5173/src/utils/reportPdf.js
[5764:19836:0702/132130.413:VERBOSE1:net\base\network_delegate.cc:38] NetworkDelegate::NotifyBeforeURLRequest: http://127.0.0.1:5173/src/pages/Reports.css
[5764:19836:0702/132130.415:VERBOSE1:net\base\network_delegate.cc:38] NetworkDelegate::NotifyBeforeURLRequest: http://127.0.0.1:5173/src/pages/Users.css
[5764:19836:0702/132130.415:VERBOSE1:services\network\url_loader.cc:1373] Will sniff content for mime type: http://127.0.0.1:5173/src/utils/reportPdf.js
[5864:23172:0702/132130.417:VERBOSE1:third_party\blink\renderer\core\script\modulator_impl_base.cc:141] "Import Map: \"http://127.0.0.1:5173/@vite/client\" matches with no entries and thus is not mapped."
[5864:23172:0702/132130.417:VERBOSE1:third_party\blink\renderer\core\script\modulator_impl_base.cc:141] "Import Map: \"http://127.0.0.1:5173/node_modules/.vite/deps/react.js?v=d132295d\" matches with no entries and thus is not mapped."
[5864:23172:0702/132130.417:VERBOSE1:third_party\blink\renderer\core\script\modulator_impl_base.cc:141] "Import Map: \"http://127.0.0.1:5173/src/api/api.js\" matches with no entries and thus is not mapped."
[5864:23172:0702/132130.417:VERBOSE1:third_party\blink\renderer\core\script\modulator_impl_base.cc:141] "Import Map: \"http://127.0.0.1:5173/src/utils/dateUtils.js\" matches with no entries and thus is not mapped."
[5864:23172:0702/132130.417:VERBOSE1:third_party\blink\renderer\core\script\modulator_impl_base.cc:141] "Import Map: \"http://127.0.0.1:5173/src/pages/Users.css\" matches with no entries and thus is not mapped."
[5864:23172:0702/132130.417:VERBOSE1:third_party\blink\renderer\core\script\modulator_impl_base.cc:141] "Import Map: \"http://127.0.0.1:5173/node_modules/.vite/deps/react_jsx-dev-runtime.js?v=d132295d\" matches with no entries and thus is not mapped."
[5864:23172:0702/132130.417:VERBOSE1:third_party\blink\renderer\core\script\modulator_impl_base.cc:141] "Import Map: \"http://127.0.0.1:5173/@react-refresh\" matches with no entries and thus is not mapped."
[5864:23172:0702/132130.417:VERBOSE1:third_party\blink\renderer\core\script\modulator_impl_base.cc:141] "Import Map: \"http://127.0.0.1:5173/src/pages/Users.jsx\" matches with no entries and thus is not mapped."
[5764:19836:0702/132130.418:VERBOSE1:services\network\url_loader.cc:1373] Will sniff content for mime type: http://127.0.0.1:5173/src/pages/Reports.css
[5764:19836:0702/132130.420:VERBOSE1:services\network\url_loader.cc:1373] Will sniff content for mime type: http://127.0.0.1:5173/src/pages/Users.css
[5764:19836:0702/132130.420:VERBOSE1:net\base\network_delegate.cc:38] NetworkDelegate::NotifyBeforeURLRequest: http://127.0.0.1:5173/src/pages/Settings.css
[5864:23172:0702/132130.422:VERBOSE1:third_party\blink\renderer\core\script\modulator_impl_base.cc:141] "Import Map: \"http://127.0.0.1:5173/@vite/client\" matches with no entries and thus is not mapped."
[5864:23172:0702/132130.422:VERBOSE1:third_party\blink\renderer\core\script\modulator_impl_base.cc:141] "Import Map: \"http://127.0.0.1:5173/node_modules/.vite/deps/react.js?v=d132295d\" matches with no entries and thus is not mapped."
[5864:23172:0702/132130.422:VERBOSE1:third_party\blink\renderer\core\script\modulator_impl_base.cc:141] "Import Map: \"http://127.0.0.1:5173/src/pages/Quotes.css\" matches with no entries and thus is not mapped."
[5864:23172:0702/132130.422:VERBOSE1:third_party\blink\renderer\core\script\modulator_impl_base.cc:141] "Import Map: \"http://127.0.0.1:5173/node_modules/.vite/deps/react_jsx-dev-runtime.js?v=d132295d\" matches with no entries and thus is not mapped."
[5864:23172:0702/132130.422:VERBOSE1:third_party\blink\renderer\core\script\modulator_impl_base.cc:141] "Import Map: \"http://127.0.0.1:5173/@react-refresh\" matches with no entries and thus is not mapped."
[5864:23172:0702/132130.422:VERBOSE1:third_party\blink\renderer\core\script\modulator_impl_base.cc:141] "Import Map: \"http://127.0.0.1:5173/src/pages/Quotes.jsx\" matches with no entries and thus is not mapped."
[5764:19836:0702/132130.422:VERBOSE1:services\network\url_loader.cc:1373] Will sniff content for mime type: http://127.0.0.1:5173/src/pages/Settings.css
[5764:19836:0702/132130.424:VERBOSE1:net\base\network_delegate.cc:38] NetworkDelegate::NotifyBeforeURLRequest: http://127.0.0.1:5173/src/pages/Quotes.css
[5864:23172:0702/132130.424:VERBOSE1:third_party\blink\renderer\core\script\modulator_impl_base.cc:141] "Import Map: \"http://127.0.0.1:5173/@vite/client\" matches with no entries and thus is not mapped."
[5864:23172:0702/132130.424:VERBOSE1:third_party\blink\renderer\core\script\modulator_impl_base.cc:141] "Import Map: \"http://127.0.0.1:5173/node_modules/.vite/deps/react.js?v=d132295d\" matches with no entries and thus is not mapped."
[5864:23172:0702/132130.424:VERBOSE1:third_party\blink\renderer\core\script\modulator_impl_base.cc:141] "Import Map: \"http://127.0.0.1:5173/src/pages/TempData.css\" matches with no entries and thus is not mapped."
[5864:23172:0702/132130.424:VERBOSE1:third_party\blink\renderer\core\script\modulator_impl_base.cc:141] "Import Map: \"http://127.0.0.1:5173/node_modules/.vite/deps/react_jsx-dev-runtime.js?v=d132295d\" matches with no entries and thus is not mapped."
[5864:23172:0702/132130.424:VERBOSE1:third_party\blink\renderer\core\script\modulator_impl_base.cc:141] "Import Map: \"http://127.0.0.1:5173/@react-refresh\" matches with no entries and thus is not mapped."
[5864:23172:0702/132130.424:VERBOSE1:third_party\blink\renderer\core\script\modulator_impl_base.cc:141] "Import Map: \"http://127.0.0.1:5173/src/pages/TempData.jsx\" matches with no entries and thus is not mapped."
[5864:23172:0702/132130.425:VERBOSE1:third_party\blink\renderer\core\script\modulator_impl_base.cc:141] "Import Map: \"http://127.0.0.1:5173/@vite/client\" matches with no entries and thus is not mapped."
[15884:19008:0702/132130.425:VERBOSE1:chrome\browser\web_applications\locks\partitioned_lock_manager.cc:243] All locks acquired for TriggerManifestUpdateProcess@chrome\browser\web_applications\manifest_update_manager.cc:148
[5864:23172:0702/132130.425:VERBOSE1:third_party\blink\renderer\core\script\modulator_impl_base.cc:141] "Import Map: \"http://127.0.0.1:5173/node_modules/.vite/deps/react.js?v=d132295d\" matches with no entries and thus is not mapped."
[5864:23172:0702/132130.425:VERBOSE1:third_party\blink\renderer\core\script\modulator_impl_base.cc:141] "Import Map: \"http://127.0.0.1:5173/src/pages/Messages.css\" matches with no entries and thus is not mapped."
[5864:23172:0702/132130.425:VERBOSE1:third_party\blink\renderer\core\script\modulator_impl_base.cc:141] "Import Map: \"http://127.0.0.1:5173/node_modules/.vite/deps/react_jsx-dev-runtime.js?v=d132295d\" matches with no entries and thus is not mapped."
[5864:23172:0702/132130.425:VERBOSE1:third_party\blink\renderer\core\script\modulator_impl_base.cc:141] "Import Map: \"http://127.0.0.1:5173/@react-refresh\" matches with no entries and thus is not mapped."
[5864:23172:0702/132130.425:VERBOSE1:third_party\blink\renderer\core\script\modulator_impl_base.cc:141] "Import Map: \"http://127.0.0.1:5173/src/pages/Messages.jsx\" matches with no entries and thus is not mapped."
[5864:23172:0702/132130.425:VERBOSE1:third_party\blink\renderer\core\script\modulator_impl_base.cc:141] "Import Map: \"http://127.0.0.1:5173/@vite/client\" matches with no entries and thus is not mapped."
[5864:23172:0702/132130.425:VERBOSE1:third_party\blink\renderer\core\script\modulator_impl_base.cc:141] "Import Map: \"http://127.0.0.1:5173/node_modules/.vite/deps/react.js?v=d132295d\" matches with no entries and thus is not mapped."
[5864:23172:0702/132130.425:VERBOSE1:third_party\blink\renderer\core\script\modulator_impl_base.cc:141] "Import Map: \"http://127.0.0.1:5173/src/api/api.js\" matches with no entries and thus is not mapped."
[5864:23172:0702/132130.427:VERBOSE1:third_party\blink\renderer\core\script\modulator_impl_base.cc:141] "Import Map: \"http://127.0.0.1:5173/src/pages/Login.css\" matches with no entries and thus is not mapped."
[5864:23172:0702/132130.427:VERBOSE1:third_party\blink\renderer\core\script\modulator_impl_base.cc:141] "Import Map: \"http://127.0.0.1:5173/node_modules/.vite/deps/react_jsx-dev-runtime.js?v=d132295d\" matches with no entries and thus is not mapped."
[5864:23172:0702/132130.427:VERBOSE1:third_party\blink\renderer\core\script\modulator_impl_base.cc:141] "Import Map: \"http://127.0.0.1:5173/@react-refresh\" matches with no entries and thus is not mapped."
[5864:23172:0702/132130.427:VERBOSE1:third_party\blink\renderer\core\script\modulator_impl_base.cc:141] "Import Map: \"http://127.0.0.1:5173/src/pages/Login.jsx\" matches with no entries and thus is not mapped."
[5864:23172:0702/132130.427:VERBOSE1:third_party\blink\renderer\core\script\modulator_impl_base.cc:141] "Import Map: \"http://127.0.0.1:5173/@vite/client\" matches with no entries and thus is not mapped."
[5864:23172:0702/132130.427:VERBOSE1:third_party\blink\renderer\core\script\modulator_impl_base.cc:141] "Import Map: \"http://127.0.0.1:5173/@vite/client\" matches with no entries and thus is not mapped."
[5864:23172:0702/132130.427:VERBOSE1:third_party\blink\renderer\core\script\modulator_impl_base.cc:141] "Import Map: \"http://127.0.0.1:5173/@vite/client\" matches with no entries and thus is not mapped."
[15884:19008:0702/132130.427:VERBOSE1:chrome\browser\web_applications\locks\partitioned_lock_manager.cc:262] Acquiring <PartitionedLockId>{id: 0x31, partition: 0} for OnManifestFetchedAcquireAppLock@chrome\browser\web_applications\commands\manifest_silent_update_command.cc:214
[15884:19008:0702/132130.427:VERBOSE1:chrome\browser\web_applications\locks\partitioned_lock_manager.cc:262] Acquiring <PartitionedLockId>{id: 0x6d66616c64676c616b6a676661636f6d696763616e6f6f6a6f646a616f696e6c, partition: 1} for OnManifestFetchedAcquireAppLock@chrome\browser\web_applications\commands\manifest_silent_update_command.cc:214
[15884:19008:0702/132130.427:VERBOSE1:chrome\browser\web_applications\locks\partitioned_lock_manager.cc:243] All locks acquired for OnManifestFetchedAcquireAppLock@chrome\browser\web_applications\commands\manifest_silent_update_command.cc:214
[5864:23172:0702/132130.427:VERBOSE1:third_party\blink\renderer\core\script\modulator_impl_base.cc:141] "Import Map: \"http://127.0.0.1:5173/@vite/client\" matches with no entries and thus is not mapped."
[5764:19836:0702/132130.427:VERBOSE1:net\base\network_delegate.cc:38] NetworkDelegate::NotifyBeforeURLRequest: http://127.0.0.1:5173/src/pages/TempData.css
[15884:19008:0702/132130.427:VERBOSE1:chrome\browser\web_applications\locks\partitioned_lock_manager.cc:286] Releasing <PartitionedLockId>{id: 0x6d66616c64676c616b6a676661636f6d696763616e6f6f6a6f646a616f696e6c, partition: 1} requested by OnManifestFetchedAcquireAppLock@chrome\browser\web_applications\commands\manifest_silent_update_command.cc:214
[5864:23172:0702/132130.427:VERBOSE1:third_party\blink\renderer\core\script\modulator_impl_base.cc:141] "Import Map: \"http://127.0.0.1:5173/@vite/client\" matches with no entries and thus is not mapped."
[15884:19008:0702/132130.427:VERBOSE1:chrome\browser\web_applications\locks\partitioned_lock_manager.cc:286] Releasing <PartitionedLockId>{id: 0x31, partition: 0} requested by OnManifestFetchedAcquireAppLock@chrome\browser\web_applications\commands\manifest_silent_update_command.cc:214
[5764:19836:0702/132130.427:VERBOSE1:services\network\url_loader.cc:1373] Will sniff content for mime type: http://127.0.0.1:5173/src/pages/Quotes.css
[5864:23172:0702/132130.427:VERBOSE1:third_party\blink\renderer\core\script\modulator_impl_base.cc:141] "Import Map: \"http://127.0.0.1:5173/@vite/client\" matches with no entries and thus is not mapped."
[5864:23172:0702/132130.427:VERBOSE1:third_party\blink\renderer\core\script\modulator_impl_base.cc:141] "Import Map: \"http://127.0.0.1:5173/@vite/client\" matches with no entries and thus is not mapped."
[5864:23172:0702/132130.427:VERBOSE1:third_party\blink\renderer\core\script\modulator_impl_base.cc:141] "Import Map: \"http://127.0.0.1:5173/@vite/client\" matches with no entries and thus is not mapped."
[5864:23172:0702/132130.427:VERBOSE1:third_party\blink\renderer\core\script\modulator_impl_base.cc:141] "Import Map: \"http://127.0.0.1:5173/@vite/client\" matches with no entries and thus is not mapped."
[5864:23172:0702/132130.429:VERBOSE1:third_party\blink\renderer\core\script\modulator_impl_base.cc:141] "Import Map: \"http://127.0.0.1:5173/@vite/client\" matches with no entries and thus is not mapped."
[5764:19836:0702/132130.429:VERBOSE1:net\base\network_delegate.cc:38] NetworkDelegate::NotifyBeforeURLRequest: http://127.0.0.1:5173/src/pages/Messages.css
[5864:23172:0702/132130.429:VERBOSE1:third_party\blink\renderer\core\script\modulator_impl_base.cc:141] "Import Map: \"http://127.0.0.1:5173/@vite/client\" matches with no entries and thus is not mapped."
[5764:19836:0702/132130.429:VERBOSE1:net\base\network_delegate.cc:38] NetworkDelegate::NotifyBeforeURLRequest: http://127.0.0.1:5173/src/pages/Login.css
[5864:23172:0702/132130.429:VERBOSE1:third_party\blink\renderer\core\script\modulator_impl_base.cc:141] "Import Map: \"http://127.0.0.1:5173/@vite/client\" matches with no entries and thus is not mapped."
[5764:19836:0702/132130.429:VERBOSE1:services\network\url_loader.cc:1373] Will sniff content for mime type: http://127.0.0.1:5173/src/pages/TempData.css
[5764:19836:0702/132130.432:VERBOSE1:services\network\url_loader.cc:1373] Will sniff content for mime type: http://127.0.0.1:5173/src/pages/Messages.css
[5864:23172:0702/132130.432:VERBOSE1:third_party\blink\renderer\core\script\modulator_impl_base.cc:141] "Import Map: \"http://127.0.0.1:5173/@vite/client\" matches with no entries and thus is not mapped."
[5864:23172:0702/132130.432:VERBOSE1:third_party\blink\renderer\core\script\modulator_impl_base.cc:141] "Import Map: \"http://127.0.0.1:5173/@vite/client\" matches with no entries and thus is not mapped."
[5764:19836:0702/132130.434:VERBOSE1:services\network\url_loader.cc:1373] Will sniff content for mime type: http://127.0.0.1:5173/src/pages/Login.css
[5864:23172:0702/132130.434:VERBOSE1:third_party\blink\renderer\core\script\modulator_impl_base.cc:141] "Import Map: \"http://127.0.0.1:5173/@vite/client\" matches with no entries and thus is not mapped."
[5864:23172:0702/132130.434:VERBOSE1:third_party\blink\renderer\core\script\modulator_impl_base.cc:141] "Import Map: \"http://127.0.0.1:5173/@vite/client\" matches with no entries and thus is not mapped."
[5864:23172:0702/132130.434:VERBOSE1:third_party\blink\renderer\core\script\modulator_impl_base.cc:141] "Import Map: \"http://127.0.0.1:5173/@vite/client\" matches with no entries and thus is not mapped."
[5864:23172:0702/132130.434:VERBOSE1:third_party\blink\renderer\core\script\modulator_impl_base.cc:141] "Import Map: \"http://127.0.0.1:5173/@vite/client\" matches with no entries and thus is not mapped."
[5864:23172:0702/132130.435:VERBOSE1:third_party\blink\renderer\core\script\modulator_impl_base.cc:141] "Import Map: \"http://127.0.0.1:5173/@vite/client\" matches with no entries and thus is not mapped."
[5864:23172:0702/132130.435:VERBOSE1:third_party\blink\renderer\core\script\modulator_impl_base.cc:141] "Import Map: \"http://127.0.0.1:5173/@vite/client\" matches with no entries and thus is not mapped."
[5864:23172:0702/132130.435:VERBOSE1:third_party\blink\renderer\core\script\modulator_impl_base.cc:141] "Import Map: \"http://127.0.0.1:5173/@vite/client\" matches with no entries and thus is not mapped."
[5864:23172:0702/132130.435:VERBOSE1:third_party\blink\renderer\core\script\modulator_impl_base.cc:141] "Import Map: \"http://127.0.0.1:5173/@vite/client\" matches with no entries and thus is not mapped."
[5864:23172:0702/132130.435:VERBOSE1:third_party\blink\renderer\core\script\modulator_impl_base.cc:141] "Import Map: \"http://127.0.0.1:5173/@vite/client\" matches with no entries and thus is not mapped."
[5864:23172:0702/132130.435:VERBOSE1:third_party\blink\renderer\core\script\modulator_impl_base.cc:141] "Import Map: \"http://127.0.0.1:5173/@vite/client\" matches with no entries and thus is not mapped."
[5864:23172:0702/132130.435:VERBOSE1:third_party\blink\renderer\core\script\modulator_impl_base.cc:141] "Import Map: \"http://127.0.0.1:5173/@vite/client\" matches with no entries and thus is not mapped."
[5864:23172:0702/132130.435:VERBOSE1:third_party\blink\renderer\core\script\modulator_impl_base.cc:141] "Import Map: \"http://127.0.0.1:5173/@vite/client\" matches with no entries and thus is not mapped."
[5864:23172:0702/132130.435:VERBOSE1:third_party\blink\renderer\core\script\modulator_impl_base.cc:141] "Import Map: \"http://127.0.0.1:5173/@vite/client\" matches with no entries and thus is not mapped."
[5864:23172:0702/132130.435:VERBOSE1:third_party\blink\renderer\core\script\modulator_impl_base.cc:141] "Import Map: \"http://127.0.0.1:5173/@vite/client\" matches with no entries and thus is not mapped."
[3888:10272:0702/132130.834:VERBOSE1:extensions\renderer\script_context.cc:163] Destroyed context for extension
  extension id: fignfifoniblkonapihmkfakmlgkbkcf
  effective extension id: fignfifoniblkonapihmkfakmlgkbkcf
[3888:10272:0702/132130.834:VERBOSE1:extensions\renderer\script_context.cc:163] Destroyed context for extension
  extension id: 
  effective extension id: 
[15884:19008:0702/132130.917:INFO:CONSOLE:851] "[vite] connecting...", source: http://127.0.0.1:5173/@vite/client (851)
[5764:19836:0702/132130.925:VERBOSE1:net\base\network_delegate.cc:38] NetworkDelegate::NotifyBeforeURLRequest: ws://127.0.0.1:5173/?token=Vif2Ls4_KXYV
[15884:19008:0702/132131.023:INFO:CONSOLE:14338] "%cDownload the React DevTools for a better development experience: https://react.dev/link/react-devtools font-weight:bold", source: http://127.0.0.1:5173/node_modules/.vite/deps/react-dom_client.js?v=d132295d (14338)
[15884:18888:0702/132131.398:VERBOSE1:content\browser\renderer_host\media\media_stream_manager.cc:1499] MSPL::OnSpeedLimitChange({this=0x71e402320ed8}, {new_limit=10})
[5764:19836:0702/132131.568:VERBOSE1:net\base\network_delegate.cc:38] NetworkDelegate::NotifyBeforeURLRequest: https://fonts.gstatic.com/s/opensans/v44/memvYaGs126MiZpBA-UvWbX2vVnXBbObj2OVTS-muw.woff2
[15884:19008:0702/132131.651:VERBOSE1:chrome\browser\policy\cloud\fm_registration_token_uploader.cc:193] Client is missing for kUser scope
[5764:19836:0702/132131.656:VERBOSE1:net\base\network_delegate.cc:38] NetworkDelegate::NotifyBeforeURLRequest: https://fonts.gstatic.com/s/opensans/v44/memvYaGs126MiZpBA-UvWbX2vVnXBbObj2OVTS-muw.woff2
[5764:19836:0702/132131.673:VERBOSE1:net\base\network_delegate.cc:38] NetworkDelegate::NotifyBeforeURLRequest: http://127.0.0.1:8000/users/7
[5764:19836:0702/132131.673:VERBOSE1:net\base\network_delegate.cc:38] NetworkDelegate::NotifyBeforeURLRequest: http://127.0.0.1:8000/activity-logs/page-view
[5764:19836:0702/132131.673:VERBOSE1:net\base\network_delegate.cc:38] NetworkDelegate::NotifyBeforeURLRequest: http://127.0.0.1:8000/users/7
[15884:19008:0702/132131.673:INFO:CONSOLE:955] "[vite] connected.", source: http://127.0.0.1:5173/@vite/client (955)
[5764:19836:0702/132131.673:VERBOSE1:net\base\network_delegate.cc:38] NetworkDelegate::NotifyBeforeURLRequest: http://127.0.0.1:5173/favicon.svg
[5764:19836:0702/132131.679:VERBOSE1:net\base\network_delegate.cc:38] NetworkDelegate::NotifyBeforeURLRequest: http://127.0.0.1:8000/dashboard-stats
[5764:19836:0702/132131.683:VERBOSE1:net\base\network_delegate.cc:38] NetworkDelegate::NotifyBeforeURLRequest: http://127.0.0.1:8000/users/7
[5764:19836:0702/132131.683:VERBOSE1:net\base\network_delegate.cc:38] NetworkDelegate::NotifyBeforeURLRequest: http://127.0.0.1:8000/dashboard-stats
[5764:19836:0702/132131.685:VERBOSE1:net\base\network_delegate.cc:38] NetworkDelegate::NotifyBeforeURLRequest: http://127.0.0.1:8000/activity-logs/page-view
[5764:19836:0702/132131.687:VERBOSE1:net\base\network_delegate.cc:38] NetworkDelegate::NotifyBeforeURLRequest: http://127.0.0.1:5173/favicon.svg
[5764:19836:0702/132131.689:VERBOSE1:net\base\network_delegate.cc:38] NetworkDelegate::NotifyBeforeURLRequest: http://127.0.0.1:8000/users/7
[5764:19836:0702/132131.695:VERBOSE1:net\base\network_delegate.cc:38] NetworkDelegate::NotifyBeforeURLRequest: http://127.0.0.1:8000/dashboard-stats
[5764:19836:0702/132132.327:VERBOSE1:net\base\network_delegate.cc:38] NetworkDelegate::NotifyBeforeURLRequest: http://127.0.0.1:8000/users/7
[5764:19836:0702/132132.940:VERBOSE1:net\base\network_delegate.cc:38] NetworkDelegate::NotifyBeforeURLRequest: https://android.clients.google.com/c2dm/register3
[15884:18888:0702/132133.193:ERROR:google_apis\gcm\engine\registration_request.cc:291] Registration response error message: DEPRECATED_ENDPOINT
[15884:18888:0702/132133.193:VERBOSE1:google_apis\gcm\engine\registration_request.cc:256] Delaying GCM registration of app: com.google.android.gms, for 59348 milliseconds.
[15884:18888:0702/132133.420:VERBOSE1:content\browser\renderer_host\media\media_stream_manager.cc:1499] MSPL::OnSpeedLimitChange({this=0x71e402320ed8}, {new_limit=11})
[15884:19008:0702/132134.178:VERBOSE1:chrome\updater\ipc\update_service_proxy_mojo.cc:427] OnDisconnected
[15884:19008:0702/132134.178:VERBOSE1:chrome\updater\ipc\update_service_proxy_mojo.cc:194] GetVersion
[15884:19008:0702/132134.178:VERBOSE1:chrome\updater\ipc\update_service_proxy_mojo.cc:439] EnsureConnecting
[5864:23172:0702/132134.684:VERBOSE1:third_party\blink\renderer\modules\content_extraction\ai_page_content_agent.cc:1609] GetAIPageContent SYNC MainFrame: 1
[5864:23172:0702/132134.684:VERBOSE1:third_party\blink\renderer\modules\content_extraction\ai_page_content_agent.cc:1612] GetAIPageContent SYNC DONE
[15884:18888:0702/132135.439:VERBOSE1:content\browser\renderer_host\media\media_stream_manager.cc:1499] MSPL::OnSpeedLimitChange({this=0x71e402320ed8}, {new_limit=12})
[15884:18888:0702/132137.445:VERBOSE1:content\browser\renderer_host\media\media_stream_manager.cc:1499] MSPL::OnSpeedLimitChange({this=0x71e402320ed8}, {new_limit=13})
[15884:18888:0702/132138.453:VERBOSE1:content\browser\renderer_host\media\media_stream_manager.cc:1499] MSPL::OnSpeedLimitChange({this=0x71e402320ed8}, {new_limit=15})
[15884:18888:0702/132139.457:VERBOSE1:content\browser\renderer_host\media\media_stream_manager.cc:1499] MSPL::OnSpeedLimitChange({this=0x71e402320ed8}, {new_limit=17})
[15884:18888:0702/132140.460:VERBOSE1:content\browser\renderer_host\media\media_stream_manager.cc:1499] MSPL::OnSpeedLimitChange({this=0x71e402320ed8}, {new_limit=18})
[15884:18888:0702/132142.472:VERBOSE1:content\browser\renderer_host\media\media_stream_manager.cc:1499] MSPL::OnSpeedLimitChange({this=0x71e402320ed8}, {new_limit=19})
[15884:18888:0702/132144.479:VERBOSE1:content\browser\renderer_host\media\media_stream_manager.cc:1499] MSPL::OnSpeedLimitChange({this=0x71e402320ed8}, {new_limit=20})
[15884:18888:0702/132145.485:VERBOSE1:content\browser\renderer_host\media\media_stream_manager.cc:1499] MSPL::OnSpeedLimitChange({this=0x71e402320ed8}, {new_limit=21})
[5764:19836:0702/132147.104:VERBOSE1:net\base\network_delegate.cc:38] NetworkDelegate::NotifyBeforeURLRequest: http://127.0.0.1:8000/users/7
[15884:18888:0702/132147.497:VERBOSE1:content\browser\renderer_host\media\media_stream_manager.cc:1499] MSPL::OnSpeedLimitChange({this=0x71e402320ed8}, {new_limit=22})
[15884:18888:0702/132148.500:VERBOSE1:content\browser\renderer_host\media\media_stream_manager.cc:1499] MSPL::OnSpeedLimitChange({this=0x71e402320ed8}, {new_limit=20})
[15884:19008:0702/132149.184:VERBOSE1:chrome\updater\ipc\update_service_proxy_mojo.cc:427] OnDisconnected
[15884:19008:0702/132149.184:VERBOSE1:chrome\updater\ipc\update_service_proxy_mojo.cc:194] GetVersion
[15884:19008:0702/132149.184:VERBOSE1:chrome\updater\ipc\update_service_proxy_mojo.cc:439] EnsureConnecting
[15884:18888:0702/132149.513:VERBOSE1:content\browser\renderer_host\media\media_stream_manager.cc:1499] MSPL::OnSpeedLimitChange({this=0x71e402320ed8}, {new_limit=19})
[15884:18888:0702/132151.534:VERBOSE1:content\browser\renderer_host\media\media_stream_manager.cc:1499] MSPL::OnSpeedLimitChange({this=0x71e402320ed8}, {new_limit=18})
[15884:18888:0702/132152.544:VERBOSE1:content\browser\renderer_host\media\media_stream_manager.cc:1499] MSPL::OnSpeedLimitChange({this=0x71e402320ed8}, {new_limit=19})
[15884:18888:0702/132153.551:VERBOSE1:content\browser\renderer_host\media\media_stream_manager.cc:1499] MSPL::OnSpeedLimitChange({this=0x71e402320ed8}, {new_limit=18})
[15884:18888:0702/132154.559:VERBOSE1:content\browser\renderer_host\media\media_stream_manager.cc:1499] MSPL::OnSpeedLimitChange({this=0x71e402320ed8}, {new_limit=16})
[15884:18888:0702/132156.580:VERBOSE1:content\browser\renderer_host\media\media_stream_manager.cc:1499] MSPL::OnSpeedLimitChange({this=0x71e402320ed8}, {new_limit=15})
[15884:18888:0702/132158.598:VERBOSE1:content\browser\renderer_host\media\media_stream_manager.cc:1499] MSPL::OnSpeedLimitChange({this=0x71e402320ed8}, {new_limit=17})
[15884:19008:0702/132200.293:VERBOSE1:components\signin\internal\identity_manager\mutable_profile_oauth2_token_service_delegate.cc:443] MutablePO2TS::RefreshTokenIsAvailable
[15884:19008:0702/132200.293:VERBOSE1:components\signin\internal\identity_manager\mutable_profile_oauth2_token_service_delegate.cc:443] MutablePO2TS::RefreshTokenIsAvailable
[5764:19836:0702/132200.626:VERBOSE1:net\base\network_delegate.cc:38] NetworkDelegate::NotifyBeforeURLRequest: https://update.googleapis.com/service/update2/json?cup2key=16:cRZatuPjyMC9SDj9TWuWPNyKRvLylC1HyNGvkELH-P4&cup2hreq=58e590aaa3374b27d202cffb0b07c5dc514b8d7b23add6fb9a7f76dcdb36a676
[15884:19008:0702/132200.851:VERBOSE1:components\segmentation_platform\internal\execution\model_executor_impl.cc:189] Segmentation model input:  feature 0: 1 feature 1: 0 feature 2: 0 feature 3: 0 feature 4: 0 feature 5: 0 feature 6: 0 feature 7: 0 feature 8: 0 feature 9: 0 for segment OPTIMIZATION_TARGET_SEGMENTATION_DEVICE_SWITCHER
[15884:19008:0702/132200.851:VERBOSE1:components\segmentation_platform\internal\execution\model_executor_impl.cc:218] Segmentation model result:  output 0: 0 output 1: 0 output 2: 0 output 3: 0 output 4: 0 output 5: 0 output 6: 0 output 7: 1 for segment OPTIMIZATION_TARGET_SEGMENTATION_DEVICE_SWITCHER
[15884:19008:0702/132200.887:VERBOSE1:components\segmentation_platform\internal\execution\model_executor_impl.cc:276] Model: OPTIMIZATION_TARGET_SEGMENTATION_DEVICE_SWITCHER version: 1 execution status: 0, output size: 8
[15884:19008:0702/132200.887:VERBOSE1:components\segmentation_platform\internal\selection\segment_result_provider.cc:29] ComputeDiscreteMapping: segment=: result=0, rank=0
[15884:19008:0702/132200.887:VERBOSE1:components\segmentation_platform\internal\selection\segment_result_provider.cc:359] OnModelExecuted: Default model executed successfully. Result: PredictionResult: timestamp: 13427454120888319 result 0: 0 result 1: 0 result 2: 0 result 3: 0 result 4: 0 result 5: 0 result 6: 0 result 7: 1 for segment OPTIMIZATION_TARGET_SEGMENTATION_DEVICE_SWITCHER
[15884:19008:0702/132200.887:VERBOSE1:components\segmentation_platform\internal\selection\request_dispatcher.cc:147] Computed result for device_switcher: Status: Succeeded output 0: NotSynced
[15884:19008:0702/132201.145:VERBOSE1:components\update_client\request_sender.cc:188] Request completed from url: https://update.googleapis.com/service/update2/json?cup2key=16:cRZatuPjyMC9SDj9TWuWPNyKRvLylC1HyNGvkELH-P4&cup2hreq=58e590aaa3374b27d202cffb0b07c5dc514b8d7b23add6fb9a7f76dcdb36a676
[15884:19008:0702/132201.153:VERBOSE1:components\component_updater\component_updater_service.cc:510] Update completed with error 0
[15884:18888:0702/132201.635:VERBOSE1:content\browser\renderer_host\media\media_stream_manager.cc:1499] MSPL::OnSpeedLimitChange({this=0x71e402320ed8}, {new_limit=19})
[5764:19836:0702/132201.677:VERBOSE1:net\base\network_delegate.cc:38] NetworkDelegate::NotifyBeforeURLRequest: http://127.0.0.1:8000/dashboard-stats
[5764:19836:0702/132202.099:VERBOSE1:net\base\network_delegate.cc:38] NetworkDelegate::NotifyBeforeURLRequest: http://127.0.0.1:8000/users/7
[5764:19836:0702/132203.348:VERBOSE1:net\base\network_delegate.cc:38] NetworkDelegate::NotifyBeforeURLRequest: https://clientservices.googleapis.com/uma/v2
[5764:19836:0702/132203.447:VERBOSE1:net\third_party\quiche\src\quiche\quic\core\tls_handshaker.cc:109] TlsClient: Continuing handshake
[15884:18888:0702/132203.637:VERBOSE1:content\browser\renderer_host\media\media_stream_manager.cc:1499] MSPL::OnSpeedLimitChange({this=0x71e402320ed8}, {new_limit=21})
[5764:19836:0702/132203.662:VERBOSE1:net\third_party\quiche\src\quiche\quic\core\tls_handshaker.cc:109] TlsClient: Continuing handshake
[5764:19836:0702/132203.662:VERBOSE1:net\third_party\quiche\src\quiche\quic\core\tls_handshaker.cc:109] TlsClient: Continuing handshake
[5764:19836:0702/132203.934:VERBOSE1:net\third_party\quiche\src\quiche\quic\core\tls_handshaker.cc:109] TlsClient: Continuing handshake
[5764:19836:0702/132203.974:VERBOSE1:net\third_party\quiche\src\quiche\quic\core\tls_handshaker.cc:109] TlsClient: Continuing handshake
[5764:19836:0702/132204.033:VERBOSE1:net\third_party\quiche\src\quiche\quic\core\tls_handshaker.cc:109] TlsClient: Continuing handshake
[5764:19836:0702/132204.041:VERBOSE1:net\third_party\quiche\src\quiche\quic\core\tls_handshaker.cc:109] TlsClient: Continuing handshake
[5764:19836:0702/132204.044:VERBOSE1:net\third_party\quiche\src\quiche\quic\core\tls_handshaker.cc:109] TlsClient: Continuing handshake
[15884:19008:0702/132204.192:VERBOSE1:chrome\updater\ipc\update_service_proxy_mojo.cc:427] OnDisconnected
[15884:19008:0702/132204.192:VERBOSE1:chrome\browser\updater\browser_updater_client.cc:96] Detected updater version: invalid
[15884:19008:0702/132204.192:VERBOSE1:chrome\updater\ipc\update_service_proxy_mojo.cc:434] ~UpdateServiceProxyMojoImpl
[15884:18888:0702/132204.639:VERBOSE1:content\browser\renderer_host\media\media_stream_manager.cc:1499] MSPL::OnSpeedLimitChange({this=0x71e402320ed8}, {new_limit=22})
[15884:18888:0702/132205.653:VERBOSE1:content\browser\renderer_host\media\media_stream_manager.cc:1499] MSPL::OnSpeedLimitChange({this=0x71e402320ed8}, {new_limit=20})
[15884:18888:0702/132206.665:VERBOSE1:content\browser\renderer_host\media\media_stream_manager.cc:1499] MSPL::OnSpeedLimitChange({this=0x71e402320ed8}, {new_limit=21})
[15884:18888:0702/132207.669:VERBOSE1:content\browser\renderer_host\media\media_stream_manager.cc:1499] MSPL::OnSpeedLimitChange({this=0x71e402320ed8}, {new_limit=22})
[15884:18888:0702/132208.670:VERBOSE1:content\browser\renderer_host\media\media_stream_manager.cc:1499] MSPL::OnSpeedLimitChange({this=0x71e402320ed8}, {new_limit=21})
[15884:18888:0702/132209.676:VERBOSE1:content\browser\renderer_host\media\media_stream_manager.cc:1499] MSPL::OnSpeedLimitChange({this=0x71e402320ed8}, {new_limit=22})
[15884:18888:0702/132211.697:VERBOSE1:content\browser\renderer_host\media\media_stream_manager.cc:1499] MSPL::OnSpeedLimitChange({this=0x71e402320ed8}, {new_limit=21})
[15884:18888:0702/132213.707:VERBOSE1:content\browser\renderer_host\media\media_stream_manager.cc:1499] MSPL::OnSpeedLimitChange({this=0x71e402320ed8}, {new_limit=22})
[15884:18888:0702/132215.725:VERBOSE1:content\browser\renderer_host\media\media_stream_manager.cc:1499] MSPL::OnSpeedLimitChange({this=0x71e402320ed8}, {new_limit=24})
[5764:19836:0702/132217.100:VERBOSE1:net\base\network_delegate.cc:38] NetworkDelegate::NotifyBeforeURLRequest: http://127.0.0.1:8000/users/7
[15884:18888:0702/132218.745:VERBOSE1:content\browser\renderer_host\media\media_stream_manager.cc:1499] MSPL::OnSpeedLimitChange({this=0x71e402320ed8}, {new_limit=25})
[15884:18888:0702/132222.801:VERBOSE1:content\browser\renderer_host\media\media_stream_manager.cc:1499] MSPL::OnSpeedLimitChange({this=0x71e402320ed8}, {new_limit=24})
