[23276:6260:0702/130546.379:VERBOSE1:components\enterprise\browser\controller\chrome_browser_cloud_management_controller.cc:122] DM token = empty
[23276:6260:0702/130546.379:VERBOSE1:components\enterprise\browser\controller\chrome_browser_cloud_management_controller.cc:128] Enrollment token = 
[23276:6260:0702/130546.379:VERBOSE1:components\enterprise\browser\controller\chrome_browser_cloud_management_controller.cc:129] Client ID = 88862b37-42b5-4448-859e-e5de4e15db75
[23276:6260:0702/130546.387:VERBOSE1:components\variations\service\variations_field_trial_creator.cc:77] VariationsSeedUsage:2
[23276:6260:0702/130546.387:VERBOSE1:components\variations\service\variations_field_trial_creator.cc:374] VariationsSetupComplete
[23276:6260:0702/130546.446:VERBOSE1:chrome\browser\media\webrtc\webrtc_event_log_manager.cc:126] WebRTC remote-bound event logging enabled.
[23276:6260:0702/130546.455:VERBOSE1:components\proxy_config\pref_proxy_config_tracker_impl.cc:462] 0x778400110680: set chrome proxy config service to 0x77840016c380
[23276:6260:0702/130546.456:VERBOSE1:components\device_event_log\device_event_log_impl.cc:203] [13:05:46.457] Display: EVENT: screen_win.cc:1092 Displays updated, count: 1
[23276:6260:0702/130546.463:VERBOSE1:components\device_event_log\device_event_log_impl.cc:203] [13:05:46.463] Display: EVENT: screen_win.cc:1094 Display[1] bounds=[0,0 800x600], workarea=[0,0 800x600], scale=1, rotation=0, panel_rotation=0 external detected
[23276:6260:0702/130546.479:VERBOSE1:components\enterprise\browser\controller\chrome_browser_cloud_management_controller.cc:211] Starting CBCM Controller Initialization
[23276:6260:0702/130546.479:INFO:components\enterprise\browser\controller\chrome_browser_cloud_management_controller.cc:239] No machine level policy manager exists.
[23276:6260:0702/130546.479:VERBOSE1:chrome\installer\util\install_util.cc:218] Existing Chrome version found: 149.0.7827.201
[23276:6260:0702/130546.482:VERBOSE1:chrome\browser\enterprise\platform_auth\platform_auth_policy_observer.cc:108] PlatformAuthProviderManager enabled: 0
[23276:6260:0702/130546.486:VERBOSE1:components\policy\core\common\cloud\user_cloud_policy_store.cc:130] [policy_type=google/chrome/user] Initiating immediate policy load from disk
[23276:6260:0702/130546.486:VERBOSE1:components\policy\core\common\cloud\user_cloud_policy_store.cc:233] [policy_type=google/chrome/user] No policy found on disk
[23276:6260:0702/130546.486:VERBOSE1:components\policy\core\common\cloud\user_cloud_policy_store.cc:130] [policy_type=google/extension-install-cloud-policy/chrome/user] Initiating immediate policy load from disk
[23276:6260:0702/130546.486:VERBOSE1:components\policy\core\common\cloud\user_cloud_policy_store.cc:233] [policy_type=google/extension-install-cloud-policy/chrome/user] No policy found on disk
[23276:6260:0702/130546.512:VERBOSE1:components\proxy_config\pref_proxy_config_tracker_impl.cc:462] 0x778400114440: set chrome proxy config service to 0x77840016e840
[23276:6260:0702/130546.512:VERBOSE1:components\signin\internal\identity_manager\mutable_profile_oauth2_token_service_delegate.cc:353] MutablePO2TS::MutablePO2TS
[23276:6260:0702/130546.512:VERBOSE1:google_apis\gaia\gaia_auth_util.cc:53] Canonicalized @gmail.com to @gmail.com
[23276:6260:0702/130546.512:VERBOSE1:google_apis\gaia\gaia_auth_util.cc:53] Canonicalized @gmail.com to @gmail.com
[23276:6260:0702/130546.515:VERBOSE1:components\signin\core\browser\account_reconcilor.cc:150] AccountReconcilor::AccountReconcilor
[23276:6260:0702/130546.515:VERBOSE1:components\signin\core\browser\account_reconcilor.cc:180] AccountReconcilor::Initialize
[23276:6260:0702/130546.515:VERBOSE1:components\signin\core\browser\account_reconcilor.cc:231] AccountReconcilor::RegisterWithContentSettings
[23276:6260:0702/130546.515:VERBOSE1:components\signin\core\browser\account_reconcilor.cc:254] AccountReconcilor::RegisterWithIdentityManager
[23276:6260:0702/130546.518:VERBOSE1:components\proxy_config\pref_proxy_config_tracker_impl.cc:462] 0x778400114780: set chrome proxy config service to 0x778400170980
[23276:6260:0702/130546.518:VERBOSE1:chrome\browser\permissions\prediction_service\prediction_model_handler_provider_factory.cc:61] [PermissionsAI]: PredictionModelHandlerProviderFactory::BuildServiceInstanceForBrowserContext
[23276:6260:0702/130546.518:VERBOSE1:chrome\browser\permissions\prediction_service\prediction_model_handler_provider_factory.cc:98] [PermissionsAI]: PredictionModelHandlerProviderFactory::BuildServiceInstanceForBrowserContext PermissionsAIv4 not enabled, passage embedder not setup.
[23276:6260:0702/130546.518:VERBOSE1:chrome\browser\permissions\prediction_service\prediction_model_handler_provider.cc:55] [PermissionsAI] PredictionModelHandlerProvider ctor passage_embedder available: false
[23276:6260:0702/130546.518:VERBOSE1:chrome\browser\permissions\prediction_service\prediction_model_handler_provider.cc:58] [PermissionsAI] PredictionModelHandlerProvider ctor optimization_guide available: true
[23276:6260:0702/130546.518:VERBOSE1:components\signin\internal\identity_manager\mutable_profile_oauth2_token_service_delegate.cc:443] MutablePO2TS::RefreshTokenIsAvailable
[23276:6260:0702/130546.518:VERBOSE1:components\signin\internal\identity_manager\mutable_profile_oauth2_token_service_delegate.cc:443] MutablePO2TS::RefreshTokenIsAvailable
[23276:6260:0702/130546.518:VERBOSE1:chrome\browser\actor\aggregated_journal.cc:232] [ActorTool]: GlicActorPolicyChecker::ComputeActOnWebCapability: outcome=kNo reasons=kAccountCapabilityIneligible 
[23276:6260:0702/130546.518:VERBOSE1:components\signin\internal\identity_manager\mutable_profile_oauth2_token_service_delegate.cc:443] MutablePO2TS::RefreshTokenIsAvailable
[23276:6260:0702/130546.518:VERBOSE1:components\signin\internal\identity_manager\mutable_profile_oauth2_token_service_delegate.cc:443] MutablePO2TS::RefreshTokenIsAvailable
[23276:6260:0702/130546.518:VERBOSE1:components\signin\internal\identity_manager\mutable_profile_oauth2_token_service_delegate.cc:443] MutablePO2TS::RefreshTokenIsAvailable
[23276:6260:0702/130546.522:VERBOSE1:components\signin\internal\identity_manager\mutable_profile_oauth2_token_service_delegate.cc:443] MutablePO2TS::RefreshTokenIsAvailable
[23276:6260:0702/130546.526:VERBOSE1:extensions\browser\extension_registrar.cc:547] AddComponentExtension Web Store
[23276:6260:0702/130546.526:VERBOSE1:extensions\browser\extension_registrar.cc:549] Component extension Web Store (ahfgeienlihckogmohjhadlkjgocpleb) installing/upgrading from '' to 0.2
[23276:6260:0702/130546.530:VERBOSE1:extensions\browser\extension_registrar.cc:547] AddComponentExtension Chrome PDF Viewer
[23276:6260:0702/130546.530:VERBOSE1:extensions\browser\extension_registrar.cc:549] Component extension Chrome PDF Viewer (mhjfbmdgcfjbbpaeojofohoefgiehjai) installing/upgrading from '' to 1
[23276:18748:0702/130546.530:VERBOSE1:net\disk_cache\simple\simple_index_file.cc:625] Simple Cache Index is being restored from disk.
[23276:6260:0702/130546.530:VERBOSE1:extensions\browser\extension_registrar.cc:547] AddComponentExtension Google Hangouts
[23276:6260:0702/130546.530:VERBOSE1:extensions\browser\extension_registrar.cc:549] Component extension Google Hangouts (nkeimhogjdpnpccoofpliimaahmaaome) installing/upgrading from '' to 1.3.26
[23276:6260:0702/130546.530:VERBOSE1:extensions\browser\extension_registrar.cc:547] AddComponentExtension Google Network Speech
[23276:6260:0702/130546.530:VERBOSE1:extensions\browser\extension_registrar.cc:549] Component extension Google Network Speech (fignfifoniblkonapihmkfakmlgkbkcf) installing/upgrading from '' to 1.0
[23276:6260:0702/130546.530:VERBOSE1:components\signin\internal\identity_manager\mutable_profile_oauth2_token_service_delegate.cc:443] MutablePO2TS::RefreshTokenIsAvailable
[23276:6260:0702/130546.530:VERBOSE1:components\signin\internal\identity_manager\mutable_profile_oauth2_token_service_delegate.cc:443] MutablePO2TS::RefreshTokenIsAvailable
[23276:18748:0702/130546.534:VERBOSE1:net\disk_cache\simple\simple_index_file.cc:625] Simple Cache Index is being restored from disk.
[23276:6260:0702/130546.534:VERBOSE1:chrome\browser\profiles\profile_manager.cc:1408] AddKeepAlive(Default, kRemoteDebugging). keep_alives=[kWaitingForFirstBrowserWindow (1), kRemoteDebugging (1)]
[23276:6260:0702/130546.534:VERBOSE1:components\component_updater\installer_policies\on_device_head_suggest_component_installer.cc:59] On Device Head Component will fetch model for locale: ENUS500000
[23276:6260:0702/130546.534:VERBOSE1:chrome\browser\component_updater\trust_token_key_commitments_component_installer.cc:22] Registering Trust Token Key Commitments component.
[23276:6260:0702/130546.534:VERBOSE1:chrome\browser\component_updater\first_party_sets_component_installer.cc:37] Registering Related Website Sets component.
[23276:6260:0702/130546.534:VERBOSE1:chrome\browser\component_updater\privacy_sandbox_attestations_component_installer.cc:181] Registering Privacy Sandbox Attestations component
[23276:6260:0702/130546.534:VERBOSE1:chrome\browser\component_updater\file_type_policies_component_installer.cc:126] Registering File Type Policies component.
[23276:6260:0702/130546.534:VERBOSE1:chrome\browser\component_updater\hyphenation_component_installer.cc:148] Registering Hyphenation component.
[23276:6260:0702/130546.534:VERBOSE1:components\component_updater\installer_policies\actor_safety_lists_component_installer.cc:140] Registering Actor Safety Lists Component.
[23276:6260:0702/130546.534:VERBOSE1:chrome\browser\component_updater\translate_kit_component_installer.cc:210] Registering TranslateKit component.
[23276:6260:0702/130546.534:VERBOSE1:chrome\browser\component_updater\wasm_tts_engine_component_installer.cc:286] Registering WASM TTS Engine component.
[23276:6260:0702/130546.534:VERBOSE1:chrome\browser\component_updater\captcha_provider_component_installer.cc:175] Registering Captcha Provider component.
[23276:18244:0702/130546.537:VERBOSE1:components\component_updater\component_installer.cc:477] StartRegistration for Privacy Sandbox Attestations
[23276:18244:0702/130546.537:VERBOSE1:components\component_updater\component_installer.cc:312] Preinstalled component found for Privacy Sandbox Attestations at C:\Program Files\Google\Chrome\Application\149.0.7827.201\PrivacySandboxAttestationsPreloaded with version 2025.7.18.0.
[23276:6260:0702/130546.537:VERBOSE1:chrome\browser\profiles\profile_manager.cc:1408] AddKeepAlive(Default, kBrowserWindow). keep_alives=[kWaitingForFirstBrowserWindow (1), kBrowserWindow (1), kRemoteDebugging (1)]
[23276:6260:0702/130546.537:VERBOSE1:chrome\browser\profiles\profile_manager.cc:1490] ClearFirstBrowserWindowKeepAlive(Default). keep_alives=[kBrowserWindow (1), kRemoteDebugging (1)]
[23276:6260:0702/130546.537:VERBOSE1:components\signin\internal\identity_manager\mutable_profile_oauth2_token_service_delegate.cc:443] MutablePO2TS::RefreshTokenIsAvailable
[23276:6260:0702/130546.537:VERBOSE1:components\signin\internal\identity_manager\mutable_profile_oauth2_token_service_delegate.cc:443] MutablePO2TS::RefreshTokenIsAvailable
[23276:4840:0702/130546.537:VERBOSE1:components\component_updater\component_installer.cc:477] StartRegistration for Chrome Improved Recovery
[23276:4840:0702/130546.537:VERBOSE1:components\component_updater\component_installer.cc:477] StartRegistration for Widevine Content Decryption Module
[23276:4840:0702/130546.542:VERBOSE1:components\component_updater\component_installer.cc:312] Preinstalled component found for Widevine Content Decryption Module at C:\Program Files\Google\Chrome\Application\149.0.7827.201\WidevineCdm with version 4.10.3050.0.
[23276:4840:0702/130546.542:VERBOSE1:components\component_updater\component_installer.cc:477] StartRegistration for Subresource Filter Rules
[23276:23328:0702/130546.542:VERBOSE1:components\component_updater\component_installer.cc:477] StartRegistration for OnDeviceHeadSuggest
[23276:4840:0702/130546.542:VERBOSE1:components\component_updater\component_installer.cc:477] StartRegistration for Optimization Hints
[23276:4840:0702/130546.542:VERBOSE1:components\component_updater\component_installer.cc:477] StartRegistration for Trust Token Key Commitments
[23276:23328:0702/130546.542:VERBOSE1:components\component_updater\component_installer.cc:477] StartRegistration for Certificate Error Assistant
[23276:4840:0702/130546.544:VERBOSE1:components\component_updater\component_installer.cc:477] StartRegistration for File Type Policies
[23276:18244:0702/130546.544:VERBOSE1:components\component_updater\component_installer.cc:477] StartRegistration for CRLSet
[23276:1600:0702/130546.547:VERBOSE1:components\component_updater\component_installer.cc:477] StartRegistration for Origin Trials
[23276:4840:0702/130546.547:VERBOSE1:components\component_updater\component_installer.cc:477] StartRegistration for MEI Preload
[23276:18244:0702/130546.547:VERBOSE1:components\component_updater\component_installer.cc:477] StartRegistration for PKI Metadata
[23276:1600:0702/130546.547:VERBOSE1:components\component_updater\component_installer.cc:477] StartRegistration for Safety Tips
[23276:23328:0702/130546.547:VERBOSE1:components\component_updater\component_installer.cc:477] StartRegistration for Crowd Deny
[23276:4840:0702/130546.547:VERBOSE1:components\component_updater\component_installer.cc:312] Preinstalled component found for MEI Preload at C:\Program Files\Google\Chrome\Application\149.0.7827.201\MEIPreload with version 1.0.7.1652906823.
[23276:18244:0702/130546.547:VERBOSE1:components\component_updater\component_installer.cc:477] StartRegistration for Hyphenation
[23276:1600:0702/130546.547:VERBOSE1:components\component_updater\component_installer.cc:477] StartRegistration for Zxcvbn Data Dictionaries
[23276:4840:0702/130546.547:VERBOSE1:components\component_updater\component_installer.cc:477] StartRegistration for Actor Safety Lists
[23276:23328:0702/130546.551:VERBOSE1:components\component_updater\component_installer.cc:477] StartRegistration for Amount Extraction Heuristic Regexes
[23276:1600:0702/130546.551:VERBOSE1:components\component_updater\component_installer.cc:477] StartRegistration for WASM TTS Engine
[23276:18244:0702/130546.551:VERBOSE1:components\component_updater\component_installer.cc:477] StartRegistration for Captcha Providers
[23276:6260:0702/130546.553:VERBOSE1:components\signin\internal\identity_manager\mutable_profile_oauth2_token_service_delegate.cc:443] MutablePO2TS::RefreshTokenIsAvailable
[23276:6260:0702/130546.553:VERBOSE1:components\signin\internal\identity_manager\mutable_profile_oauth2_token_service_delegate.cc:443] MutablePO2TS::RefreshTokenIsAvailable
[22176:22864:0702/130546.585:ERROR:ui\gl\direct_composition_support.cc:247] GetGpuDriverOverlayInfo: Failed to retrieve video device
[22176:22864:0702/130546.585:VERBOSE1:components\viz\service\main\viz_main_impl.cc:87] VizNullHypothesis is disabled (not a warning)
[23276:5836:0702/130546.588:VERBOSE1:extensions\browser\content_verifier\content_verifier.cc:944] OnFetchComplete ahfgeienlihckogmohjhadlkjgocpleb success:0
[23276:5836:0702/130546.588:VERBOSE1:extensions\browser\content_verifier\content_verifier.cc:944] OnFetchComplete mhjfbmdgcfjbbpaeojofohoefgiehjai success:0
[23276:5836:0702/130546.588:VERBOSE1:extensions\browser\content_verifier\content_verifier.cc:944] OnFetchComplete nkeimhogjdpnpccoofpliimaahmaaome success:0
[23276:5836:0702/130546.588:VERBOSE1:extensions\browser\content_verifier\content_verifier.cc:944] OnFetchComplete fignfifoniblkonapihmkfakmlgkbkcf success:0
[23276:6260:0702/130546.616:VERBOSE1:chrome\browser\ui\views\omnibox\omnibox_popup_closer.cc:65] Closing omnibox popup with reason: kRevertAll
[23276:6260:0702/130546.619:VERBOSE1:chrome\browser\ui\views\omnibox\omnibox_popup_closer.cc:65] Closing omnibox popup with reason: kBrowserWidgetMoved
[23276:6260:0702/130546.625:VERBOSE1:components\signin\internal\identity_manager\mutable_profile_oauth2_token_service_delegate.cc:443] MutablePO2TS::RefreshTokenIsAvailable
[23276:24964:0702/130546.638:VERBOSE1:components\signin\public\webdata\token_service_table.cc:259] Loaded tokens: result = 3 ; number of tokens loaded = 0
[23276:6260:0702/130546.649:VERBOSE1:chrome\browser\enterprise\data_protection\data_protection_navigation_observer.cc:227] enterprise.data_protection: same document navigation: 0
[23276:6260:0702/130546.649:VERBOSE1:chrome\browser\enterprise\data_protection\data_protection_navigation_observer.cc:229] enterprise.data_protection: URL to scan: about:blank
[23276:6260:0702/130546.667:VERBOSE1:chrome\browser\ui\views\omnibox\omnibox_popup_closer.cc:65] Closing omnibox popup with reason: kRevertAll
[22940:23272:0702/130546.684:INFO:third_party\webrtc\rtc_base\cpu_info.cc:77] Available number of cores: 8
[23276:6260:0702/130546.686:VERBOSE1:components\signin\internal\identity_manager\mutable_profile_oauth2_token_service_delegate.cc:443] MutablePO2TS::RefreshTokenIsAvailable
[24916:21724:0702/130546.693:VERBOSE1:net\base\network_delegate.cc:38] NetworkDelegate::NotifyBeforeURLRequest: http://clients2.google.com/time/1/current?cup2key=10:3rw5phdP7raxj4NUhzAnibIZPLHzWhmxLtqg88mrN4s&cup2hreq=e3b0c44298fc1c149afbf4c8996fb92427ae41e4649b934ca495991b7852b855
[21008:24920:0702/130546.698:INFO:third_party\webrtc\rtc_base\cpu_info.cc:77] Available number of cores: 8
[23276:6260:0702/130546.699:VERBOSE1:components\signin\internal\identity_manager\mutable_profile_oauth2_token_service_delegate.cc:443] MutablePO2TS::RefreshTokenIsAvailable
[23276:6260:0702/130546.702:VERBOSE1:components\component_updater\component_installer.cc:548] FinishRegistration for Privacy Sandbox Attestations
[23276:6260:0702/130546.702:VERBOSE1:components\component_updater\component_updater_service.cc:177] CrxUpdateService starting up. First update attempt will take place in 60 s seconds. Next update attempt will take place in 18000 s seconds. 
[23276:6260:0702/130546.702:VERBOSE1:components\component_updater\component_installer.cc:589] Component ready, version 2025.7.18.0 in C:\Program Files\Google\Chrome\Application\149.0.7827.201\PrivacySandboxAttestationsPreloaded
[23276:6260:0702/130546.702:VERBOSE1:chrome\browser\component_updater\privacy_sandbox_attestations_component_installer.cc:111] Privacy Sandbox Attestations Component ready, version 2025.7.18.0 in C:\Program Files\Google\Chrome\Application\149.0.7827.201\PrivacySandboxAttestationsPreloaded
[23276:6260:0702/130546.702:VERBOSE1:chrome\browser\component_updater\privacy_sandbox_attestations_component_installer.cc:188] Received privacy sandbox attestations file
[23276:6260:0702/130546.702:VERBOSE1:components\component_updater\component_installer.cc:548] FinishRegistration for Chrome Improved Recovery
[23276:6260:0702/130546.702:VERBOSE1:components\component_updater\component_installer.cc:548] FinishRegistration for Widevine Content Decryption Module
[23276:6260:0702/130546.702:VERBOSE1:components\component_updater\component_installer.cc:589] Component ready, version 4.10.3050.0 in C:\Program Files\Google\Chrome\Application\149.0.7827.201\WidevineCdm
[23276:6260:0702/130546.702:VERBOSE1:components\component_updater\component_installer.cc:548] FinishRegistration for Subresource Filter Rules
[23276:6260:0702/130546.702:VERBOSE1:components\component_updater\component_installer.cc:548] FinishRegistration for Optimization Hints
[23276:6260:0702/130546.702:VERBOSE1:components\component_updater\component_installer.cc:548] FinishRegistration for OnDeviceHeadSuggest
[23276:6260:0702/130546.702:VERBOSE1:components\component_updater\component_installer.cc:548] FinishRegistration for Trust Token Key Commitments
[23276:6260:0702/130546.702:VERBOSE1:components\component_updater\component_installer.cc:548] FinishRegistration for File Type Policies
[23276:6260:0702/130546.702:VERBOSE1:components\component_updater\component_installer.cc:548] FinishRegistration for CRLSet
[23276:6260:0702/130546.702:VERBOSE1:components\component_updater\component_installer.cc:548] FinishRegistration for Origin Trials
[23276:6260:0702/130546.702:VERBOSE1:components\component_updater\component_installer.cc:548] FinishRegistration for Certificate Error Assistant
[23276:6260:0702/130546.702:VERBOSE1:components\component_updater\component_installer.cc:548] FinishRegistration for PKI Metadata
[23276:6260:0702/130546.702:VERBOSE1:components\component_updater\component_installer.cc:548] FinishRegistration for Safety Tips
[23276:6260:0702/130546.702:VERBOSE1:components\component_updater\component_installer.cc:548] FinishRegistration for MEI Preload
[23276:6260:0702/130546.702:VERBOSE1:components\component_updater\component_installer.cc:589] Component ready, version 1.0.7.1652906823 in C:\Program Files\Google\Chrome\Application\149.0.7827.201\MEIPreload
[23276:6260:0702/130546.702:VERBOSE1:components\component_updater\component_installer.cc:548] FinishRegistration for Crowd Deny
[23276:6260:0702/130546.702:VERBOSE1:components\component_updater\component_installer.cc:548] FinishRegistration for Zxcvbn Data Dictionaries
[23276:6260:0702/130546.702:VERBOSE1:components\component_updater\component_installer.cc:548] FinishRegistration for Hyphenation
[23276:6260:0702/130546.702:VERBOSE1:components\component_updater\component_installer.cc:548] FinishRegistration for Actor Safety Lists
[23276:6260:0702/130546.706:VERBOSE1:components\component_updater\component_installer.cc:548] FinishRegistration for Amount Extraction Heuristic Regexes
[23276:6260:0702/130546.706:VERBOSE1:components\component_updater\component_installer.cc:548] FinishRegistration for Captcha Providers
[23276:6260:0702/130546.706:VERBOSE1:components\component_updater\component_installer.cc:548] FinishRegistration for WASM TTS Engine
[24916:21724:0702/130546.706:VERBOSE1:net\base\network_delegate.cc:38] NetworkDelegate::NotifyBeforeURLRequest: https://safebrowsingohttpgateway.googleapis.com/v1/ohttp/hpkekeyconfig?key=AIzaSyA2KlwBX3mkFo30om9LUFYQhpqLoa_BNhE
[23276:6260:0702/130546.706:VERBOSE1:chrome\browser\local_discovery\service_discovery_device_lister.cc:36] DeviceListerStart: service_type: _googlecast._tcp.local
[23276:6260:0702/130546.706:VERBOSE1:chrome\browser\local_discovery\service_discovery_device_lister.cc:42] DiscoverNewDevices: service_type: _googlecast._tcp.local
[24916:21724:0702/130546.706:VERBOSE1:net\base\network_delegate.cc:38] NetworkDelegate::NotifyBeforeURLRequest: https://accounts.google.com/ListAccounts?gpsia=1&source=ChromiumBrowser&json=standard&laf=b64bin
[24916:21724:0702/130546.706:VERBOSE1:net\base\network_delegate.cc:38] NetworkDelegate::NotifyBeforeURLRequest: https://clientservices.googleapis.com/chrome-variations/seed?osname=win&channel=stable&milestone=149
[23276:6260:0702/130546.706:VERBOSE1:components\signin\internal\identity_manager\mutable_profile_oauth2_token_service_delegate.cc:599] MutablePO2TS::OnWebDataServiceRequestDone. Result type: 6
[23276:6260:0702/130546.706:VERBOSE1:components\signin\internal\identity_manager\mutable_profile_oauth2_token_service_delegate.cc:661] MutablePO2TS::LoadAllCredentialsIntoMemory; 0 credential(s).
[23276:6260:0702/130546.706:VERBOSE1:components\signin\internal\identity_manager\mutable_profile_oauth2_token_service_delegate.cc:443] MutablePO2TS::RefreshTokenIsAvailable
[23276:6260:0702/130546.706:VERBOSE1:google_apis\gaia\gaia_auth_util.cc:53] Canonicalized @gmail.com to @gmail.com
[23276:6260:0702/130546.706:VERBOSE1:google_apis\gaia\gaia_auth_util.cc:53] Canonicalized @gmail.com to @gmail.com
[23276:6260:0702/130546.706:VERBOSE1:components\signin\internal\identity_manager\mutable_profile_oauth2_token_service_delegate.cc:443] MutablePO2TS::RefreshTokenIsAvailable
[23276:6260:0702/130546.706:VERBOSE1:components\signin\internal\identity_manager\mutable_profile_oauth2_token_service_delegate.cc:443] MutablePO2TS::RefreshTokenIsAvailable
[23276:6260:0702/130546.706:VERBOSE1:components\signin\internal\identity_manager\mutable_profile_oauth2_token_service_delegate.cc:443] MutablePO2TS::RefreshTokenIsAvailable
[23276:6260:0702/130546.706:VERBOSE1:components\signin\internal\identity_manager\mutable_profile_oauth2_token_service_delegate.cc:443] MutablePO2TS::RefreshTokenIsAvailable
[23276:6260:0702/130546.706:VERBOSE1:components\signin\internal\identity_manager\mutable_profile_oauth2_token_service_delegate.cc:443] MutablePO2TS::RefreshTokenIsAvailable
[23276:6260:0702/130546.706:VERBOSE1:components\signin\internal\identity_manager\mutable_profile_oauth2_token_service_delegate.cc:443] MutablePO2TS::RefreshTokenIsAvailable
[23276:6260:0702/130546.706:VERBOSE1:components\signin\internal\identity_manager\mutable_profile_oauth2_token_service_delegate.cc:443] MutablePO2TS::RefreshTokenIsAvailable
[23276:6260:0702/130546.706:VERBOSE1:components\signin\internal\identity_manager\mutable_profile_oauth2_token_service_delegate.cc:443] MutablePO2TS::RefreshTokenIsAvailable
[23276:6260:0702/130546.706:VERBOSE1:components\signin\core\browser\account_reconcilor.cc:339] AccountReconcilor::OnEndBatchOfRefreshTokenStateChanges. Reconcilor state: 1
[24916:21724:0702/130546.706:VERBOSE1:net\base\network_delegate.cc:38] NetworkDelegate::NotifyBeforeURLRequest: https://www.google.com/async/folae?async=_fmt:pb&udm=50&client_locale=en-US
[24916:19244:0702/130546.714:VERBOSE1:net\disk_cache\simple\simple_index_file.cc:625] Simple Cache Index is being restored from disk.
[23276:6260:0702/130546.714:VERBOSE1:chrome\browser\component_updater\widevine_cdm_component_installer.cc:94] Registering Widevine CDM 4.10.3050.0 with Chrome
[23276:6260:0702/130546.714:VERBOSE1:components\privacy_sandbox\privacy_sandbox_attestations\privacy_sandbox_attestations.cc:480] Parsed Privacy Sandbox Attestation list version: 2025.7.18.0
[23276:6260:0702/130546.714:VERBOSE1:components\privacy_sandbox\privacy_sandbox_attestations\privacy_sandbox_attestations.cc:482] Number of attestation entries: 263
[23276:6260:0702/130546.723:VERBOSE1:chrome\browser\web_applications\locks\partitioned_lock_manager.cc:262] Acquiring <PartitionedLockId>{id: 0x31, partition: 0} for Start@chrome\browser\web_applications\generated_icon_fix_manager.cc:61
[23276:6260:0702/130546.725:VERBOSE1:chrome\browser\web_applications\locks\partitioned_lock_manager.cc:243] All locks acquired for Start@chrome\browser\web_applications\generated_icon_fix_manager.cc:61
[23276:6260:0702/130546.728:VERBOSE1:chrome\browser\web_applications\locks\partitioned_lock_manager.cc:286] Releasing <PartitionedLockId>{id: 0x31, partition: 0} requested by Start@chrome\browser\web_applications\generated_icon_fix_manager.cc:61
[23276:6260:0702/130546.729:VERBOSE1:components\signin\internal\identity_manager\mutable_profile_oauth2_token_service_delegate.cc:443] MutablePO2TS::RefreshTokenIsAvailable
[22940:23272:0702/130546.731:VERBOSE1:extensions\renderer\script_context.cc:150] Created context:
  extension id:           (none)
  frame:                  0x138c02030d50
  URL:                    
  context_type:           WEB_PAGE
  effective extension id: (none)
  effective context type: WEB_PAGE
[22940:23272:0702/130546.731:VERBOSE1:extensions\renderer\script_context.cc:150] Created context:
  extension id:           (none)
  frame:                  (nil)
  URL:                    
  context_type:           UNSPECIFIED
  effective extension id: (none)
  effective context type: UNSPECIFIED
[22940:23272:0702/130546.731:VERBOSE1:extensions\renderer\dispatcher.cc:493] Num tracked contexts: 1
[23276:6260:0702/130546.745:VERBOSE1:components\signin\internal\identity_manager\mutable_profile_oauth2_token_service_delegate.cc:443] MutablePO2TS::RefreshTokenIsAvailable
[24916:21724:0702/130546.762:VERBOSE1:net\proxy_resolution\configured_proxy_resolution_service.cc:1223] Failed configuring with PAC script, falling-back to manual proxy servers.
[24916:21724:0702/130546.774:VERBOSE1:net\proxy_resolution\configured_proxy_resolution_service.cc:1223] Failed configuring with PAC script, falling-back to manual proxy servers.
[24916:21724:0702/130546.774:VERBOSE1:net\proxy_resolution\configured_proxy_resolution_service.cc:1223] Failed configuring with PAC script, falling-back to manual proxy servers.
[23276:6260:0702/130546.802:VERBOSE1:components\segmentation_platform\internal\signals\signal_filter_processor.cc:61] Segmentation platform started observing Session.TotalDuration
[23276:6260:0702/130546.802:VERBOSE1:components\segmentation_platform\internal\signals\signal_filter_processor.cc:61] Segmentation platform started observing Commerce.PriceDrops.ActiveTabNavigationComplete.IsProductDetailPage
[23276:6260:0702/130546.802:VERBOSE1:components\segmentation_platform\internal\signals\signal_filter_processor.cc:54] Segmentation platform started observing Autofill_PolledCreditCardSuggestions
[23276:6260:0702/130546.802:VERBOSE1:components\segmentation_platform\internal\signals\signal_filter_processor.cc:61] Segmentation platform started observing IOS.ParcelTracking.Tracked.AutoTrack
[23276:6260:0702/130546.802:VERBOSE1:components\segmentation_platform\internal\signals\signal_filter_processor.cc:61] Segmentation platform started observing Omnibox.SuggestionUsed.ClientSummarizedResultType
[23276:6260:0702/130546.802:VERBOSE1:components\segmentation_platform\internal\signals\signal_filter_processor.cc:54] Segmentation platform started observing MetadataWriter
[23276:6260:0702/130546.802:VERBOSE1:components\segmentation_platform\internal\signals\signal_filter_processor.cc:61] Segmentation platform started observing Sync.DeviceCount2
[23276:6260:0702/130546.802:VERBOSE1:components\segmentation_platform\internal\signals\signal_filter_processor.cc:61] Segmentation platform started observing Sync.DeviceCount2.Phone
[23276:6260:0702/130546.802:VERBOSE1:components\segmentation_platform\internal\signals\signal_filter_processor.cc:61] Segmentation platform started observing Sync.DeviceCount2.Desktop
[23276:6260:0702/130546.802:VERBOSE1:components\segmentation_platform\internal\signals\signal_filter_processor.cc:61] Segmentation platform started observing Sync.DeviceCount2.Tablet
[23276:6260:0702/130546.802:VERBOSE1:components\segmentation_platform\internal\signals\signal_filter_processor.cc:54] Segmentation platform started observing MobileBookmarkManagerOpen
[23276:6260:0702/130546.802:VERBOSE1:components\segmentation_platform\internal\signals\signal_filter_processor.cc:54] Segmentation platform started observing NewTabPage.MostVisited.Clicked
[23276:6260:0702/130546.802:VERBOSE1:components\segmentation_platform\internal\signals\signal_filter_processor.cc:54] Segmentation platform started observing TabGroup.Created.OpenInNewTab
[23276:6260:0702/130546.802:VERBOSE1:components\segmentation_platform\internal\signals\signal_filter_processor.cc:54] Segmentation platform started observing Android.HistoryPage.OpenItem
[23276:6260:0702/130546.802:VERBOSE1:components\segmentation_platform\internal\signals\signal_filter_processor.cc:54] Segmentation platform started observing MobileMenuRecentTabs
[23276:6260:0702/130546.802:VERBOSE1:components\segmentation_platform\internal\signals\signal_filter_processor.cc:61] Segmentation platform started observing PasswordManager.ManagePasswordsReferrer
[23276:6260:0702/130546.802:VERBOSE1:components\segmentation_platform\internal\signals\signal_filter_processor.cc:61] Segmentation platform started observing PasswordManager.ProfileStore.TotalAccountsHiRes3.WithScheme.Https
[23276:6260:0702/130546.802:VERBOSE1:components\segmentation_platform\internal\signals\signal_filter_processor.cc:61] Segmentation platform started observing PasswordManager.FillingAssistance
[23276:6260:0702/130546.802:VERBOSE1:components\segmentation_platform\internal\signals\signal_filter_processor.cc:61] Segmentation platform started observing PasswordManager.SavedPasswordIsGenerated
[23276:6260:0702/130546.802:VERBOSE1:components\segmentation_platform\internal\signals\signal_filter_processor.cc:61] Segmentation platform started observing PasswordManager.SaveUIDismissalReason
[23276:6260:0702/130546.802:VERBOSE1:components\segmentation_platform\internal\signals\signal_filter_processor.cc:61] Segmentation platform started observing PasswordManager.SaveUIDismissalReason
[23276:6260:0702/130546.802:VERBOSE1:components\segmentation_platform\internal\signals\signal_filter_processor.cc:61] Segmentation platform started observing IOS.CredentialExtension.IsEnabled.Startup
[23276:6260:0702/130546.802:VERBOSE1:components\segmentation_platform\internal\signals\signal_filter_processor.cc:61] Segmentation platform started observing Session.TotalDuration
[23276:8364:0702/130546.809:VERBOSE1:net\disk_cache\simple\simple_index_file.cc:625] Simple Cache Index is being restored from disk.
[12108:23340:0702/130546.822:INFO:third_party\webrtc\rtc_base\cpu_info.cc:77] Available number of cores: 8
[17084:20944:0702/130546.849:INFO:third_party\webrtc\rtc_base\cpu_info.cc:77] Available number of cores: 8
[13288:21052:0702/130546.857:INFO:third_party\webrtc\rtc_base\cpu_info.cc:77] Available number of cores: 8
[12108:23340:0702/130546.868:VERBOSE1:extensions\renderer\script_context.cc:150] Created context:
  extension id:           nkeimhogjdpnpccoofpliimaahmaaome
  frame:                  0x5d8402030d50
  URL:                    
  context_type:           BLESSED_EXTENSION
  effective extension id: nkeimhogjdpnpccoofpliimaahmaaome
  effective context type: BLESSED_EXTENSION
[12108:23340:0702/130546.868:VERBOSE1:extensions\renderer\script_context.cc:150] Created context:
  extension id:           (none)
  frame:                  (nil)
  URL:                    
  context_type:           UNSPECIFIED
  effective extension id: (none)
  effective context type: UNSPECIFIED
[12108:23340:0702/130546.869:VERBOSE1:extensions\renderer\dispatcher.cc:493] Num tracked contexts: 1
[13288:17020:0702/130546.991:VERBOSE1:extensions\renderer\script_context.cc:150] Created context:
  extension id:           fignfifoniblkonapihmkfakmlgkbkcf
  frame:                  (nil)
  URL:                    
  context_type:           BLESSED_EXTENSION
  effective extension id: fignfifoniblkonapihmkfakmlgkbkcf
  effective context type: BLESSED_EXTENSION
[13288:17020:0702/130546.991:VERBOSE1:extensions\renderer\script_context.cc:150] Created context:
  extension id:           (none)
  frame:                  (nil)
  URL:                    
  context_type:           UNSPECIFIED
  effective extension id: (none)
  effective context type: UNSPECIFIED
[23276:6260:0702/130547.001:VERBOSE1:components\segmentation_platform\internal\selection\segment_result_provider.cc:136] GetSegmentResult: segment=OPTIMIZATION_TARGET_SEGMENTATION_DEVICE_SWITCHER ignoring DB score, executing model.
[23276:6260:0702/130547.001:VERBOSE1:components\segmentation_platform\internal\selection\segment_result_provider.cc:277] ExecuteModelAndGetScore: segment=OPTIMIZATION_TARGET_SEGMENTATION_DEVICE_SWITCHER server segment info not available
[23276:6260:0702/130547.001:VERBOSE1:components\segmentation_platform\internal\selection\segment_result_provider.cc:210] OnGotModelScore: segment=OPTIMIZATION_TARGET_SEGMENTATION_DEVICE_SWITCHER failed to get database model score, trying default model.
[23276:6260:0702/130547.432:VERBOSE1:components\signin\core\browser\account_reconcilor.cc:559] AccountReconcilor::OnAccountsInCookieUpdated: CookieJar 0 accounts, Reconcilor's state is 1, Error was 
[23276:6260:0702/130547.432:VERBOSE1:components\signin\core\browser\account_reconcilor.cc:653] AccountReconcilor::LoadValidAccountsFromTokenService: Chrome 0 accounts
[23276:6260:0702/130547.432:VERBOSE1:components\signin\core\browser\account_reconcilor.cc:783] AccountReconcilor::CalculateIfMultiloginReconcileIsDone: Error was 
[23276:6260:0702/130547.432:VERBOSE1:components\signin\core\browser\account_reconcilor.cc:689] AccountReconcilor::StartReconcileIfChromeAccountsChanged
[23276:6260:0702/130547.432:VERBOSE1:components\signin\core\browser\account_reconcilor.cc:559] AccountReconcilor::OnAccountsInCookieUpdated: CookieJar 0 accounts, Reconcilor's state is 1, Error was 
[23276:6260:0702/130547.432:VERBOSE1:components\signin\core\browser\account_reconcilor.cc:653] AccountReconcilor::LoadValidAccountsFromTokenService: Chrome 0 accounts
[23276:6260:0702/130547.432:VERBOSE1:components\signin\core\browser\account_reconcilor.cc:783] AccountReconcilor::CalculateIfMultiloginReconcileIsDone: Error was 
[23276:6260:0702/130547.432:VERBOSE1:components\signin\core\browser\account_reconcilor.cc:689] AccountReconcilor::StartReconcileIfChromeAccountsChanged
[23276:6260:0702/130551.751:VERBOSE1:components\enterprise\browser\reporting\saas_usage\saas_usage_report_scheduler.cc:106] Scheduling next browser SaaS usage report at 1601-01-01 04:00:00.000000 UTC
[23276:6260:0702/130551.751:VERBOSE1:components\enterprise\browser\reporting\saas_usage\saas_usage_report_scheduler.cc:74] No domain metrics aggregated - skipping browser report upload.
[23276:6260:0702/130551.752:VERBOSE1:components\enterprise\browser\reporting\saas_usage\saas_usage_report_scheduler.cc:106] Scheduling next browser SaaS usage report at 2026-07-02 12:05:51.752280 UTC
[23276:6260:0702/130551.752:VERBOSE1:chrome\browser\profiles\profile_manager.cc:1408] AddKeepAlive(Default, kExtensionUpdater). keep_alives=[kBrowserWindow (1), kExtensionUpdater (1), kRemoteDebugging (1)]
[23276:6260:0702/130551.752:VERBOSE1:chrome\browser\profiles\profile_manager.cc:1469] RemoveKeepAlive(Default, kExtensionUpdater). keep_alives=[kBrowserWindow (1), kRemoteDebugging (1)]
[23276:19260:0702/130551.754:VERBOSE1:chrome\installer\util\install_util.cc:218] Existing Chrome version found: 149.0.7827.201
[23276:6260:0702/130551.754:VERBOSE1:chrome\browser\web_applications\locks\partitioned_lock_manager.cc:262] Acquiring <PartitionedLockId>{id: 0x31, partition: 0} for SynchronizeInstalledApps@chrome\browser\web_applications\externally_managed_app_manager.cc:186
[23276:6260:0702/130551.754:VERBOSE1:chrome\browser\web_applications\locks\partitioned_lock_manager.cc:243] All locks acquired for SynchronizeInstalledApps@chrome\browser\web_applications\externally_managed_app_manager.cc:186
[23276:6260:0702/130551.754:VERBOSE1:chrome\browser\web_applications\locks\partitioned_lock_manager.cc:286] Releasing <PartitionedLockId>{id: 0x31, partition: 0} requested by SynchronizeInstalledApps@chrome\browser\web_applications\externally_managed_app_manager.cc:186
[23276:6260:0702/130551.781:VERBOSE1:components\device_event_log\device_event_log_impl.cc:203] [13:05:51.781] USB: USER: usb_service_win.cc:765 USB device added: path=\\?\usb#vid_8087&pid_0026#5&1d3f3aca&0&10#{a5dcbf10-6530-11d2-901f-00c04fb951ed} vendor=32903 "", product=38 "", serial="", driver="BTHUSB", guid=4717b74e-bcde-4295-9234-3cba75acde13
[23276:6260:0702/130551.781:VERBOSE1:components\device_event_log\device_event_log_impl.cc:203] [13:05:51.782] USB: DEBUG: usb_device_handle_win.cc:1091 Failed to read descriptor from node connection: A device attached to the system is not functioning. (0x1F)
[23276:6260:0702/130551.781:VERBOSE1:components\device_event_log\device_event_log_impl.cc:203] [13:05:51.783] USB: USER: usb_service_win.cc:765 USB device added: path=\\?\usb#vid_30c9&pid_000f#01.00.00#{a5dcbf10-6530-11d2-901f-00c04fb951ed} vendor=12489 "", product=15 "", serial="01.00.00", driver="usbccgp", guid=bbc9abfa-a4e8-4451-9d2f-1c9ccc6f0b0a
[23276:6260:0702/130551.781:VERBOSE1:components\device_event_log\device_event_log_impl.cc:203] [13:05:51.783] USB: DEBUG: usb_device_handle_win.cc:1091 Failed to read descriptor from node connection: A device attached to the system is not functioning. (0x1F)
[23276:6260:0702/130551.781:VERBOSE1:components\device_event_log\device_event_log_impl.cc:203] [13:05:51.783] USB: USER: usb_service_win.cc:765 USB device added: path=\\?\usb#vid_8087&pid_0ac9#05022016#{a5dcbf10-6530-11d2-901f-00c04fb951ed} vendor=32903 "", product=2761 "", serial="05022016 ", driver="usbccgp", guid=2a76780d-4441-44eb-90cf-2737d1c4dade
[23276:6260:0702/130551.781:VERBOSE1:components\device_event_log\device_event_log_impl.cc:203] [13:05:51.783] USB: DEBUG: usb_device_handle_win.cc:1091 Failed to read descriptor from node connection: A device attached to the system is not functioning. (0x1F)
[23276:6260:0702/130551.781:VERBOSE1:components\device_event_log\device_event_log_impl.cc:203] [13:05:51.783] USB: USER: usb_service_win.cc:765 USB device added: path=\\?\usb#vid_8087&pid_0af1#05022016#{a5dcbf10-6530-11d2-901f-00c04fb951ed} vendor=32903 "", product=2801 "", serial="05022016 ", driver="usbccgp", guid=b17489ed-1b46-43a9-85c2-ac56391b7d9b
[23276:6260:0702/130551.781:VERBOSE1:components\device_event_log\device_event_log_impl.cc:203] [13:05:51.783] USB: USER: usb_service_win.cc:765 USB device added: path=\\?\usb#vid_06cb&pid_00df#5e823325a1e6#{a5dcbf10-6530-11d2-901f-00c04fb951ed} vendor=1739 "", product=223 "", serial="5e823325a1e6", driver="WUDFRd", guid=65021a1f-0e14-472f-b29f-9b515521f598
[23276:6260:0702/130551.781:VERBOSE1:components\device_event_log\device_event_log_impl.cc:203] [13:05:51.783] USB: DEBUG: usb_device_handle_win.cc:1091 Failed to read descriptor from node connection: A device attached to the system is not functioning. (0x1F)
[23276:6260:0702/130551.781:VERBOSE1:components\device_event_log\device_event_log_impl.cc:203] [13:05:51.784] USB: USER: usb_service_win.cc:765 USB device added: path=\\?\usb#vid_8087&pid_0aca#05022016#{a5dcbf10-6530-11d2-901f-00c04fb951ed} vendor=32903 "", product=2762 "", serial="05022016 ", driver="usbccgp", guid=d0b3850d-1954-44c1-b70e-5a0b28b4266c
[23276:19260:0702/130551.781:VERBOSE1:chrome\installer\util\install_util.cc:242] No existing Chrome install found.
[23276:6260:0702/130551.806:VERBOSE1:components\segmentation_platform\internal\selection\segment_result_provider.cc:226] GetCachedModelScore: segment=OPTIMIZATION_TARGET_SEGMENTATION_CHROME_LOW_USER_ENGAGEMENT does not have a segment info.
[23276:6260:0702/130551.806:VERBOSE1:components\segmentation_platform\internal\selection\segment_result_provider.cc:172] OnGotModelScore: segment=OPTIMIZATION_TARGET_SEGMENTATION_CHROME_LOW_USER_ENGAGEMENT failed to get score from database, executing server model.
[23276:6260:0702/130551.806:VERBOSE1:components\segmentation_platform\internal\selection\segment_result_provider.cc:277] ExecuteModelAndGetScore: segment=OPTIMIZATION_TARGET_SEGMENTATION_CHROME_LOW_USER_ENGAGEMENT server segment info not available
[23276:6260:0702/130551.806:VERBOSE1:components\segmentation_platform\internal\selection\segment_result_provider.cc:201] OnGotModelScore: segment=OPTIMIZATION_TARGET_SEGMENTATION_CHROME_LOW_USER_ENGAGEMENT failed to get score from executing server model, getting score from default model from db.
[23276:6260:0702/130551.806:VERBOSE1:components\segmentation_platform\internal\selection\segment_result_provider.cc:240] GetCachedModelScore: segment=OPTIMIZATION_TARGET_SEGMENTATION_CHROME_LOW_USER_ENGAGEMENT has expired or unavailable result.
[23276:6260:0702/130551.806:VERBOSE1:components\segmentation_platform\internal\selection\segment_result_provider.cc:210] OnGotModelScore: segment=OPTIMIZATION_TARGET_SEGMENTATION_CHROME_LOW_USER_ENGAGEMENT failed to get database model score, trying default model.
[23276:6260:0702/130551.806:VERBOSE1:components\segmentation_platform\internal\selection\segment_result_provider.cc:295] ExecuteModelAndGetScore: segment=OPTIMIZATION_TARGET_SEGMENTATION_CHROME_LOW_USER_ENGAGEMENT signal collection not met
[23276:6260:0702/130551.806:VERBOSE1:components\segmentation_platform\internal\selection\segment_result_provider.cc:226] GetCachedModelScore: segment=OPTIMIZATION_TARGET_SEGMENTATION_SEARCH_USER does not have a segment info.
[23276:6260:0702/130551.806:VERBOSE1:components\segmentation_platform\internal\selection\segment_result_provider.cc:172] OnGotModelScore: segment=OPTIMIZATION_TARGET_SEGMENTATION_SEARCH_USER failed to get score from database, executing server model.
[23276:6260:0702/130551.806:VERBOSE1:components\segmentation_platform\internal\selection\segment_result_provider.cc:277] ExecuteModelAndGetScore: segment=OPTIMIZATION_TARGET_SEGMENTATION_SEARCH_USER server segment info not available
[23276:6260:0702/130551.806:VERBOSE1:components\segmentation_platform\internal\selection\segment_result_provider.cc:201] OnGotModelScore: segment=OPTIMIZATION_TARGET_SEGMENTATION_SEARCH_USER failed to get score from executing server model, getting score from default model from db.
[23276:6260:0702/130551.806:VERBOSE1:components\segmentation_platform\internal\selection\segment_result_provider.cc:240] GetCachedModelScore: segment=OPTIMIZATION_TARGET_SEGMENTATION_SEARCH_USER has expired or unavailable result.
[23276:6260:0702/130551.806:VERBOSE1:components\segmentation_platform\internal\selection\segment_result_provider.cc:210] OnGotModelScore: segment=OPTIMIZATION_TARGET_SEGMENTATION_SEARCH_USER failed to get database model score, trying default model.
[23276:6260:0702/130551.806:VERBOSE1:components\segmentation_platform\internal\selection\segment_result_provider.cc:295] ExecuteModelAndGetScore: segment=OPTIMIZATION_TARGET_SEGMENTATION_SEARCH_USER signal collection not met
[23276:6260:0702/130551.806:VERBOSE1:components\segmentation_platform\internal\selection\segment_result_provider.cc:226] GetCachedModelScore: segment=OPTIMIZATION_TARGET_SEGMENTATION_SHOPPING_USER does not have a segment info.
[23276:6260:0702/130551.806:VERBOSE1:components\segmentation_platform\internal\selection\segment_result_provider.cc:172] OnGotModelScore: segment=OPTIMIZATION_TARGET_SEGMENTATION_SHOPPING_USER failed to get score from database, executing server model.
[23276:6260:0702/130551.806:VERBOSE1:components\segmentation_platform\internal\selection\segment_result_provider.cc:277] ExecuteModelAndGetScore: segment=OPTIMIZATION_TARGET_SEGMENTATION_SHOPPING_USER server segment info not available
[23276:6260:0702/130551.806:VERBOSE1:components\segmentation_platform\internal\selection\segment_result_provider.cc:201] OnGotModelScore: segment=OPTIMIZATION_TARGET_SEGMENTATION_SHOPPING_USER failed to get score from executing server model, getting score from default model from db.
[23276:6260:0702/130551.806:VERBOSE1:components\segmentation_platform\internal\selection\segment_result_provider.cc:240] GetCachedModelScore: segment=OPTIMIZATION_TARGET_SEGMENTATION_SHOPPING_USER has expired or unavailable result.
[23276:6260:0702/130551.806:VERBOSE1:components\segmentation_platform\internal\selection\segment_result_provider.cc:210] OnGotModelScore: segment=OPTIMIZATION_TARGET_SEGMENTATION_SHOPPING_USER failed to get database model score, trying default model.
[23276:6260:0702/130551.806:VERBOSE1:components\segmentation_platform\internal\selection\segment_result_provider.cc:226] GetCachedModelScore: segment=CROSS_DEVICE_USER_SEGMENT does not have a segment info.
[23276:6260:0702/130551.806:VERBOSE1:components\segmentation_platform\internal\selection\segment_result_provider.cc:172] OnGotModelScore: segment=CROSS_DEVICE_USER_SEGMENT failed to get score from database, executing server model.
[23276:6260:0702/130551.806:VERBOSE1:components\segmentation_platform\internal\selection\segment_result_provider.cc:277] ExecuteModelAndGetScore: segment=CROSS_DEVICE_USER_SEGMENT server segment info not available
[23276:6260:0702/130551.806:VERBOSE1:components\segmentation_platform\internal\selection\segment_result_provider.cc:201] OnGotModelScore: segment=CROSS_DEVICE_USER_SEGMENT failed to get score from executing server model, getting score from default model from db.
[23276:6260:0702/130551.806:VERBOSE1:components\segmentation_platform\internal\selection\segment_result_provider.cc:240] GetCachedModelScore: segment=CROSS_DEVICE_USER_SEGMENT has expired or unavailable result.
[23276:6260:0702/130551.806:VERBOSE1:components\segmentation_platform\internal\selection\segment_result_provider.cc:210] OnGotModelScore: segment=CROSS_DEVICE_USER_SEGMENT failed to get database model score, trying default model.
[23276:6260:0702/130551.806:VERBOSE1:components\segmentation_platform\internal\selection\segment_result_provider.cc:295] ExecuteModelAndGetScore: segment=CROSS_DEVICE_USER_SEGMENT signal collection not met
[23276:6260:0702/130551.806:VERBOSE1:components\segmentation_platform\internal\selection\segment_result_provider.cc:226] GetCachedModelScore: segment=RESUME_HEAVY_USER_SEGMENT does not have a segment info.
[23276:6260:0702/130551.806:VERBOSE1:components\segmentation_platform\internal\selection\segment_result_provider.cc:172] OnGotModelScore: segment=RESUME_HEAVY_USER_SEGMENT failed to get score from database, executing server model.
[23276:6260:0702/130551.806:VERBOSE1:components\segmentation_platform\internal\selection\segment_result_provider.cc:277] ExecuteModelAndGetScore: segment=RESUME_HEAVY_USER_SEGMENT server segment info not available
[23276:6260:0702/130551.806:VERBOSE1:components\segmentation_platform\internal\selection\segment_result_provider.cc:201] OnGotModelScore: segment=RESUME_HEAVY_USER_SEGMENT failed to get score from executing server model, getting score from default model from db.
[23276:6260:0702/130551.806:VERBOSE1:components\segmentation_platform\internal\selection\segment_result_provider.cc:240] GetCachedModelScore: segment=RESUME_HEAVY_USER_SEGMENT has expired or unavailable result.
[23276:6260:0702/130551.806:VERBOSE1:components\segmentation_platform\internal\selection\segment_result_provider.cc:210] OnGotModelScore: segment=RESUME_HEAVY_USER_SEGMENT failed to get database model score, trying default model.
[23276:6260:0702/130551.806:VERBOSE1:components\segmentation_platform\internal\selection\segment_result_provider.cc:295] ExecuteModelAndGetScore: segment=RESUME_HEAVY_USER_SEGMENT signal collection not met
[23276:6260:0702/130551.806:VERBOSE1:components\segmentation_platform\internal\selection\segment_result_provider.cc:226] GetCachedModelScore: segment=PASSWORD_MANAGER_USER does not have a segment info.
[23276:6260:0702/130551.806:VERBOSE1:components\segmentation_platform\internal\selection\segment_result_provider.cc:172] OnGotModelScore: segment=PASSWORD_MANAGER_USER failed to get score from database, executing server model.
[23276:6260:0702/130551.806:VERBOSE1:components\segmentation_platform\internal\selection\segment_result_provider.cc:277] ExecuteModelAndGetScore: segment=PASSWORD_MANAGER_USER server segment info not available
[23276:6260:0702/130551.806:VERBOSE1:components\segmentation_platform\internal\selection\segment_result_provider.cc:201] OnGotModelScore: segment=PASSWORD_MANAGER_USER failed to get score from executing server model, getting score from default model from db.
[23276:8364:0702/130551.806:VERBOSE1:components\segmentation_platform\internal\database\ukm_database_backend.cc:352] Output from SQL query SELECT IFNULL(COUNT(metric_value),0)FROM uma_metrics WHERE metric_hash='1A94D82447638877' AND profile_id=? AND type=? AND metric_value IN(1)AND event_timestamp BETWEEN ? AND ? Bind values: 0:3263814817 1:2 2:2026-06-25 08:05:51.807263 UTC 3:2026-07-02 08:05:51.807263 UTC  Result: 0.000000,
[23276:6260:0702/130551.806:VERBOSE1:components\segmentation_platform\internal\selection\segment_result_provider.cc:240] GetCachedModelScore: segment=PASSWORD_MANAGER_USER has expired or unavailable result.
[23276:6260:0702/130551.806:VERBOSE1:components\segmentation_platform\internal\selection\segment_result_provider.cc:210] OnGotModelScore: segment=PASSWORD_MANAGER_USER failed to get database model score, trying default model.
[23276:6260:0702/130551.806:VERBOSE1:components\segmentation_platform\internal\selection\segment_result_provider.cc:295] ExecuteModelAndGetScore: segment=PASSWORD_MANAGER_USER signal collection not met
[23276:6260:0702/130551.806:VERBOSE1:components\segmentation_platform\internal\selection\segment_result_provider.cc:226] GetCachedModelScore: segment=CHROME_USER_ENGAGEMENT does not have a segment info.
[23276:6260:0702/130551.806:VERBOSE1:components\segmentation_platform\internal\selection\segment_result_provider.cc:172] OnGotModelScore: segment=CHROME_USER_ENGAGEMENT failed to get score from database, executing server model.
[23276:8364:0702/130551.806:VERBOSE1:components\segmentation_platform\internal\database\ukm_database_backend.cc:352] Output from SQL query SELECT IFNULL(COUNT(metric_value),0)FROM uma_metrics WHERE metric_hash='8A5076C9026398BD' AND profile_id=? AND type=? AND event_timestamp BETWEEN ? AND ? Bind values: 0:3263814817 1:1 2:2026-06-25 08:05:51.807263 UTC 3:2026-07-02 08:05:51.807263 UTC  Result: 0.000000,
[23276:6260:0702/130551.806:VERBOSE1:components\segmentation_platform\internal\selection\segment_result_provider.cc:277] ExecuteModelAndGetScore: segment=CHROME_USER_ENGAGEMENT server segment info not available
[23276:6260:0702/130551.806:VERBOSE1:components\segmentation_platform\internal\selection\segment_result_provider.cc:201] OnGotModelScore: segment=CHROME_USER_ENGAGEMENT failed to get score from executing server model, getting score from default model from db.
[23276:6260:0702/130551.806:VERBOSE1:components\segmentation_platform\internal\selection\segment_result_provider.cc:240] GetCachedModelScore: segment=CHROME_USER_ENGAGEMENT has expired or unavailable result.
[23276:6260:0702/130551.806:VERBOSE1:components\segmentation_platform\internal\selection\segment_result_provider.cc:210] OnGotModelScore: segment=CHROME_USER_ENGAGEMENT failed to get database model score, trying default model.
[23276:6260:0702/130551.806:VERBOSE1:components\segmentation_platform\internal\selection\segment_result_provider.cc:295] ExecuteModelAndGetScore: segment=CHROME_USER_ENGAGEMENT signal collection not met
[23276:8364:0702/130551.806:VERBOSE1:components\segmentation_platform\internal\database\ukm_database_backend.cc:352] Output from SQL query SELECT COALESCE((SELECT metric_value FROM uma_metrics WHERE metric_hash='ED7CFEC70BF9942D' AND profile_id=? AND type=? AND event_timestamp BETWEEN ? AND ? ORDER BY event_timestamp DESC,id DESC LIMIT 1),0.000000) Bind values: 0:3263814817 1:3 2:2026-06-25 08:05:51.807263 UTC 3:2026-07-02 08:05:51.807263 UTC  Result: 0.000000,
[23276:6260:0702/130551.806:VERBOSE1:components\segmentation_platform\internal\execution\model_executor_impl.cc:189] Segmentation model input:  feature 0: 0 feature 1: 0 feature 2: 0 feature 3: 0 for segment OPTIMIZATION_TARGET_SEGMENTATION_SHOPPING_USER
[23276:6260:0702/130551.806:VERBOSE1:components\segmentation_platform\internal\execution\model_executor_impl.cc:218] Segmentation model result:  output 0: 0 for segment OPTIMIZATION_TARGET_SEGMENTATION_SHOPPING_USER
[23276:6260:0702/130551.806:VERBOSE1:components\segmentation_platform\internal\execution\model_executor_impl.cc:276] Model: OPTIMIZATION_TARGET_SEGMENTATION_SHOPPING_USER version: 3 execution status: 0, output size: 1
[23276:6260:0702/130551.806:VERBOSE1:components\segmentation_platform\internal\selection\segment_result_provider.cc:29] ComputeDiscreteMapping: segment=: result=0, rank=0
[23276:6260:0702/130551.806:VERBOSE1:components\segmentation_platform\internal\selection\segment_result_provider.cc:359] OnModelExecuted: Default model executed successfully. Result: PredictionResult: timestamp: 13427453151809329 result 0: 0 for segment OPTIMIZATION_TARGET_SEGMENTATION_SHOPPING_USER
[23276:6260:0702/130551.809:VERBOSE1:components\segmentation_platform\internal\database\segment_info_database.cc:208] SaveSegmentResult: saving: PredictionResult: timestamp: 13427453151809329 result 0: 0 for segment id: OPTIMIZATION_TARGET_SEGMENTATION_SHOPPING_USER
[23276:6260:0702/130551.809:VERBOSE1:components\segmentation_platform\internal\database\cached_result_writer.cc:30] CachedResultWriter updating prefs with new result: PredictionResult: timestamp: 13427453151809329 result 0: 0 for segmentation key: shopping_user
[23276:21184:0702/130552.015:VERBOSE1:components\component_updater\component_installer.cc:477] StartRegistration for Related Website Sets
[23276:6260:0702/130552.019:VERBOSE1:components\component_updater\component_installer.cc:548] FinishRegistration for Related Website Sets
[23276:6260:0702/130552.019:VERBOSE1:chrome\browser\component_updater\first_party_sets_component_installer.cc:42] Received Related Website Sets
[23276:6260:0702/130552.104:VERBOSE1:chrome\browser\web_applications\locks\partitioned_lock_manager.cc:262] Acquiring <PartitionedLockId>{id: 0x31, partition: 0} for SynchronizeInstalledApps@chrome\browser\web_applications\externally_managed_app_manager.cc:186
[23276:6260:0702/130552.104:VERBOSE1:chrome\browser\web_applications\locks\partitioned_lock_manager.cc:243] All locks acquired for SynchronizeInstalledApps@chrome\browser\web_applications\externally_managed_app_manager.cc:186
[23276:6260:0702/130552.104:VERBOSE1:chrome\browser\web_applications\locks\partitioned_lock_manager.cc:286] Releasing <PartitionedLockId>{id: 0x31, partition: 0} requested by SynchronizeInstalledApps@chrome\browser\web_applications\externally_managed_app_manager.cc:186
[23276:6260:0702/130552.104:VERBOSE1:chrome\browser\web_applications\locks\partitioned_lock_manager.cc:262] Acquiring <PartitionedLockId>{id: 0x31, partition: 0} for MaybeStartNext@chrome\browser\web_applications\externally_managed_app_manager.cc:271
[23276:6260:0702/130552.104:VERBOSE1:chrome\browser\web_applications\locks\partitioned_lock_manager.cc:243] All locks acquired for MaybeStartNext@chrome\browser\web_applications\externally_managed_app_manager.cc:271
[23276:6260:0702/130552.104:VERBOSE1:chrome\browser\web_applications\locks\partitioned_lock_manager.cc:262] Acquiring <PartitionedLockId>{id: 0x30, partition: 0} for StartInstallationTask@chrome\browser\web_applications\externally_managed_app_manager.cc:411
[23276:6260:0702/130552.104:VERBOSE1:chrome\browser\web_applications\locks\partitioned_lock_manager.cc:243] All locks acquired for StartInstallationTask@chrome\browser\web_applications\externally_managed_app_manager.cc:411
[23276:6260:0702/130552.104:VERBOSE1:chrome\browser\web_applications\locks\partitioned_lock_manager.cc:286] Releasing <PartitionedLockId>{id: 0x31, partition: 0} requested by MaybeStartNext@chrome\browser\web_applications\externally_managed_app_manager.cc:271
[23276:5836:0702/130552.130:VERBOSE1:net\dns\mdns_client_impl.cc:204] Sockets ready:2
[11424:17008:0702/130552.179:INFO:third_party\webrtc\rtc_base\cpu_info.cc:77] Available number of cores: 8
[11424:17008:0702/130552.241:VERBOSE1:extensions\renderer\script_context.cc:150] Created context:
  extension id:           (none)
  frame:                  0x7aec02030d50
  URL:                    
  context_type:           WEB_PAGE
  effective extension id: (none)
  effective context type: WEB_PAGE
[11424:17008:0702/130552.243:VERBOSE1:extensions\renderer\script_context.cc:150] Created context:
  extension id:           (none)
  frame:                  (nil)
  URL:                    
  context_type:           UNSPECIFIED
  effective extension id: (none)
  effective context type: UNSPECIFIED
[11424:17008:0702/130552.243:VERBOSE1:extensions\renderer\dispatcher.cc:493] Num tracked contexts: 1
[23276:6260:0702/130552.247:VERBOSE1:chrome\browser\web_applications\locks\partitioned_lock_manager.cc:262] Acquiring <PartitionedLockId>{id: 0x31, partition: 0} for InstallFromInfo@chrome\browser\web_applications\commands\external_app_resolution_command.cc:741
[23276:6260:0702/130552.247:VERBOSE1:chrome\browser\web_applications\locks\partitioned_lock_manager.cc:262] Acquiring <PartitionedLockId>{id: 0x666d676a6a6d6d6d6c666e6b6270706e636162666b6464626a696d63666e636d, partition: 1} for InstallFromInfo@chrome\browser\web_applications\commands\external_app_resolution_command.cc:741
[23276:6260:0702/130552.247:VERBOSE1:chrome\browser\web_applications\locks\partitioned_lock_manager.cc:243] All locks acquired for InstallFromInfo@chrome\browser\web_applications\commands\external_app_resolution_command.cc:741
[23276:6260:0702/130552.278:VERBOSE1:chrome\browser\profiles\profile_manager.cc:1408] AddKeepAlive(Default, kWebAppUpdate). keep_alives=[kBrowserWindow (1), kWebAppUpdate (1), kRemoteDebugging (1)]
[23276:6260:0702/130552.278:VERBOSE1:chrome\browser\web_applications\locks\partitioned_lock_manager.cc:286] Releasing <PartitionedLockId>{id: 0x666d676a6a6d6d6d6c666e6b6270706e636162666b6464626a696d63666e636d, partition: 1} requested by InstallFromInfo@chrome\browser\web_applications\commands\external_app_resolution_command.cc:741
[23276:6260:0702/130552.278:VERBOSE1:chrome\browser\web_applications\locks\partitioned_lock_manager.cc:286] Releasing <PartitionedLockId>{id: 0x31, partition: 0} requested by InstallFromInfo@chrome\browser\web_applications\commands\external_app_resolution_command.cc:741
[23276:6260:0702/130552.278:VERBOSE1:chrome\browser\web_applications\locks\partitioned_lock_manager.cc:286] Releasing <PartitionedLockId>{id: 0x30, partition: 0} requested by StartInstallationTask@chrome\browser\web_applications\externally_managed_app_manager.cc:411
[23276:6260:0702/130552.278:VERBOSE1:chrome\browser\profiles\profile_manager.cc:1469] RemoveKeepAlive(Default, kWebAppUpdate). keep_alives=[kBrowserWindow (1), kRemoteDebugging (1)]
[23276:6260:0702/130552.278:VERBOSE1:chrome\browser\web_applications\locks\partitioned_lock_manager.cc:262] Acquiring <PartitionedLockId>{id: 0x31, partition: 0} for MaybeStartNext@chrome\browser\web_applications\externally_managed_app_manager.cc:271
[23276:6260:0702/130552.278:VERBOSE1:chrome\browser\web_applications\locks\partitioned_lock_manager.cc:243] All locks acquired for MaybeStartNext@chrome\browser\web_applications\externally_managed_app_manager.cc:271
[23276:6260:0702/130552.278:VERBOSE1:chrome\browser\web_applications\locks\partitioned_lock_manager.cc:262] Acquiring <PartitionedLockId>{id: 0x30, partition: 0} for StartInstallationTask@chrome\browser\web_applications\externally_managed_app_manager.cc:411
[23276:6260:0702/130552.278:VERBOSE1:chrome\browser\web_applications\locks\partitioned_lock_manager.cc:243] All locks acquired for StartInstallationTask@chrome\browser\web_applications\externally_managed_app_manager.cc:411
[23276:6260:0702/130552.278:VERBOSE1:chrome\browser\web_applications\locks\partitioned_lock_manager.cc:286] Releasing <PartitionedLockId>{id: 0x31, partition: 0} requested by MaybeStartNext@chrome\browser\web_applications\externally_managed_app_manager.cc:271
[24916:21724:0702/130552.289:VERBOSE1:net\base\network_delegate.cc:38] NetworkDelegate::NotifyBeforeURLRequest: https://android.clients.google.com/checkin
[11584:15756:0702/130552.336:INFO:third_party\webrtc\rtc_base\cpu_info.cc:77] Available number of cores: 8
[11584:15756:0702/130552.394:VERBOSE1:extensions\renderer\script_context.cc:150] Created context:
  extension id:           (none)
  frame:                  0x2d3402030d50
  URL:                    
  context_type:           WEB_PAGE
  effective extension id: (none)
  effective context type: WEB_PAGE
[11584:15756:0702/130552.395:VERBOSE1:extensions\renderer\script_context.cc:150] Created context:
  extension id:           (none)
  frame:                  (nil)
  URL:                    
  context_type:           UNSPECIFIED
  effective extension id: (none)
  effective context type: UNSPECIFIED
[11584:15756:0702/130552.396:VERBOSE1:extensions\renderer\dispatcher.cc:493] Num tracked contexts: 1
[23276:6260:0702/130552.399:VERBOSE1:chrome\browser\web_applications\locks\partitioned_lock_manager.cc:262] Acquiring <PartitionedLockId>{id: 0x31, partition: 0} for InstallFromInfo@chrome\browser\web_applications\commands\external_app_resolution_command.cc:741
[23276:6260:0702/130552.399:VERBOSE1:chrome\browser\web_applications\locks\partitioned_lock_manager.cc:262] Acquiring <PartitionedLockId>{id: 0x6d706e706f6a6b6e706d6d6f706f6d626e6a646367616169656b616a626e6a62, partition: 1} for InstallFromInfo@chrome\browser\web_applications\commands\external_app_resolution_command.cc:741
[23276:6260:0702/130552.401:VERBOSE1:chrome\browser\web_applications\locks\partitioned_lock_manager.cc:243] All locks acquired for InstallFromInfo@chrome\browser\web_applications\commands\external_app_resolution_command.cc:741
[23276:6260:0702/130552.426:VERBOSE1:chrome\browser\profiles\profile_manager.cc:1408] AddKeepAlive(Default, kWebAppUpdate). keep_alives=[kBrowserWindow (1), kWebAppUpdate (1), kRemoteDebugging (1)]
[23276:6260:0702/130552.426:VERBOSE1:chrome\browser\web_applications\locks\partitioned_lock_manager.cc:286] Releasing <PartitionedLockId>{id: 0x6d706e706f6a6b6e706d6d6f706f6d626e6a646367616169656b616a626e6a62, partition: 1} requested by InstallFromInfo@chrome\browser\web_applications\commands\external_app_resolution_command.cc:741
[23276:6260:0702/130552.426:VERBOSE1:chrome\browser\web_applications\locks\partitioned_lock_manager.cc:286] Releasing <PartitionedLockId>{id: 0x31, partition: 0} requested by InstallFromInfo@chrome\browser\web_applications\commands\external_app_resolution_command.cc:741
[23276:6260:0702/130552.426:VERBOSE1:chrome\browser\web_applications\locks\partitioned_lock_manager.cc:286] Releasing <PartitionedLockId>{id: 0x30, partition: 0} requested by StartInstallationTask@chrome\browser\web_applications\externally_managed_app_manager.cc:411
[23276:6260:0702/130552.426:VERBOSE1:chrome\browser\profiles\profile_manager.cc:1469] RemoveKeepAlive(Default, kWebAppUpdate). keep_alives=[kBrowserWindow (1), kRemoteDebugging (1)]
[23276:6260:0702/130552.429:VERBOSE1:chrome\browser\web_applications\locks\partitioned_lock_manager.cc:262] Acquiring <PartitionedLockId>{id: 0x31, partition: 0} for MaybeStartNext@chrome\browser\web_applications\externally_managed_app_manager.cc:271
[23276:6260:0702/130552.429:VERBOSE1:chrome\browser\web_applications\locks\partitioned_lock_manager.cc:243] All locks acquired for MaybeStartNext@chrome\browser\web_applications\externally_managed_app_manager.cc:271
[23276:6260:0702/130552.429:VERBOSE1:chrome\browser\web_applications\locks\partitioned_lock_manager.cc:262] Acquiring <PartitionedLockId>{id: 0x30, partition: 0} for StartInstallationTask@chrome\browser\web_applications\externally_managed_app_manager.cc:411
[23276:6260:0702/130552.429:VERBOSE1:chrome\browser\web_applications\locks\partitioned_lock_manager.cc:243] All locks acquired for StartInstallationTask@chrome\browser\web_applications\externally_managed_app_manager.cc:411
[23276:6260:0702/130552.429:VERBOSE1:chrome\browser\web_applications\locks\partitioned_lock_manager.cc:286] Releasing <PartitionedLockId>{id: 0x31, partition: 0} requested by MaybeStartNext@chrome\browser\web_applications\externally_managed_app_manager.cc:271
[23304:24976:0702/130552.467:INFO:third_party\webrtc\rtc_base\cpu_info.cc:77] Available number of cores: 8
[23304:24976:0702/130552.511:VERBOSE1:extensions\renderer\script_context.cc:150] Created context:
  extension id:           (none)
  frame:                  0x5f5402030d50
  URL:                    
  context_type:           WEB_PAGE
  effective extension id: (none)
  effective context type: WEB_PAGE
[23304:24976:0702/130552.511:VERBOSE1:extensions\renderer\script_context.cc:150] Created context:
  extension id:           (none)
  frame:                  (nil)
  URL:                    
  context_type:           UNSPECIFIED
  effective extension id: (none)
  effective context type: UNSPECIFIED
[23304:24976:0702/130552.511:VERBOSE1:extensions\renderer\dispatcher.cc:493] Num tracked contexts: 1
[23276:6260:0702/130552.516:VERBOSE1:chrome\browser\web_applications\locks\partitioned_lock_manager.cc:262] Acquiring <PartitionedLockId>{id: 0x31, partition: 0} for InstallFromInfo@chrome\browser\web_applications\commands\external_app_resolution_command.cc:741
[23276:6260:0702/130552.516:VERBOSE1:chrome\browser\web_applications\locks\partitioned_lock_manager.cc:262] Acquiring <PartitionedLockId>{id: 0x61676862696168627061696a69676e6365696465706f6f6b6c6a65626866616b, partition: 1} for InstallFromInfo@chrome\browser\web_applications\commands\external_app_resolution_command.cc:741
[23276:6260:0702/130552.516:VERBOSE1:chrome\browser\web_applications\locks\partitioned_lock_manager.cc:243] All locks acquired for InstallFromInfo@chrome\browser\web_applications\commands\external_app_resolution_command.cc:741
[23276:6260:0702/130552.540:VERBOSE1:chrome\browser\profiles\profile_manager.cc:1408] AddKeepAlive(Default, kWebAppUpdate). keep_alives=[kBrowserWindow (1), kWebAppUpdate (1), kRemoteDebugging (1)]
[23276:6260:0702/130552.540:VERBOSE1:chrome\browser\web_applications\locks\partitioned_lock_manager.cc:286] Releasing <PartitionedLockId>{id: 0x61676862696168627061696a69676e6365696465706f6f6b6c6a65626866616b, partition: 1} requested by InstallFromInfo@chrome\browser\web_applications\commands\external_app_resolution_command.cc:741
[23276:6260:0702/130552.540:VERBOSE1:chrome\browser\web_applications\locks\partitioned_lock_manager.cc:286] Releasing <PartitionedLockId>{id: 0x31, partition: 0} requested by InstallFromInfo@chrome\browser\web_applications\commands\external_app_resolution_command.cc:741
[23276:6260:0702/130552.540:VERBOSE1:chrome\browser\web_applications\locks\partitioned_lock_manager.cc:286] Releasing <PartitionedLockId>{id: 0x30, partition: 0} requested by StartInstallationTask@chrome\browser\web_applications\externally_managed_app_manager.cc:411
[23276:6260:0702/130552.540:VERBOSE1:chrome\browser\profiles\profile_manager.cc:1469] RemoveKeepAlive(Default, kWebAppUpdate). keep_alives=[kBrowserWindow (1), kRemoteDebugging (1)]
[23276:6260:0702/130552.540:VERBOSE1:chrome\browser\web_applications\locks\partitioned_lock_manager.cc:262] Acquiring <PartitionedLockId>{id: 0x31, partition: 0} for MaybeStartNext@chrome\browser\web_applications\externally_managed_app_manager.cc:271
[23276:6260:0702/130552.540:VERBOSE1:chrome\browser\web_applications\locks\partitioned_lock_manager.cc:243] All locks acquired for MaybeStartNext@chrome\browser\web_applications\externally_managed_app_manager.cc:271
[23276:6260:0702/130552.540:VERBOSE1:chrome\browser\web_applications\locks\partitioned_lock_manager.cc:262] Acquiring <PartitionedLockId>{id: 0x30, partition: 0} for StartInstallationTask@chrome\browser\web_applications\externally_managed_app_manager.cc:411
[23276:6260:0702/130552.540:VERBOSE1:chrome\browser\web_applications\locks\partitioned_lock_manager.cc:243] All locks acquired for StartInstallationTask@chrome\browser\web_applications\externally_managed_app_manager.cc:411
[23276:6260:0702/130552.540:VERBOSE1:chrome\browser\web_applications\locks\partitioned_lock_manager.cc:286] Releasing <PartitionedLockId>{id: 0x31, partition: 0} requested by MaybeStartNext@chrome\browser\web_applications\externally_managed_app_manager.cc:271
[20424:15960:0702/130552.578:INFO:third_party\webrtc\rtc_base\cpu_info.cc:77] Available number of cores: 8
[20424:15960:0702/130552.622:VERBOSE1:extensions\renderer\script_context.cc:150] Created context:
  extension id:           (none)
  frame:                  0x243402030d50
  URL:                    
  context_type:           WEB_PAGE
  effective extension id: (none)
  effective context type: WEB_PAGE
[20424:15960:0702/130552.622:VERBOSE1:extensions\renderer\script_context.cc:150] Created context:
  extension id:           (none)
  frame:                  (nil)
  URL:                    
  context_type:           UNSPECIFIED
  effective extension id: (none)
  effective context type: UNSPECIFIED
[20424:15960:0702/130552.622:VERBOSE1:extensions\renderer\dispatcher.cc:493] Num tracked contexts: 1
[23276:6260:0702/130552.622:VERBOSE1:chrome\browser\web_applications\locks\partitioned_lock_manager.cc:262] Acquiring <PartitionedLockId>{id: 0x31, partition: 0} for InstallFromInfo@chrome\browser\web_applications\commands\external_app_resolution_command.cc:741
[23276:6260:0702/130552.622:VERBOSE1:chrome\browser\web_applications\locks\partitioned_lock_manager.cc:262] Acquiring <PartitionedLockId>{id: 0x6668696870696f6a6b626d6270646a656f616a61706d676b686c6e616b666a66, partition: 1} for InstallFromInfo@chrome\browser\web_applications\commands\external_app_resolution_command.cc:741
[23276:6260:0702/130552.622:VERBOSE1:chrome\browser\web_applications\locks\partitioned_lock_manager.cc:243] All locks acquired for InstallFromInfo@chrome\browser\web_applications\commands\external_app_resolution_command.cc:741
[23276:6260:0702/130552.659:VERBOSE1:chrome\browser\profiles\profile_manager.cc:1408] AddKeepAlive(Default, kWebAppUpdate). keep_alives=[kBrowserWindow (1), kWebAppUpdate (1), kRemoteDebugging (1)]
[23276:6260:0702/130552.659:VERBOSE1:chrome\browser\web_applications\locks\partitioned_lock_manager.cc:286] Releasing <PartitionedLockId>{id: 0x6668696870696f6a6b626d6270646a656f616a61706d676b686c6e616b666a66, partition: 1} requested by InstallFromInfo@chrome\browser\web_applications\commands\external_app_resolution_command.cc:741
[23276:6260:0702/130552.659:VERBOSE1:chrome\browser\web_applications\locks\partitioned_lock_manager.cc:286] Releasing <PartitionedLockId>{id: 0x31, partition: 0} requested by InstallFromInfo@chrome\browser\web_applications\commands\external_app_resolution_command.cc:741
[23276:6260:0702/130552.659:VERBOSE1:chrome\browser\web_applications\locks\partitioned_lock_manager.cc:286] Releasing <PartitionedLockId>{id: 0x30, partition: 0} requested by StartInstallationTask@chrome\browser\web_applications\externally_managed_app_manager.cc:411
[23276:6260:0702/130552.659:VERBOSE1:chrome\browser\profiles\profile_manager.cc:1469] RemoveKeepAlive(Default, kWebAppUpdate). keep_alives=[kBrowserWindow (1), kRemoteDebugging (1)]
[23276:6260:0702/130552.659:VERBOSE1:chrome\browser\web_applications\locks\partitioned_lock_manager.cc:262] Acquiring <PartitionedLockId>{id: 0x31, partition: 0} for MaybeStartNext@chrome\browser\web_applications\externally_managed_app_manager.cc:271
[23276:6260:0702/130552.659:VERBOSE1:chrome\browser\web_applications\locks\partitioned_lock_manager.cc:243] All locks acquired for MaybeStartNext@chrome\browser\web_applications\externally_managed_app_manager.cc:271
[23276:6260:0702/130552.663:VERBOSE1:chrome\browser\web_applications\locks\partitioned_lock_manager.cc:262] Acquiring <PartitionedLockId>{id: 0x30, partition: 0} for StartInstallationTask@chrome\browser\web_applications\externally_managed_app_manager.cc:411
[23276:6260:0702/130552.663:VERBOSE1:chrome\browser\web_applications\locks\partitioned_lock_manager.cc:243] All locks acquired for StartInstallationTask@chrome\browser\web_applications\externally_managed_app_manager.cc:411
[23276:6260:0702/130552.663:VERBOSE1:chrome\browser\web_applications\locks\partitioned_lock_manager.cc:286] Releasing <PartitionedLockId>{id: 0x31, partition: 0} requested by MaybeStartNext@chrome\browser\web_applications\externally_managed_app_manager.cc:271
[6000:9292:0702/130552.714:INFO:third_party\webrtc\rtc_base\cpu_info.cc:77] Available number of cores: 8
[6000:9292:0702/130552.788:VERBOSE1:extensions\renderer\script_context.cc:150] Created context:
  extension id:           (none)
  frame:                  0x356402030d50
  URL:                    
  context_type:           WEB_PAGE
  effective extension id: (none)
  effective context type: WEB_PAGE
[6000:9292:0702/130552.789:VERBOSE1:extensions\renderer\script_context.cc:150] Created context:
  extension id:           (none)
  frame:                  (nil)
  URL:                    
  context_type:           UNSPECIFIED
  effective extension id: (none)
  effective context type: UNSPECIFIED
[6000:9292:0702/130552.789:VERBOSE1:extensions\renderer\dispatcher.cc:493] Num tracked contexts: 1
[23276:6260:0702/130552.795:VERBOSE1:chrome\browser\web_applications\locks\partitioned_lock_manager.cc:262] Acquiring <PartitionedLockId>{id: 0x31, partition: 0} for InstallFromInfo@chrome\browser\web_applications\commands\external_app_resolution_command.cc:741
[23276:6260:0702/130552.795:VERBOSE1:chrome\browser\web_applications\locks\partitioned_lock_manager.cc:262] Acquiring <PartitionedLockId>{id: 0x6b65666a6c65646f6e6b6c696a6f706d6e6f6d6c6362706c6c63686169626167, partition: 1} for InstallFromInfo@chrome\browser\web_applications\commands\external_app_resolution_command.cc:741
[23276:6260:0702/130552.795:VERBOSE1:chrome\browser\web_applications\locks\partitioned_lock_manager.cc:243] All locks acquired for InstallFromInfo@chrome\browser\web_applications\commands\external_app_resolution_command.cc:741
[23276:6260:0702/130552.828:VERBOSE1:chrome\browser\profiles\profile_manager.cc:1408] AddKeepAlive(Default, kWebAppUpdate). keep_alives=[kBrowserWindow (1), kWebAppUpdate (1), kRemoteDebugging (1)]
[23276:6260:0702/130552.828:VERBOSE1:chrome\browser\web_applications\locks\partitioned_lock_manager.cc:286] Releasing <PartitionedLockId>{id: 0x6b65666a6c65646f6e6b6c696a6f706d6e6f6d6c6362706c6c63686169626167, partition: 1} requested by InstallFromInfo@chrome\browser\web_applications\commands\external_app_resolution_command.cc:741
[23276:6260:0702/130552.828:VERBOSE1:chrome\browser\web_applications\locks\partitioned_lock_manager.cc:286] Releasing <PartitionedLockId>{id: 0x31, partition: 0} requested by InstallFromInfo@chrome\browser\web_applications\commands\external_app_resolution_command.cc:741
[23276:6260:0702/130552.828:VERBOSE1:chrome\browser\web_applications\locks\partitioned_lock_manager.cc:286] Releasing <PartitionedLockId>{id: 0x30, partition: 0} requested by StartInstallationTask@chrome\browser\web_applications\externally_managed_app_manager.cc:411
[23276:6260:0702/130552.828:VERBOSE1:chrome\browser\profiles\profile_manager.cc:1469] RemoveKeepAlive(Default, kWebAppUpdate). keep_alives=[kBrowserWindow (1), kRemoteDebugging (1)]
[23276:6260:0702/130552.831:VERBOSE1:chrome\browser\web_applications\locks\partitioned_lock_manager.cc:262] Acquiring <PartitionedLockId>{id: 0x31, partition: 0} for MaybeStartNext@chrome\browser\web_applications\externally_managed_app_manager.cc:271
[23276:6260:0702/130552.831:VERBOSE1:chrome\browser\web_applications\locks\partitioned_lock_manager.cc:243] All locks acquired for MaybeStartNext@chrome\browser\web_applications\externally_managed_app_manager.cc:271
[23276:6260:0702/130552.831:VERBOSE1:chrome\browser\web_applications\locks\partitioned_lock_manager.cc:262] Acquiring <PartitionedLockId>{id: 0x30, partition: 0} for StartInstallationTask@chrome\browser\web_applications\externally_managed_app_manager.cc:411
[23276:6260:0702/130552.831:VERBOSE1:chrome\browser\web_applications\locks\partitioned_lock_manager.cc:243] All locks acquired for StartInstallationTask@chrome\browser\web_applications\externally_managed_app_manager.cc:411
[23276:6260:0702/130552.831:VERBOSE1:chrome\browser\web_applications\locks\partitioned_lock_manager.cc:286] Releasing <PartitionedLockId>{id: 0x31, partition: 0} requested by MaybeStartNext@chrome\browser\web_applications\externally_managed_app_manager.cc:271
[17156:24844:0702/130552.871:INFO:third_party\webrtc\rtc_base\cpu_info.cc:77] Available number of cores: 8
[17156:24844:0702/130552.913:VERBOSE1:extensions\renderer\script_context.cc:150] Created context:
  extension id:           (none)
  frame:                  0x261c02030d50
  URL:                    
  context_type:           WEB_PAGE
  effective extension id: (none)
  effective context type: WEB_PAGE
[17156:24844:0702/130552.913:VERBOSE1:extensions\renderer\script_context.cc:150] Created context:
  extension id:           (none)
  frame:                  (nil)
  URL:                    
  context_type:           UNSPECIFIED
  effective extension id: (none)
  effective context type: UNSPECIFIED
[17156:24844:0702/130552.913:VERBOSE1:extensions\renderer\dispatcher.cc:493] Num tracked contexts: 1
[23276:6260:0702/130552.913:VERBOSE1:chrome\browser\web_applications\locks\partitioned_lock_manager.cc:262] Acquiring <PartitionedLockId>{id: 0x31, partition: 0} for InstallFromInfo@chrome\browser\web_applications\commands\external_app_resolution_command.cc:741
[23276:6260:0702/130552.913:VERBOSE1:chrome\browser\web_applications\locks\partitioned_lock_manager.cc:262] Acquiring <PartitionedLockId>{id: 0x6167696d6e6b696a636161686e6763646d6665616e67616b6e6d6c646f6f6d6c, partition: 1} for InstallFromInfo@chrome\browser\web_applications\commands\external_app_resolution_command.cc:741
[23276:6260:0702/130552.913:VERBOSE1:chrome\browser\web_applications\locks\partitioned_lock_manager.cc:243] All locks acquired for InstallFromInfo@chrome\browser\web_applications\commands\external_app_resolution_command.cc:741
[23276:6260:0702/130552.955:VERBOSE1:chrome\browser\profiles\profile_manager.cc:1408] AddKeepAlive(Default, kWebAppUpdate). keep_alives=[kBrowserWindow (1), kWebAppUpdate (1), kRemoteDebugging (1)]
[23276:6260:0702/130552.955:VERBOSE1:chrome\browser\web_applications\locks\partitioned_lock_manager.cc:286] Releasing <PartitionedLockId>{id: 0x6167696d6e6b696a636161686e6763646d6665616e67616b6e6d6c646f6f6d6c, partition: 1} requested by InstallFromInfo@chrome\browser\web_applications\commands\external_app_resolution_command.cc:741
[23276:6260:0702/130552.955:VERBOSE1:chrome\browser\web_applications\locks\partitioned_lock_manager.cc:286] Releasing <PartitionedLockId>{id: 0x31, partition: 0} requested by InstallFromInfo@chrome\browser\web_applications\commands\external_app_resolution_command.cc:741
[23276:6260:0702/130552.955:VERBOSE1:chrome\browser\web_applications\locks\partitioned_lock_manager.cc:286] Releasing <PartitionedLockId>{id: 0x30, partition: 0} requested by StartInstallationTask@chrome\browser\web_applications\externally_managed_app_manager.cc:411
[23276:6260:0702/130552.955:VERBOSE1:chrome\browser\profiles\profile_manager.cc:1469] RemoveKeepAlive(Default, kWebAppUpdate). keep_alives=[kBrowserWindow (1), kRemoteDebugging (1)]
[23276:6260:0702/130552.955:VERBOSE1:chrome\browser\web_applications\locks\partitioned_lock_manager.cc:262] Acquiring <PartitionedLockId>{id: 0x31, partition: 0} for MaybeStartNext@chrome\browser\web_applications\externally_managed_app_manager.cc:271
[23276:6260:0702/130552.955:VERBOSE1:chrome\browser\web_applications\locks\partitioned_lock_manager.cc:243] All locks acquired for MaybeStartNext@chrome\browser\web_applications\externally_managed_app_manager.cc:271
[23276:6260:0702/130552.955:VERBOSE1:chrome\browser\web_applications\locks\partitioned_lock_manager.cc:262] Acquiring <PartitionedLockId>{id: 0x30, partition: 0} for StartInstallationTask@chrome\browser\web_applications\externally_managed_app_manager.cc:411
[23276:6260:0702/130552.955:VERBOSE1:chrome\browser\web_applications\locks\partitioned_lock_manager.cc:243] All locks acquired for StartInstallationTask@chrome\browser\web_applications\externally_managed_app_manager.cc:411
[23276:6260:0702/130552.955:VERBOSE1:chrome\browser\web_applications\locks\partitioned_lock_manager.cc:286] Releasing <PartitionedLockId>{id: 0x31, partition: 0} requested by MaybeStartNext@chrome\browser\web_applications\externally_managed_app_manager.cc:271
[21580:6192:0702/130552.995:INFO:third_party\webrtc\rtc_base\cpu_info.cc:77] Available number of cores: 8
[21580:6192:0702/130553.027:VERBOSE1:extensions\renderer\script_context.cc:150] Created context:
  extension id:           (none)
  frame:                  0x1a4c02030d50
  URL:                    
  context_type:           WEB_PAGE
  effective extension id: (none)
  effective context type: WEB_PAGE
[21580:6192:0702/130553.027:VERBOSE1:extensions\renderer\script_context.cc:150] Created context:
  extension id:           (none)
  frame:                  (nil)
  URL:                    
  context_type:           UNSPECIFIED
  effective extension id: (none)
  effective context type: UNSPECIFIED
[21580:6192:0702/130553.031:VERBOSE1:extensions\renderer\dispatcher.cc:493] Num tracked contexts: 1
[23276:6260:0702/130553.033:VERBOSE1:chrome\browser\web_applications\locks\partitioned_lock_manager.cc:262] Acquiring <PartitionedLockId>{id: 0x31, partition: 0} for InstallFromInfo@chrome\browser\web_applications\commands\external_app_resolution_command.cc:741
[23276:6260:0702/130553.033:VERBOSE1:chrome\browser\web_applications\locks\partitioned_lock_manager.cc:262] Acquiring <PartitionedLockId>{id: 0x706f6d6d61636c6362666768636c68616c626f616b636970636d6d6e6468636a, partition: 1} for InstallFromInfo@chrome\browser\web_applications\commands\external_app_resolution_command.cc:741
[23276:6260:0702/130553.033:VERBOSE1:chrome\browser\web_applications\locks\partitioned_lock_manager.cc:243] All locks acquired for InstallFromInfo@chrome\browser\web_applications\commands\external_app_resolution_command.cc:741
[23276:6260:0702/130553.060:VERBOSE1:chrome\browser\profiles\profile_manager.cc:1408] AddKeepAlive(Default, kWebAppUpdate). keep_alives=[kBrowserWindow (1), kWebAppUpdate (1), kRemoteDebugging (1)]
[23276:6260:0702/130553.060:VERBOSE1:chrome\browser\web_applications\locks\partitioned_lock_manager.cc:286] Releasing <PartitionedLockId>{id: 0x706f6d6d61636c6362666768636c68616c626f616b636970636d6d6e6468636a, partition: 1} requested by InstallFromInfo@chrome\browser\web_applications\commands\external_app_resolution_command.cc:741
[23276:6260:0702/130553.060:VERBOSE1:chrome\browser\web_applications\locks\partitioned_lock_manager.cc:286] Releasing <PartitionedLockId>{id: 0x31, partition: 0} requested by InstallFromInfo@chrome\browser\web_applications\commands\external_app_resolution_command.cc:741
[23276:6260:0702/130553.060:VERBOSE1:chrome\browser\web_applications\locks\partitioned_lock_manager.cc:286] Releasing <PartitionedLockId>{id: 0x30, partition: 0} requested by StartInstallationTask@chrome\browser\web_applications\externally_managed_app_manager.cc:411
[23276:6260:0702/130553.060:VERBOSE1:chrome\browser\web_applications\locks\partitioned_lock_manager.cc:262] Acquiring <PartitionedLockId>{id: 0x31, partition: 0} for ContinueSynchronization@chrome\browser\web_applications\externally_managed_app_manager.cc:736
[23276:6260:0702/130553.060:VERBOSE1:chrome\browser\web_applications\locks\partitioned_lock_manager.cc:243] All locks acquired for ContinueSynchronization@chrome\browser\web_applications\externally_managed_app_manager.cc:736
[23276:6260:0702/130553.060:VERBOSE1:chrome\browser\profiles\profile_manager.cc:1469] RemoveKeepAlive(Default, kWebAppUpdate). keep_alives=[kBrowserWindow (1), kRemoteDebugging (1)]
[23276:6260:0702/130553.064:VERBOSE1:chrome\browser\web_applications\locks\partitioned_lock_manager.cc:286] Releasing <PartitionedLockId>{id: 0x31, partition: 0} requested by ContinueSynchronization@chrome\browser\web_applications\externally_managed_app_manager.cc:736
[23276:6260:0702/130553.064:VERBOSE1:chrome\browser\web_applications\locks\partitioned_lock_manager.cc:318] Acquiring <PartitionedLockId>{id: 0x31, partition: 0} for MaybeStartNext@chrome\browser\web_applications\externally_managed_app_manager.cc:271
[23276:6260:0702/130553.064:VERBOSE1:chrome\browser\web_applications\locks\partitioned_lock_manager.cc:243] All locks acquired for MaybeStartNext@chrome\browser\web_applications\externally_managed_app_manager.cc:271
[23276:6260:0702/130553.065:VERBOSE1:chrome\browser\web_applications\locks\partitioned_lock_manager.cc:286] Releasing <PartitionedLockId>{id: 0x31, partition: 0} requested by MaybeStartNext@chrome\browser\web_applications\externally_managed_app_manager.cc:271
[24916:21724:0702/130553.159:VERBOSE1:net\base\network_delegate.cc:38] NetworkDelegate::NotifyBeforeURLRequest: https://android.clients.google.com/c2dm/register3
[24916:21724:0702/130553.159:VERBOSE1:net\base\network_delegate.cc:38] NetworkDelegate::NotifyBeforeURLRequest: https://android.clients.google.com/c2dm/register3
[24916:21724:0702/130553.159:VERBOSE1:net\base\network_delegate.cc:38] NetworkDelegate::NotifyBeforeURLRequest: https://android.clients.google.com/c2dm/register3
[24916:21724:0702/130553.159:VERBOSE1:net\third_party\quiche\src\quiche\quic\core\tls_handshaker.cc:109] TlsClient: Continuing handshake
[24916:21724:0702/130553.227:VERBOSE1:net\third_party\quiche\src\quiche\quic\core\tls_handshaker.cc:109] TlsClient: Continuing handshake
[24916:21724:0702/130553.233:VERBOSE1:net\third_party\quiche\src\quiche\quic\core\tls_handshaker.cc:109] TlsClient: Continuing handshake
[24916:21724:0702/130553.342:VERBOSE1:net\third_party\quiche\src\quiche\quic\core\tls_handshaker.cc:109] TlsClient: Continuing handshake
[24916:21724:0702/130553.343:VERBOSE1:net\third_party\quiche\src\quiche\quic\core\tls_handshaker.cc:109] TlsClient: Continuing handshake
[24916:21724:0702/130553.344:VERBOSE1:net\third_party\quiche\src\quiche\quic\core\tls_handshaker.cc:109] TlsClient: Continuing handshake
[24916:21724:0702/130553.346:VERBOSE1:net\third_party\quiche\src\quiche\quic\core\tls_handshaker.cc:109] TlsClient: Continuing handshake
[23276:5836:0702/130553.351:ERROR:google_apis\gcm\engine\registration_request.cc:291] Registration response error message: DEPRECATED_ENDPOINT
[23276:5836:0702/130553.351:VERBOSE1:google_apis\gcm\engine\registration_request.cc:256] Delaying GCM registration of app: com.google.android.gms, for 22966 milliseconds.
[23276:5836:0702/130553.707:ERROR:google_apis\gcm\engine\registration_request.cc:291] Registration response error message: PHONE_REGISTRATION_ERROR
[23276:5836:0702/130553.707:VERBOSE1:google_apis\gcm\engine\registration_request.cc:256] Delaying GCM registration of app: com.google.chrome.fcm.invalidations-585406161706, for 27531 milliseconds.
[23276:6260:0702/130555.175:VERBOSE1:chrome\browser\policy\cloud\fm_registration_token_uploader.cc:193] Client is missing for kUser scope
[23276:5836:0702/130556.486:VERBOSE1:content\browser\renderer_host\media\media_stream_manager.cc:1499] MSPL::OnSpeedLimitChange({this=0x778400124dd8}, {new_limit=20})
[24916:21724:0702/130556.520:VERBOSE1:net\base\network_delegate.cc:38] NetworkDelegate::NotifyBeforeURLRequest: https://optimizationguide-pa.googleapis.com/v1:GetModels?key=AIzaSyA2KlwBX3mkFo30om9LUFYQhpqLoa_BNhE
[24916:21724:0702/130558.544:VERBOSE1:net\base\network_delegate.cc:38] NetworkDelegate::NotifyBeforeURLRequest: https://optimizationguide-pa.googleapis.com/downloads?name=1679317318&target=OPTIMIZATION_TARGET_LANGUAGE_DETECTION
[24916:21724:0702/130558.544:VERBOSE1:net\base\network_delegate.cc:38] NetworkDelegate::NotifyBeforeURLRequest: https://optimizationguide-pa.googleapis.com/downloads?name=1780930962&target=OPTIMIZATION_TARGET_NOTIFICATION_PERMISSION_PREDICTIONS
[24916:21724:0702/130559.450:VERBOSE1:net\base\network_delegate.cc:38] NetworkDelegate::NotifyBeforeURLRequest: https://optimizationguide-pa.googleapis.com/downloads?name=1673999601&target=OPTIMIZATION_TARGET_PAGE_VISIBILITY
[24916:21724:0702/130559.450:VERBOSE1:net\third_party\quiche\src\quiche\quic\core\tls_handshaker.cc:109] TlsClient: Continuing handshake
[24916:21724:0702/130559.518:VERBOSE1:net\third_party\quiche\src\quiche\quic\core\tls_handshaker.cc:109] TlsClient: Continuing handshake
[24916:21724:0702/130559.644:VERBOSE1:net\third_party\quiche\src\quiche\quic\core\tls_handshaker.cc:109] TlsClient: Continuing handshake
[24916:21724:0702/130559.644:VERBOSE1:net\third_party\quiche\src\quiche\quic\core\tls_handshaker.cc:109] TlsClient: Continuing handshake
[24916:21724:0702/130559.644:VERBOSE1:net\third_party\quiche\src\quiche\quic\core\tls_handshaker.cc:109] TlsClient: Continuing handshake
[24916:21724:0702/130559.714:VERBOSE1:net\third_party\quiche\src\quiche\quic\core\tls_handshaker.cc:109] TlsClient: Continuing handshake
[24916:21724:0702/130559.804:VERBOSE1:net\third_party\quiche\src\quiche\quic\core\tls_handshaker.cc:109] TlsClient: Continuing handshake
[24916:21724:0702/130559.870:VERBOSE1:net\third_party\quiche\src\quiche\quic\core\tls_handshaker.cc:109] TlsClient: Continuing handshake
[24916:21724:0702/130600.168:VERBOSE1:net\base\network_delegate.cc:38] NetworkDelegate::NotifyBeforeURLRequest: https://optimizationguide-pa.googleapis.com/downloads?name=5&target=OPTIMIZATION_TARGET_PAGE_TOPICS_V2
[23276:5836:0702/130601.529:VERBOSE1:content\browser\renderer_host\media\media_stream_manager.cc:1499] MSPL::OnSpeedLimitChange({this=0x778400124dd8}, {new_limit=21})
[23276:5836:0702/130602.542:VERBOSE1:content\browser\renderer_host\media\media_stream_manager.cc:1499] MSPL::OnSpeedLimitChange({this=0x778400124dd8}, {new_limit=23})
[23276:5836:0702/130603.548:VERBOSE1:content\browser\renderer_host\media\media_stream_manager.cc:1499] MSPL::OnSpeedLimitChange({this=0x778400124dd8}, {new_limit=22})
[23276:5836:0702/130604.557:VERBOSE1:content\browser\renderer_host\media\media_stream_manager.cc:1499] MSPL::OnSpeedLimitChange({this=0x778400124dd8}, {new_limit=21})
[23276:6260:0702/130605.412:VERBOSE1:chrome\updater\ipc\update_service_proxy_mojo.cc:194] GetVersion
[23276:6260:0702/130605.412:VERBOSE1:chrome\updater\ipc\update_service_proxy_mojo.cc:439] EnsureConnecting
[24916:21724:0702/130605.845:VERBOSE1:net\base\network_delegate.cc:38] NetworkDelegate::NotifyBeforeURLRequest: https://optimizationguide-pa.googleapis.com/downloads?name=1780930927&target=OPTIMIZATION_TARGET_GEOLOCATION_PERMISSION_PREDICTIONS
[24916:21724:0702/130606.272:VERBOSE1:net\base\network_delegate.cc:38] NetworkDelegate::NotifyBeforeURLRequest: https://optimizationguide-pa.googleapis.com/downloads?name=1728324084&target=OPTIMIZATION_TARGET_OMNIBOX_ON_DEVICE_TAIL_SUGGEST
[23276:5836:0702/130609.602:VERBOSE1:content\browser\renderer_host\media\media_stream_manager.cc:1499] MSPL::OnSpeedLimitChange({this=0x778400124dd8}, {new_limit=20})
[23276:5836:0702/130610.610:VERBOSE1:content\browser\renderer_host\media\media_stream_manager.cc:1499] MSPL::OnSpeedLimitChange({this=0x778400124dd8}, {new_limit=19})
[24916:21724:0702/130610.681:VERBOSE1:net\base\network_delegate.cc:38] NetworkDelegate::NotifyBeforeURLRequest: https://optimizationguide-pa.googleapis.com/downloads?name=1781017313&target=OPTIMIZATION_TARGET_CLIENT_SIDE_PHISHING
[23276:5836:0702/130611.623:VERBOSE1:content\browser\renderer_host\media\media_stream_manager.cc:1499] MSPL::OnSpeedLimitChange({this=0x778400124dd8}, {new_limit=18})
[23276:5836:0702/130613.644:VERBOSE1:content\browser\renderer_host\media\media_stream_manager.cc:1499] MSPL::OnSpeedLimitChange({this=0x778400124dd8}, {new_limit=20})
[23276:5836:0702/130615.652:VERBOSE1:content\browser\renderer_host\media\media_stream_manager.cc:1499] MSPL::OnSpeedLimitChange({this=0x778400124dd8}, {new_limit=22})
[24916:21724:0702/130615.918:VERBOSE1:net\base\network_delegate.cc:38] NetworkDelegate::NotifyBeforeURLRequest: https://optimizationguide-pa.googleapis.com/downloads?name=1696268326&target=OPTIMIZATION_TARGET_OMNIBOX_URL_SCORING
[24916:21724:0702/130616.322:VERBOSE1:net\base\network_delegate.cc:38] NetworkDelegate::NotifyBeforeURLRequest: https://android.clients.google.com/c2dm/register3
[24916:21724:0702/130616.352:VERBOSE1:net\base\network_delegate.cc:38] NetworkDelegate::NotifyBeforeURLRequest: https://optimizationguide-pa.googleapis.com/downloads?name=1770062312&target=OPTIMIZATION_TARGET_PASSAGE_EMBEDDER
[23276:5836:0702/130616.515:ERROR:google_apis\gcm\engine\registration_request.cc:291] Registration response error message: DEPRECATED_ENDPOINT
[23276:5836:0702/130616.515:VERBOSE1:google_apis\gcm\engine\registration_request.cc:256] Delaying GCM registration of app: com.google.android.gms, for 50664 milliseconds.
[23276:5836:0702/130616.657:VERBOSE1:content\browser\renderer_host\media\media_stream_manager.cc:1499] MSPL::OnSpeedLimitChange({this=0x778400124dd8}, {new_limit=23})
[13288:17020:0702/130617.033:VERBOSE1:extensions\renderer\script_context.cc:163] Destroyed context for extension
  extension id: fignfifoniblkonapihmkfakmlgkbkcf
  effective extension id: fignfifoniblkonapihmkfakmlgkbkcf
[13288:17020:0702/130617.033:VERBOSE1:extensions\renderer\script_context.cc:163] Destroyed context for extension
  extension id: 
  effective extension id: 
[23276:5836:0702/130617.658:VERBOSE1:content\browser\renderer_host\media\media_stream_manager.cc:1499] MSPL::OnSpeedLimitChange({this=0x778400124dd8}, {new_limit=22})
[24916:21724:0702/130618.038:VERBOSE1:net\base\network_delegate.cc:38] NetworkDelegate::NotifyBeforeURLRequest: https://optimizationguide-pa.googleapis.com/downloads?name=240731042075&target=OPTIMIZATION_TARGET_SEGMENTATION_COMPOSE_PROMOTION
[23276:6260:0702/130618.809:VERBOSE1:components\segmentation_platform\internal\signals\signal_filter_processor.cc:61] Segmentation platform started observing Session.TotalDuration
[23276:6260:0702/130618.809:VERBOSE1:components\segmentation_platform\internal\signals\signal_filter_processor.cc:61] Segmentation platform started observing Commerce.PriceDrops.ActiveTabNavigationComplete.IsProductDetailPage
[23276:6260:0702/130618.809:VERBOSE1:components\segmentation_platform\internal\signals\signal_filter_processor.cc:54] Segmentation platform started observing Autofill_PolledCreditCardSuggestions
[23276:6260:0702/130618.809:VERBOSE1:components\segmentation_platform\internal\signals\signal_filter_processor.cc:61] Segmentation platform started observing IOS.ParcelTracking.Tracked.AutoTrack
[23276:6260:0702/130618.809:VERBOSE1:components\segmentation_platform\internal\signals\signal_filter_processor.cc:61] Segmentation platform started observing Omnibox.SuggestionUsed.ClientSummarizedResultType
[23276:6260:0702/130618.809:VERBOSE1:components\segmentation_platform\internal\signals\signal_filter_processor.cc:54] Segmentation platform started observing MetadataWriter
[23276:6260:0702/130618.809:VERBOSE1:components\segmentation_platform\internal\signals\signal_filter_processor.cc:61] Segmentation platform started observing Sync.DeviceCount2
[23276:6260:0702/130618.809:VERBOSE1:components\segmentation_platform\internal\signals\signal_filter_processor.cc:61] Segmentation platform started observing Sync.DeviceCount2.Phone
[23276:6260:0702/130618.809:VERBOSE1:components\segmentation_platform\internal\signals\signal_filter_processor.cc:61] Segmentation platform started observing Sync.DeviceCount2.Desktop
[23276:6260:0702/130618.809:VERBOSE1:components\segmentation_platform\internal\signals\signal_filter_processor.cc:61] Segmentation platform started observing Sync.DeviceCount2.Tablet
[23276:6260:0702/130618.809:VERBOSE1:components\segmentation_platform\internal\signals\signal_filter_processor.cc:54] Segmentation platform started observing MobileBookmarkManagerOpen
[23276:6260:0702/130618.809:VERBOSE1:components\segmentation_platform\internal\signals\signal_filter_processor.cc:54] Segmentation platform started observing NewTabPage.MostVisited.Clicked
[23276:6260:0702/130618.809:VERBOSE1:components\segmentation_platform\internal\signals\signal_filter_processor.cc:54] Segmentation platform started observing TabGroup.Created.OpenInNewTab
[23276:6260:0702/130618.809:VERBOSE1:components\segmentation_platform\internal\signals\signal_filter_processor.cc:54] Segmentation platform started observing Android.HistoryPage.OpenItem
[23276:6260:0702/130618.809:VERBOSE1:components\segmentation_platform\internal\signals\signal_filter_processor.cc:54] Segmentation platform started observing MobileMenuRecentTabs
[23276:6260:0702/130618.809:VERBOSE1:components\segmentation_platform\internal\signals\signal_filter_processor.cc:61] Segmentation platform started observing PasswordManager.ManagePasswordsReferrer
[23276:6260:0702/130618.809:VERBOSE1:components\segmentation_platform\internal\signals\signal_filter_processor.cc:61] Segmentation platform started observing PasswordManager.ProfileStore.TotalAccountsHiRes3.WithScheme.Https
[23276:6260:0702/130618.809:VERBOSE1:components\segmentation_platform\internal\signals\signal_filter_processor.cc:61] Segmentation platform started observing PasswordManager.FillingAssistance
[23276:6260:0702/130618.809:VERBOSE1:components\segmentation_platform\internal\signals\signal_filter_processor.cc:61] Segmentation platform started observing PasswordManager.SavedPasswordIsGenerated
[23276:6260:0702/130618.809:VERBOSE1:components\segmentation_platform\internal\signals\signal_filter_processor.cc:61] Segmentation platform started observing PasswordManager.SaveUIDismissalReason
[23276:6260:0702/130618.809:VERBOSE1:components\segmentation_platform\internal\signals\signal_filter_processor.cc:61] Segmentation platform started observing PasswordManager.SaveUIDismissalReason
[23276:6260:0702/130618.809:VERBOSE1:components\segmentation_platform\internal\signals\signal_filter_processor.cc:61] Segmentation platform started observing IOS.CredentialExtension.IsEnabled.Startup
[23276:6260:0702/130618.809:VERBOSE1:components\segmentation_platform\internal\signals\signal_filter_processor.cc:61] Segmentation platform started observing Session.TotalDuration
[23276:5836:0702/130619.669:VERBOSE1:content\browser\renderer_host\media\media_stream_manager.cc:1499] MSPL::OnSpeedLimitChange({this=0x778400124dd8}, {new_limit=24})
[23276:6260:0702/130620.433:VERBOSE1:chrome\updater\ipc\update_service_proxy_mojo.cc:427] OnDisconnected
[23276:6260:0702/130620.433:VERBOSE1:chrome\updater\ipc\update_service_proxy_mojo.cc:194] GetVersion
[23276:6260:0702/130620.433:VERBOSE1:chrome\updater\ipc\update_service_proxy_mojo.cc:439] EnsureConnecting
[23276:5836:0702/130620.679:VERBOSE1:content\browser\renderer_host\media\media_stream_manager.cc:1499] MSPL::OnSpeedLimitChange({this=0x778400124dd8}, {new_limit=26})
[24916:21724:0702/130621.242:VERBOSE1:net\base\network_delegate.cc:38] NetworkDelegate::NotifyBeforeURLRequest: https://android.clients.google.com/c2dm/register3
[23276:5836:0702/130622.701:VERBOSE1:content\browser\renderer_host\media\media_stream_manager.cc:1499] MSPL::OnSpeedLimitChange({this=0x778400124dd8}, {new_limit=25})
[23276:6260:0702/130623.692:VERBOSE1:chrome\browser\policy\cloud\fm_registration_token_uploader.cc:193] Client is missing for kUser scope
[23276:5836:0702/130623.706:VERBOSE1:content\browser\renderer_host\media\media_stream_manager.cc:1499] MSPL::OnSpeedLimitChange({this=0x778400124dd8}, {new_limit=23})
[23276:5836:0702/130624.709:VERBOSE1:content\browser\renderer_host\media\media_stream_manager.cc:1499] MSPL::OnSpeedLimitChange({this=0x778400124dd8}, {new_limit=21})
[23276:5836:0702/130626.720:VERBOSE1:content\browser\renderer_host\media\media_stream_manager.cc:1499] MSPL::OnSpeedLimitChange({this=0x778400124dd8}, {new_limit=22})
[23276:5836:0702/130628.737:VERBOSE1:content\browser\renderer_host\media\media_stream_manager.cc:1499] MSPL::OnSpeedLimitChange({this=0x778400124dd8}, {new_limit=23})
[23276:5836:0702/130629.739:VERBOSE1:content\browser\renderer_host\media\media_stream_manager.cc:1499] MSPL::OnSpeedLimitChange({this=0x778400124dd8}, {new_limit=22})
[23276:5836:0702/130630.746:VERBOSE1:content\browser\renderer_host\media\media_stream_manager.cc:1499] MSPL::OnSpeedLimitChange({this=0x778400124dd8}, {new_limit=21})
[23276:5836:0702/130631.747:VERBOSE1:content\browser\renderer_host\media\media_stream_manager.cc:1499] MSPL::OnSpeedLimitChange({this=0x778400124dd8}, {new_limit=20})
[23276:5836:0702/130632.756:VERBOSE1:content\browser\renderer_host\media\media_stream_manager.cc:1499] MSPL::OnSpeedLimitChange({this=0x778400124dd8}, {new_limit=21})
[23276:5836:0702/130633.758:VERBOSE1:content\browser\renderer_host\media\media_stream_manager.cc:1499] MSPL::OnSpeedLimitChange({this=0x778400124dd8}, {new_limit=22})
[23276:5836:0702/130634.770:VERBOSE1:content\browser\renderer_host\media\media_stream_manager.cc:1499] MSPL::OnSpeedLimitChange({this=0x778400124dd8}, {new_limit=24})
[23276:6260:0702/130635.434:VERBOSE1:chrome\updater\ipc\update_service_proxy_mojo.cc:427] OnDisconnected
[23276:6260:0702/130635.434:VERBOSE1:chrome\updater\ipc\update_service_proxy_mojo.cc:194] GetVersion
[23276:6260:0702/130635.434:VERBOSE1:chrome\updater\ipc\update_service_proxy_mojo.cc:439] EnsureConnecting
[23276:5836:0702/130635.770:VERBOSE1:content\browser\renderer_host\media\media_stream_manager.cc:1499] MSPL::OnSpeedLimitChange({this=0x778400124dd8}, {new_limit=22})
[23276:5836:0702/130636.782:VERBOSE1:content\browser\renderer_host\media\media_stream_manager.cc:1499] MSPL::OnSpeedLimitChange({this=0x778400124dd8}, {new_limit=21})
[23276:5836:0702/130642.825:VERBOSE1:content\browser\renderer_host\media\media_stream_manager.cc:1499] MSPL::OnSpeedLimitChange({this=0x778400124dd8}, {new_limit=22})
[23276:5836:0702/130645.848:VERBOSE1:content\browser\renderer_host\media\media_stream_manager.cc:1499] MSPL::OnSpeedLimitChange({this=0x778400124dd8}, {new_limit=23})
[23276:6260:0702/130646.509:VERBOSE1:components\signin\internal\identity_manager\mutable_profile_oauth2_token_service_delegate.cc:443] MutablePO2TS::RefreshTokenIsAvailable
[23276:6260:0702/130646.509:VERBOSE1:components\signin\internal\identity_manager\mutable_profile_oauth2_token_service_delegate.cc:443] MutablePO2TS::RefreshTokenIsAvailable
[24916:21724:0702/130646.715:VERBOSE1:net\base\network_delegate.cc:38] NetworkDelegate::NotifyBeforeURLRequest: https://update.googleapis.com/service/update2/json?cup2key=16:iLNrserrK0Cr3r7iiqOxV5AWwTXcfNJAsL_R34bMHqQ&cup2hreq=a95ccec0eec85bcfb2cc81efee1cdd3bf263164b824a3f4f53b90712be2fad35
[23276:5836:0702/130646.855:VERBOSE1:content\browser\renderer_host\media\media_stream_manager.cc:1499] MSPL::OnSpeedLimitChange({this=0x778400124dd8}, {new_limit=24})
[23276:6260:0702/130647.016:VERBOSE1:components\segmentation_platform\internal\execution\model_executor_impl.cc:189] Segmentation model input:  feature 0: 1 feature 1: 0 feature 2: 0 feature 3: 0 feature 4: 0 feature 5: 0 feature 6: 0 feature 7: 0 feature 8: 0 feature 9: 0 for segment OPTIMIZATION_TARGET_SEGMENTATION_DEVICE_SWITCHER
[23276:6260:0702/130647.016:VERBOSE1:components\segmentation_platform\internal\execution\model_executor_impl.cc:218] Segmentation model result:  output 0: 0 output 1: 0 output 2: 0 output 3: 0 output 4: 0 output 5: 0 output 6: 0 output 7: 1 for segment OPTIMIZATION_TARGET_SEGMENTATION_DEVICE_SWITCHER
[23276:6260:0702/130647.017:VERBOSE1:components\segmentation_platform\internal\execution\model_executor_impl.cc:276] Model: OPTIMIZATION_TARGET_SEGMENTATION_DEVICE_SWITCHER version: 1 execution status: 0, output size: 8
[23276:6260:0702/130647.017:VERBOSE1:components\segmentation_platform\internal\selection\segment_result_provider.cc:29] ComputeDiscreteMapping: segment=: result=0, rank=0
[23276:6260:0702/130647.017:VERBOSE1:components\segmentation_platform\internal\selection\segment_result_provider.cc:359] OnModelExecuted: Default model executed successfully. Result: PredictionResult: timestamp: 13427453207017552 result 0: 0 result 1: 0 result 2: 0 result 3: 0 result 4: 0 result 5: 0 result 6: 0 result 7: 1 for segment OPTIMIZATION_TARGET_SEGMENTATION_DEVICE_SWITCHER
[23276:6260:0702/130647.017:VERBOSE1:components\segmentation_platform\internal\selection\request_dispatcher.cc:147] Computed result for device_switcher: Status: Succeeded output 0: NotSynced
[23276:6260:0702/130647.172:VERBOSE1:components\update_client\request_sender.cc:188] Request completed from url: https://update.googleapis.com/service/update2/json?cup2key=16:iLNrserrK0Cr3r7iiqOxV5AWwTXcfNJAsL_R34bMHqQ&cup2hreq=a95ccec0eec85bcfb2cc81efee1cdd3bf263164b824a3f4f53b90712be2fad35
[23276:6260:0702/130647.175:VERBOSE1:components\component_updater\component_updater_service.cc:510] Update completed with error 0
[23276:5836:0702/130647.862:VERBOSE1:content\browser\renderer_host\media\media_stream_manager.cc:1499] MSPL::OnSpeedLimitChange({this=0x778400124dd8}, {new_limit=25})
[24916:21724:0702/130649.539:VERBOSE1:net\base\network_delegate.cc:38] NetworkDelegate::NotifyBeforeURLRequest: https://clientservices.googleapis.com/uma/v2
[24916:21724:0702/130649.540:VERBOSE1:net\third_party\quiche\src\quiche\quic\core\tls_handshaker.cc:109] TlsClient: Continuing handshake
[23276:5836:0702/130649.883:VERBOSE1:content\browser\renderer_host\media\media_stream_manager.cc:1499] MSPL::OnSpeedLimitChange({this=0x778400124dd8}, {new_limit=24})
[24916:21724:0702/130650.151:VERBOSE1:net\third_party\quiche\src\quiche\quic\core\tls_handshaker.cc:109] TlsClient: Continuing handshake
[24916:21724:0702/130650.152:VERBOSE1:net\third_party\quiche\src\quiche\quic\core\tls_handshaker.cc:109] TlsClient: Continuing handshake
[24916:21724:0702/130650.152:VERBOSE1:net\third_party\quiche\src\quiche\quic\core\tls_handshaker.cc:109] TlsClient: Continuing handshake
[24916:21724:0702/130650.152:VERBOSE1:net\third_party\quiche\src\quiche\quic\core\tls_handshaker.cc:109] TlsClient: Continuing handshake
[24916:21724:0702/130650.152:VERBOSE1:net\third_party\quiche\src\quiche\quic\core\tls_handshaker.cc:109] TlsClient: Continuing handshake
[24916:21724:0702/130650.215:VERBOSE1:net\third_party\quiche\src\quiche\quic\core\tls_handshaker.cc:109] TlsClient: Continuing handshake
[23276:6260:0702/130650.440:VERBOSE1:chrome\updater\ipc\update_service_proxy_mojo.cc:427] OnDisconnected
[23276:6260:0702/130650.440:VERBOSE1:chrome\browser\updater\browser_updater_client.cc:96] Detected updater version: invalid
[23276:6260:0702/130650.440:VERBOSE1:chrome\updater\ipc\update_service_proxy_mojo.cc:434] ~UpdateServiceProxyMojoImpl
[23276:5836:0702/130651.914:VERBOSE1:content\browser\renderer_host\media\media_stream_manager.cc:1499] MSPL::OnSpeedLimitChange({this=0x778400124dd8}, {new_limit=23})
[23276:5836:0702/130652.920:VERBOSE1:content\browser\renderer_host\media\media_stream_manager.cc:1499] MSPL::OnSpeedLimitChange({this=0x778400124dd8}, {new_limit=21})
[23276:5836:0702/130653.926:VERBOSE1:content\browser\renderer_host\media\media_stream_manager.cc:1499] MSPL::OnSpeedLimitChange({this=0x778400124dd8}, {new_limit=19})
[23276:5836:0702/130654.929:VERBOSE1:content\browser\renderer_host\media\media_stream_manager.cc:1499] MSPL::OnSpeedLimitChange({this=0x778400124dd8}, {new_limit=18})
[23276:5836:0702/130655.936:VERBOSE1:content\browser\renderer_host\media\media_stream_manager.cc:1499] MSPL::OnSpeedLimitChange({this=0x778400124dd8}, {new_limit=17})
[23276:5836:0702/130656.945:VERBOSE1:content\browser\renderer_host\media\media_stream_manager.cc:1499] MSPL::OnSpeedLimitChange({this=0x778400124dd8}, {new_limit=16})
[23276:5836:0702/130657.953:VERBOSE1:content\browser\renderer_host\media\media_stream_manager.cc:1499] MSPL::OnSpeedLimitChange({this=0x778400124dd8}, {new_limit=14})
[23276:5836:0702/130659.966:VERBOSE1:content\browser\renderer_host\media\media_stream_manager.cc:1499] MSPL::OnSpeedLimitChange({this=0x778400124dd8}, {new_limit=13})
[23276:5836:0702/130700.966:VERBOSE1:content\browser\renderer_host\media\media_stream_manager.cc:1499] MSPL::OnSpeedLimitChange({this=0x778400124dd8}, {new_limit=14})
[23276:5836:0702/130703.986:VERBOSE1:content\browser\renderer_host\media\media_stream_manager.cc:1499] MSPL::OnSpeedLimitChange({this=0x778400124dd8}, {new_limit=15})
[23276:5836:0702/130706.008:VERBOSE1:content\browser\renderer_host\media\media_stream_manager.cc:1499] MSPL::OnSpeedLimitChange({this=0x778400124dd8}, {new_limit=16})
[23276:5836:0702/130707.017:VERBOSE1:content\browser\renderer_host\media\media_stream_manager.cc:1499] MSPL::OnSpeedLimitChange({this=0x778400124dd8}, {new_limit=15})
[24916:21724:0702/130707.189:VERBOSE1:net\base\network_delegate.cc:38] NetworkDelegate::NotifyBeforeURLRequest: https://android.clients.google.com/c2dm/register3
[24916:21724:0702/130707.246:VERBOSE1:net\third_party\quiche\src\quiche\quic\core\tls_handshaker.cc:109] TlsClient: Continuing handshake
[24916:21724:0702/130707.249:VERBOSE1:net\third_party\quiche\src\quiche\quic\core\tls_handshaker.cc:130] TlsClient: SSL_do_handshake returned when entering early data. After retry, rv=-1, SSL_in_early_data=1
[24916:21724:0702/130707.437:VERBOSE1:net\third_party\quiche\src\quiche\quic\core\tls_handshaker.cc:109] TlsClient: Continuing handshake
[24916:21724:0702/130707.437:VERBOSE1:net\third_party\quiche\src\quiche\quic\core\tls_handshaker.cc:109] TlsClient: Continuing handshake
[23276:5836:0702/130707.675:ERROR:google_apis\gcm\engine\registration_request.cc:291] Registration response error message: DEPRECATED_ENDPOINT
[23276:5836:0702/130707.675:VERBOSE1:google_apis\gcm\engine\registration_request.cc:256] Delaying GCM registration of app: com.google.android.gms, for 110537 milliseconds.
[23276:5836:0702/130710.046:VERBOSE1:content\browser\renderer_host\media\media_stream_manager.cc:1499] MSPL::OnSpeedLimitChange({this=0x778400124dd8}, {new_limit=14})
[23276:5836:0702/130711.048:VERBOSE1:content\browser\renderer_host\media\media_stream_manager.cc:1499] MSPL::OnSpeedLimitChange({this=0x778400124dd8}, {new_limit=13})
[23276:6260:0702/130711.597:WARNING:chrome\browser\performance_manager\policies\page_discarding_helper.cc:153] Discarding multiple pages with target (kb): 0, discard_protected_tabs: 0
[23276:5836:0702/130714.067:VERBOSE1:content\browser\renderer_host\media\media_stream_manager.cc:1499] MSPL::OnSpeedLimitChange({this=0x778400124dd8}, {new_limit=12})
[23276:5836:0702/130715.076:VERBOSE1:content\browser\renderer_host\media\media_stream_manager.cc:1499] MSPL::OnSpeedLimitChange({this=0x778400124dd8}, {new_limit=11})
[23276:5836:0702/130716.086:VERBOSE1:content\browser\renderer_host\media\media_stream_manager.cc:1499] MSPL::OnSpeedLimitChange({this=0x778400124dd8}, {new_limit=10})
[23276:6260:0702/130729.504:VERBOSE1:chrome\browser\enterprise\data_protection\data_protection_navigation_observer.cc:227] enterprise.data_protection: same document navigation: 0
[23276:6260:0702/130729.504:VERBOSE1:chrome\browser\enterprise\data_protection\data_protection_navigation_observer.cc:229] enterprise.data_protection: URL to scan: http://127.0.0.1:5173/portal
[23276:6260:0702/130729.505:VERBOSE1:components\signin\internal\identity_manager\mutable_profile_oauth2_token_service_delegate.cc:443] MutablePO2TS::RefreshTokenIsAvailable
[24916:21724:0702/130729.506:VERBOSE1:net\base\network_delegate.cc:38] NetworkDelegate::NotifyBeforeURLRequest: http://127.0.0.1:5173/portal
[22940:23272:0702/130729.528:VERBOSE1:extensions\renderer\dispatcher.cc:688] Num tracked contexts: 0
[23276:6260:0702/130729.533:VERBOSE1:content\browser\back_forward_cache\back_forward_cache_impl.cc:853] BackForwardCacheImpl::GetCurrentBackForwardCacheEligibility: about:blank : No: HTTP status is not OK, scheme is not HTTP or HTTPS, Browsing instance is not swapped
[23276:6260:0702/130729.533:VERBOSE1:content\browser\back_forward_cache\back_forward_cache_impl.cc:853] BackForwardCacheImpl::GetCompleteBackForwardCacheEligibilityForReporting: about:blank : No: HTTP status is not OK, scheme is not HTTP or HTTPS, Browsing instance is not swapped
[22940:23272:0702/130729.537:VERBOSE1:extensions\renderer\script_context.cc:150] Created context:
  extension id:           (none)
  frame:                  0x138c021285f8
  URL:                    
  context_type:           WEB_PAGE
  effective extension id: (none)
  effective context type: WEB_PAGE
[22940:23272:0702/130729.537:VERBOSE1:extensions\renderer\script_context.cc:150] Created context:
  extension id:           (none)
  frame:                  (nil)
  URL:                    
  context_type:           UNSPECIFIED
  effective extension id: (none)
  effective context type: UNSPECIFIED
[24916:21724:0702/130729.537:VERBOSE1:net\base\network_delegate.cc:38] NetworkDelegate::NotifyBeforeURLRequest: http://127.0.0.1:5173/@vite/client
[22940:23272:0702/130729.537:VERBOSE1:extensions\renderer\dispatcher.cc:493] Num tracked contexts: 1
[22940:23272:0702/130729.538:VERBOSE1:extensions\renderer\script_context.cc:163] Destroyed context for extension
  extension id: 
  effective extension id: 
[22940:23272:0702/130729.538:VERBOSE1:extensions\renderer\script_context.cc:163] Destroyed context for extension
  extension id: 
  effective extension id: 
[24916:21724:0702/130729.538:VERBOSE1:net\base\network_delegate.cc:38] NetworkDelegate::NotifyBeforeURLRequest: https://fonts.googleapis.com/css2?family=Open+Sans:wght@400;500;600;700;800&family=Roboto:wght@400;500;600&display=swap
[22940:23272:0702/130729.540:VERBOSE1:third_party\blink\renderer\core\script\modulator_impl_base.cc:141] "Import Map: \"http://127.0.0.1:5173/@react-refresh\" matches with no entries and thus is not mapped."
[24916:21724:0702/130729.540:VERBOSE1:net\base\network_delegate.cc:38] NetworkDelegate::NotifyBeforeURLRequest: http://127.0.0.1:5173/src/main.jsx?t=1782979245000
[23276:6260:0702/130729.540:VERBOSE1:chrome\browser\ui\views\omnibox\omnibox_popup_closer.cc:65] Closing omnibox popup with reason: kRevertAll
[24916:21724:0702/130729.545:VERBOSE1:net\base\network_delegate.cc:38] NetworkDelegate::NotifyBeforeURLRequest: http://127.0.0.1:5173/@react-refresh
[23276:6260:0702/130729.545:VERBOSE1:components\signin\internal\identity_manager\mutable_profile_oauth2_token_service_delegate.cc:443] MutablePO2TS::RefreshTokenIsAvailable
[24916:21724:0702/130729.553:VERBOSE1:net\base\network_delegate.cc:38] NetworkDelegate::NotifyBeforeURLRequest: http://127.0.0.1:5173/manifest.webmanifest
[24916:21724:0702/130729.564:VERBOSE1:net\third_party\quiche\src\quiche\quic\core\tls_handshaker.cc:109] TlsClient: Continuing handshake
[22940:23272:0702/130729.569:VERBOSE1:third_party\blink\renderer\core\script\modulator_impl_base.cc:141] "Import Map: \"http://127.0.0.1:5173/node_modules/.vite/deps/react.js?v=d132295d\" matches with no entries and thus is not mapped."
[22940:23272:0702/130729.569:VERBOSE1:third_party\blink\renderer\core\script\modulator_impl_base.cc:141] "Import Map: \"http://127.0.0.1:5173/node_modules/.vite/deps/react-dom_client.js?v=d132295d\" matches with no entries and thus is not mapped."
[22940:23272:0702/130729.569:VERBOSE1:third_party\blink\renderer\core\script\modulator_impl_base.cc:141] "Import Map: \"http://127.0.0.1:5173/src/index.css\" matches with no entries and thus is not mapped."
[22940:23272:0702/130729.569:VERBOSE1:third_party\blink\renderer\core\script\modulator_impl_base.cc:141] "Import Map: \"http://127.0.0.1:5173/src/App.jsx?t=1782979245000\" matches with no entries and thus is not mapped."
[22940:23272:0702/130729.569:VERBOSE1:third_party\blink\renderer\core\script\modulator_impl_base.cc:141] "Import Map: \"http://127.0.0.1:5173/src/pages/MobileApp.css\" matches with no entries and thus is not mapped."
[22940:23272:0702/130729.569:VERBOSE1:third_party\blink\renderer\core\script\modulator_impl_base.cc:141] "Import Map: \"http://127.0.0.1:5173/src/pages/Orders.mobile.css\" matches with no entries and thus is not mapped."
[22940:23272:0702/130729.569:VERBOSE1:third_party\blink\renderer\core\script\modulator_impl_base.cc:141] "Import Map: \"http://127.0.0.1:5173/src/pages/Customers.mobile.css\" matches with no entries and thus is not mapped."
[22940:23272:0702/130729.569:VERBOSE1:third_party\blink\renderer\core\script\modulator_impl_base.cc:141] "Import Map: \"http://127.0.0.1:5173/src/pages/Shipping.mobile.css\" matches with no entries and thus is not mapped."
[22940:23272:0702/130729.569:VERBOSE1:third_party\blink\renderer\core\script\modulator_impl_base.cc:141] "Import Map: \"http://127.0.0.1:5173/src/pages/Products.mobile.css\" matches with no entries and thus is not mapped."
[22940:23272:0702/130729.569:VERBOSE1:third_party\blink\renderer\core\script\modulator_impl_base.cc:141] "Import Map: \"http://127.0.0.1:5173/src/pages/Suppliers.mobile.css\" matches with no entries and thus is not mapped."
[22940:23272:0702/130729.569:VERBOSE1:third_party\blink\renderer\core\script\modulator_impl_base.cc:141] "Import Map: \"http://127.0.0.1:5173/node_modules/.vite/deps/react_jsx-dev-runtime.js?v=d132295d\" matches with no entries and thus is not mapped."
[24916:21724:0702/130729.577:VERBOSE1:net\base\network_delegate.cc:38] NetworkDelegate::NotifyBeforeURLRequest: http://127.0.0.1:5173/node_modules/.vite/deps/react.js?v=d132295d
[24916:21724:0702/130729.577:VERBOSE1:net\base\network_delegate.cc:38] NetworkDelegate::NotifyBeforeURLRequest: http://127.0.0.1:5173/node_modules/.vite/deps/react-dom_client.js?v=d132295d
[24916:21724:0702/130729.577:VERBOSE1:net\base\network_delegate.cc:38] NetworkDelegate::NotifyBeforeURLRequest: http://127.0.0.1:5173/src/index.css
[24916:21724:0702/130729.577:VERBOSE1:net\base\network_delegate.cc:38] NetworkDelegate::NotifyBeforeURLRequest: http://127.0.0.1:5173/src/App.jsx?t=1782979245000
[24916:21724:0702/130729.584:VERBOSE1:net\base\network_delegate.cc:38] NetworkDelegate::NotifyBeforeURLRequest: http://127.0.0.1:5173/src/pages/MobileApp.css
[24916:21724:0702/130729.584:VERBOSE1:net\base\network_delegate.cc:38] NetworkDelegate::NotifyBeforeURLRequest: http://127.0.0.1:5173/src/pages/Orders.mobile.css
[24916:21724:0702/130729.584:VERBOSE1:net\base\network_delegate.cc:38] NetworkDelegate::NotifyBeforeURLRequest: http://127.0.0.1:5173/src/pages/Customers.mobile.css
[24916:21724:0702/130729.584:VERBOSE1:net\base\network_delegate.cc:38] NetworkDelegate::NotifyBeforeURLRequest: http://127.0.0.1:5173/src/pages/Shipping.mobile.css
[22940:23272:0702/130729.584:VERBOSE1:third_party\blink\renderer\core\script\modulator_impl_base.cc:141] "Import Map: \"http://127.0.0.1:5173/node_modules/vite/dist/client/env.mjs\" matches with no entries and thus is not mapped."
[24916:21724:0702/130729.586:VERBOSE1:net\base\network_delegate.cc:38] NetworkDelegate::NotifyBeforeURLRequest: http://127.0.0.1:5173/src/pages/Products.mobile.css
[24916:21724:0702/130729.588:VERBOSE1:net\base\network_delegate.cc:38] NetworkDelegate::NotifyBeforeURLRequest: http://127.0.0.1:5173/src/pages/Suppliers.mobile.css
[24916:21724:0702/130729.589:VERBOSE1:net\base\network_delegate.cc:38] NetworkDelegate::NotifyBeforeURLRequest: http://127.0.0.1:5173/node_modules/.vite/deps/react_jsx-dev-runtime.js?v=d132295d
[24916:21724:0702/130729.589:VERBOSE1:net\base\network_delegate.cc:38] NetworkDelegate::NotifyBeforeURLRequest: http://127.0.0.1:5173/node_modules/vite/dist/client/env.mjs
[22940:23272:0702/130729.595:VERBOSE1:third_party\blink\renderer\core\script\modulator_impl_base.cc:141] "Import Map: \"http://127.0.0.1:5173/@vite/client\" matches with no entries and thus is not mapped."
[22940:23272:0702/130729.598:VERBOSE1:third_party\blink\renderer\core\script\modulator_impl_base.cc:141] "Import Map: \"http://127.0.0.1:5173/node_modules/.vite/deps/chunk-EAsCxrDo.js?v=d132295d\" matches with no entries and thus is not mapped."
[24916:21724:0702/130729.600:VERBOSE1:net\base\network_delegate.cc:38] NetworkDelegate::NotifyBeforeURLRequest: http://127.0.0.1:5173/node_modules/.vite/deps/chunk-EAsCxrDo.js?v=d132295d
[22940:23272:0702/130729.613:VERBOSE1:third_party\blink\renderer\core\script\modulator_impl_base.cc:141] "Import Map: \"http://127.0.0.1:5173/@vite/client\" matches with no entries and thus is not mapped."
[22940:23272:0702/130729.618:VERBOSE1:third_party\blink\renderer\core\script\modulator_impl_base.cc:141] "Import Map: \"http://127.0.0.1:5173/@vite/client\" matches with no entries and thus is not mapped."
[22940:23272:0702/130729.618:VERBOSE1:third_party\blink\renderer\core\script\modulator_impl_base.cc:141] "Import Map: \"http://127.0.0.1:5173/node_modules/.vite/deps/react.js?v=d132295d\" matches with no entries and thus is not mapped."
[22940:23272:0702/130729.618:VERBOSE1:third_party\blink\renderer\core\script\modulator_impl_base.cc:141] "Import Map: \"http://127.0.0.1:5173/src/App.css\" matches with no entries and thus is not mapped."
[22940:23272:0702/130729.618:VERBOSE1:third_party\blink\renderer\core\script\modulator_impl_base.cc:141] "Import Map: \"http://127.0.0.1:5173/src/api/api.js\" matches with no entries and thus is not mapped."
[22940:23272:0702/130729.618:VERBOSE1:third_party\blink\renderer\core\script\modulator_impl_base.cc:141] "Import Map: \"http://127.0.0.1:5173/src/components/sidebar.jsx?t=1782976963120\" matches with no entries and thus is not mapped."
[22940:23272:0702/130729.618:VERBOSE1:third_party\blink\renderer\core\script\modulator_impl_base.cc:141] "Import Map: \"http://127.0.0.1:5173/src/pages/Dashboard.jsx?t=1782979245000\" matches with no entries and thus is not mapped."
[22940:23272:0702/130729.618:VERBOSE1:third_party\blink\renderer\core\script\modulator_impl_base.cc:141] "Import Map: \"http://127.0.0.1:5173/src/pages/Products.jsx?t=1782916028006\" matches with no entries and thus is not mapped."
[22940:23272:0702/130729.618:VERBOSE1:third_party\blink\renderer\core\script\modulator_impl_base.cc:141] "Import Map: \"http://127.0.0.1:5173/src/pages/Inventory.jsx\" matches with no entries and thus is not mapped."
[22940:23272:0702/130729.618:VERBOSE1:third_party\blink\renderer\core\script\modulator_impl_base.cc:141] "Import Map: \"http://127.0.0.1:5173/src/pages/Inspiration.jsx\" matches with no entries and thus is not mapped."
[22940:23272:0702/130729.618:VERBOSE1:third_party\blink\renderer\core\script\modulator_impl_base.cc:141] "Import Map: \"http://127.0.0.1:5173/src/pages/AIStudio.jsx\" matches with no entries and thus is not mapped."
[22940:23272:0702/130729.618:VERBOSE1:third_party\blink\renderer\core\script\modulator_impl_base.cc:141] "Import Map: \"http://127.0.0.1:5173/src/pages/Customers.jsx?t=1782957716307\" matches with no entries and thus is not mapped."
[22940:23272:0702/130729.618:VERBOSE1:third_party\blink\renderer\core\script\modulator_impl_base.cc:141] "Import Map: \"http://127.0.0.1:5173/src/pages/Suppliers.jsx?t=1782954564569\" matches with no entries and thus is not mapped."
[22940:23272:0702/130729.618:VERBOSE1:third_party\blink\renderer\core\script\modulator_impl_base.cc:141] "Import Map: \"http://127.0.0.1:5173/src/pages/SupplierLedger.jsx?t=1782919063203\" matches with no entries and thus is not mapped."
[22940:23272:0702/130729.618:VERBOSE1:third_party\blink\renderer\core\script\modulator_impl_base.cc:141] "Import Map: \"http://127.0.0.1:5173/src/pages/Orders.jsx?t=1782958484941\" matches with no entries and thus is not mapped."
[22940:23272:0702/130729.618:VERBOSE1:third_party\blink\renderer\core\script\modulator_impl_base.cc:141] "Import Map: \"http://127.0.0.1:5173/src/pages/Manufacturing.jsx\" matches with no entries and thus is not mapped."
[22940:23272:0702/130729.618:VERBOSE1:third_party\blink\renderer\core\script\modulator_impl_base.cc:141] "Import Map: \"http://127.0.0.1:5173/src/pages/Workers.jsx\" matches with no entries and thus is not mapped."
[22940:23272:0702/130729.618:VERBOSE1:third_party\blink\renderer\core\script\modulator_impl_base.cc:141] "Import Map: \"http://127.0.0.1:5173/src/pages/Shipping.jsx\" matches with no entries and thus is not mapped."
[22940:23272:0702/130729.618:VERBOSE1:third_party\blink\renderer\core\script\modulator_impl_base.cc:141] "Import Map: \"http://127.0.0.1:5173/src/pages/ShippingBalance.jsx\" matches with no entries and thus is not mapped."
[22940:23272:0702/130729.618:VERBOSE1:third_party\blink\renderer\core\script\modulator_impl_base.cc:141] "Import Map: \"http://127.0.0.1:5173/src/pages/FollowUps.jsx\" matches with no entries and thus is not mapped."
[22940:23272:0702/130729.618:VERBOSE1:third_party\blink\renderer\core\script\modulator_impl_base.cc:141] "Import Map: \"http://127.0.0.1:5173/src/pages/Payouts.jsx\" matches with no entries and thus is not mapped."
[22940:23272:0702/130729.618:VERBOSE1:third_party\blink\renderer\core\script\modulator_impl_base.cc:141] "Import Map: \"http://127.0.0.1:5173/src/pages/Payments.jsx\" matches with no entries and thus is not mapped."
[22940:23272:0702/130729.618:VERBOSE1:third_party\blink\renderer\core\script\modulator_impl_base.cc:141] "Import Map: \"http://127.0.0.1:5173/src/pages/Accounting.jsx\" matches with no entries and thus is not mapped."
[22940:23272:0702/130729.618:VERBOSE1:third_party\blink\renderer\core\script\modulator_impl_base.cc:141] "Import Map: \"http://127.0.0.1:5173/src/pages/Production.jsx?t=1782977025717\" matches with no entries and thus is not mapped."
[22940:23272:0702/130729.618:VERBOSE1:third_party\blink\renderer\core\script\modulator_impl_base.cc:141] "Import Map: \"http://127.0.0.1:5173/src/pages/MyTasks.jsx?t=1782977340712\" matches with no entries and thus is not mapped."
[22940:23272:0702/130729.622:VERBOSE1:third_party\blink\renderer\core\script\modulator_impl_base.cc:141] "Import Map: \"http://127.0.0.1:5173/src/pages/Reports.jsx\" matches with no entries and thus is not mapped."
[22940:23272:0702/130729.622:VERBOSE1:third_party\blink\renderer\core\script\modulator_impl_base.cc:141] "Import Map: \"http://127.0.0.1:5173/src/pages/Settings.jsx\" matches with no entries and thus is not mapped."
[22940:23272:0702/130729.622:VERBOSE1:third_party\blink\renderer\core\script\modulator_impl_base.cc:141] "Import Map: \"http://127.0.0.1:5173/src/pages/Users.jsx\" matches with no entries and thus is not mapped."
[22940:23272:0702/130729.622:VERBOSE1:third_party\blink\renderer\core\script\modulator_impl_base.cc:141] "Import Map: \"http://127.0.0.1:5173/src/pages/Quotes.jsx\" matches with no entries and thus is not mapped."
[22940:23272:0702/130729.622:VERBOSE1:third_party\blink\renderer\core\script\modulator_impl_base.cc:141] "Import Map: \"http://127.0.0.1:5173/src/pages/TempData.jsx\" matches with no entries and thus is not mapped."
[22940:23272:0702/130729.622:VERBOSE1:third_party\blink\renderer\core\script\modulator_impl_base.cc:141] "Import Map: \"http://127.0.0.1:5173/src/pages/Messages.jsx\" matches with no entries and thus is not mapped."
[22940:23272:0702/130729.622:VERBOSE1:third_party\blink\renderer\core\script\modulator_impl_base.cc:141] "Import Map: \"http://127.0.0.1:5173/src/pages/Login.jsx\" matches with no entries and thus is not mapped."
[22940:23272:0702/130729.622:VERBOSE1:third_party\blink\renderer\core\script\modulator_impl_base.cc:141] "Import Map: \"http://127.0.0.1:5173/src/pages/OperationsSizing.css\" matches with no entries and thus is not mapped."
[22940:23272:0702/130729.622:VERBOSE1:third_party\blink\renderer\core\script\modulator_impl_base.cc:141] "Import Map: \"http://127.0.0.1:5173/src/pages/DashboardDesktop.css\" matches with no entries and thus is not mapped."
[22940:23272:0702/130729.622:VERBOSE1:third_party\blink\renderer\core\script\modulator_impl_base.cc:141] "Import Map: \"http://127.0.0.1:5173/node_modules/.vite/deps/react_jsx-dev-runtime.js?v=d132295d\" matches with no entries and thus is not mapped."
[22940:23272:0702/130729.622:VERBOSE1:third_party\blink\renderer\core\script\modulator_impl_base.cc:141] "Import Map: \"http://127.0.0.1:5173/@react-refresh\" matches with no entries and thus is not mapped."
[22940:23272:0702/130729.622:VERBOSE1:third_party\blink\renderer\core\script\modulator_impl_base.cc:141] "Import Map: \"http://127.0.0.1:5173/src/App.jsx?t=1782979245000\" matches with no entries and thus is not mapped."
[24916:21724:0702/130729.622:VERBOSE1:net\base\network_delegate.cc:38] NetworkDelegate::NotifyBeforeURLRequest: http://127.0.0.1:5173/src/App.css
[24916:21724:0702/130729.622:VERBOSE1:net\base\network_delegate.cc:38] NetworkDelegate::NotifyBeforeURLRequest: http://127.0.0.1:5173/src/api/api.js
[24916:21724:0702/130729.622:VERBOSE1:net\base\network_delegate.cc:38] NetworkDelegate::NotifyBeforeURLRequest: http://127.0.0.1:5173/src/components/sidebar.jsx?t=1782976963120
[24916:21724:0702/130729.622:VERBOSE1:net\base\network_delegate.cc:38] NetworkDelegate::NotifyBeforeURLRequest: http://127.0.0.1:5173/src/pages/Dashboard.jsx?t=1782979245000
[24916:21724:0702/130729.622:VERBOSE1:net\base\network_delegate.cc:38] NetworkDelegate::NotifyBeforeURLRequest: http://127.0.0.1:5173/src/pages/Products.jsx?t=1782916028006
[24916:21724:0702/130729.622:VERBOSE1:net\base\network_delegate.cc:38] NetworkDelegate::NotifyBeforeURLRequest: http://127.0.0.1:5173/src/pages/Inventory.jsx
[24916:21724:0702/130729.622:VERBOSE1:net\base\network_delegate.cc:38] NetworkDelegate::NotifyBeforeURLRequest: http://127.0.0.1:5173/src/pages/Inspiration.jsx
[24916:21724:0702/130729.627:VERBOSE1:net\base\network_delegate.cc:38] NetworkDelegate::NotifyBeforeURLRequest: http://127.0.0.1:5173/src/pages/AIStudio.jsx
[24916:21724:0702/130729.627:VERBOSE1:net\base\network_delegate.cc:38] NetworkDelegate::NotifyBeforeURLRequest: http://127.0.0.1:5173/src/pages/Customers.jsx?t=1782957716307
[22940:23272:0702/130729.628:VERBOSE1:third_party\blink\renderer\core\script\modulator_impl_base.cc:141] "Import Map: \"http://127.0.0.1:5173/@vite/client\" matches with no entries and thus is not mapped."
[24916:21724:0702/130729.628:VERBOSE1:net\base\network_delegate.cc:38] NetworkDelegate::NotifyBeforeURLRequest: http://127.0.0.1:5173/src/pages/Suppliers.jsx?t=1782954564569
[24916:21724:0702/130729.635:VERBOSE1:net\base\network_delegate.cc:38] NetworkDelegate::NotifyBeforeURLRequest: http://127.0.0.1:5173/src/pages/SupplierLedger.jsx?t=1782919063203
[24916:21724:0702/130729.635:VERBOSE1:net\base\network_delegate.cc:38] NetworkDelegate::NotifyBeforeURLRequest: http://127.0.0.1:5173/src/pages/Orders.jsx?t=1782958484941
[24916:21724:0702/130729.635:VERBOSE1:net\base\network_delegate.cc:38] NetworkDelegate::NotifyBeforeURLRequest: http://127.0.0.1:5173/src/pages/Manufacturing.jsx
[24916:21724:0702/130729.635:VERBOSE1:net\base\network_delegate.cc:38] NetworkDelegate::NotifyBeforeURLRequest: http://127.0.0.1:5173/src/pages/Workers.jsx
[24916:21724:0702/130729.635:VERBOSE1:net\base\network_delegate.cc:38] NetworkDelegate::NotifyBeforeURLRequest: http://127.0.0.1:5173/src/pages/Shipping.jsx
[22940:23272:0702/130729.635:VERBOSE1:third_party\blink\renderer\core\script\modulator_impl_base.cc:141] "Import Map: \"http://127.0.0.1:5173/@vite/client\" matches with no entries and thus is not mapped."
[24916:21724:0702/130729.642:VERBOSE1:net\base\network_delegate.cc:38] NetworkDelegate::NotifyBeforeURLRequest: http://127.0.0.1:5173/src/pages/ShippingBalance.jsx
[24916:21724:0702/130729.643:VERBOSE1:net\base\network_delegate.cc:38] NetworkDelegate::NotifyBeforeURLRequest: http://127.0.0.1:5173/src/pages/FollowUps.jsx
[24916:21724:0702/130729.643:VERBOSE1:net\base\network_delegate.cc:38] NetworkDelegate::NotifyBeforeURLRequest: http://127.0.0.1:5173/src/pages/Payouts.jsx
[24916:21724:0702/130729.643:VERBOSE1:net\base\network_delegate.cc:38] NetworkDelegate::NotifyBeforeURLRequest: http://127.0.0.1:5173/src/pages/Payments.jsx
[24916:21724:0702/130729.643:VERBOSE1:net\base\network_delegate.cc:38] NetworkDelegate::NotifyBeforeURLRequest: http://127.0.0.1:5173/src/pages/Accounting.jsx
[24916:21724:0702/130729.643:VERBOSE1:net\base\network_delegate.cc:38] NetworkDelegate::NotifyBeforeURLRequest: http://127.0.0.1:5173/src/pages/Production.jsx?t=1782977025717
[24916:21724:0702/130729.643:VERBOSE1:net\third_party\quiche\src\quiche\quic\core\tls_handshaker.cc:109] TlsClient: Continuing handshake
[24916:21724:0702/130729.643:VERBOSE1:net\third_party\quiche\src\quiche\quic\core\tls_handshaker.cc:109] TlsClient: Continuing handshake
[24916:21724:0702/130729.643:VERBOSE1:net\base\network_delegate.cc:38] NetworkDelegate::NotifyBeforeURLRequest: http://127.0.0.1:5173/src/pages/MyTasks.jsx?t=1782977340712
[24916:21724:0702/130729.651:VERBOSE1:net\base\network_delegate.cc:38] NetworkDelegate::NotifyBeforeURLRequest: http://127.0.0.1:5173/src/pages/Reports.jsx
[24916:21724:0702/130729.651:VERBOSE1:net\base\network_delegate.cc:38] NetworkDelegate::NotifyBeforeURLRequest: http://127.0.0.1:5173/src/pages/Settings.jsx
[24916:21724:0702/130729.651:VERBOSE1:net\base\network_delegate.cc:38] NetworkDelegate::NotifyBeforeURLRequest: http://127.0.0.1:5173/src/pages/Users.jsx
[24916:21724:0702/130729.651:VERBOSE1:net\base\network_delegate.cc:38] NetworkDelegate::NotifyBeforeURLRequest: http://127.0.0.1:5173/src/pages/Quotes.jsx
[24916:21724:0702/130729.651:VERBOSE1:net\base\network_delegate.cc:38] NetworkDelegate::NotifyBeforeURLRequest: http://127.0.0.1:5173/src/pages/TempData.jsx
[24916:21724:0702/130729.651:VERBOSE1:net\base\network_delegate.cc:38] NetworkDelegate::NotifyBeforeURLRequest: http://127.0.0.1:5173/src/pages/Messages.jsx
[24916:21724:0702/130729.659:VERBOSE1:net\base\network_delegate.cc:38] NetworkDelegate::NotifyBeforeURLRequest: http://127.0.0.1:5173/src/pages/Login.jsx
[24916:21724:0702/130729.659:VERBOSE1:net\base\network_delegate.cc:38] NetworkDelegate::NotifyBeforeURLRequest: http://127.0.0.1:5173/src/pages/OperationsSizing.css
[24916:21724:0702/130729.659:VERBOSE1:net\base\network_delegate.cc:38] NetworkDelegate::NotifyBeforeURLRequest: http://127.0.0.1:5173/src/pages/DashboardDesktop.css
[23276:6260:0702/130729.660:VERBOSE1:chrome\browser\web_applications\locks\partitioned_lock_manager.cc:243] All locks acquired for TriggerManifestUpdateProcess@chrome\browser\web_applications\manifest_update_manager.cc:148
[23276:6260:0702/130729.660:VERBOSE1:chrome\browser\web_applications\locks\partitioned_lock_manager.cc:262] Acquiring <PartitionedLockId>{id: 0x31, partition: 0} for OnManifestFetchedAcquireAppLock@chrome\browser\web_applications\commands\manifest_silent_update_command.cc:214
[23276:6260:0702/130729.660:VERBOSE1:chrome\browser\web_applications\locks\partitioned_lock_manager.cc:262] Acquiring <PartitionedLockId>{id: 0x6d66616c64676c616b6a676661636f6d696763616e6f6f6a6f646a616f696e6c, partition: 1} for OnManifestFetchedAcquireAppLock@chrome\browser\web_applications\commands\manifest_silent_update_command.cc:214
[23276:6260:0702/130729.660:VERBOSE1:chrome\browser\web_applications\locks\partitioned_lock_manager.cc:243] All locks acquired for OnManifestFetchedAcquireAppLock@chrome\browser\web_applications\commands\manifest_silent_update_command.cc:214
[23276:6260:0702/130729.660:VERBOSE1:chrome\browser\web_applications\locks\partitioned_lock_manager.cc:286] Releasing <PartitionedLockId>{id: 0x6d66616c64676c616b6a676661636f6d696763616e6f6f6a6f646a616f696e6c, partition: 1} requested by OnManifestFetchedAcquireAppLock@chrome\browser\web_applications\commands\manifest_silent_update_command.cc:214
[23276:6260:0702/130729.660:VERBOSE1:chrome\browser\web_applications\locks\partitioned_lock_manager.cc:286] Releasing <PartitionedLockId>{id: 0x31, partition: 0} requested by OnManifestFetchedAcquireAppLock@chrome\browser\web_applications\commands\manifest_silent_update_command.cc:214
[22940:23272:0702/130729.660:VERBOSE1:third_party\blink\renderer\core\script\modulator_impl_base.cc:141] "Import Map: \"http://127.0.0.1:5173/@vite/client\" matches with no entries and thus is not mapped."
[22940:23272:0702/130729.660:VERBOSE1:third_party\blink\renderer\core\script\modulator_impl_base.cc:141] "Import Map: \"http://127.0.0.1:5173/@vite/client\" matches with no entries and thus is not mapped."
[22940:23272:0702/130729.660:VERBOSE1:third_party\blink\renderer\core\script\modulator_impl_base.cc:141] "Import Map: \"http://127.0.0.1:5173/@vite/client\" matches with no entries and thus is not mapped."
[22940:23272:0702/130729.660:VERBOSE1:third_party\blink\renderer\core\script\modulator_impl_base.cc:141] "Import Map: \"http://127.0.0.1:5173/@vite/client\" matches with no entries and thus is not mapped."
[22940:23272:0702/130729.660:VERBOSE1:third_party\blink\renderer\core\script\modulator_impl_base.cc:141] "Import Map: \"http://127.0.0.1:5173/node_modules/.vite/deps/chunk-EAsCxrDo.js?v=d132295d\" matches with no entries and thus is not mapped."
[22940:23272:0702/130729.660:VERBOSE1:third_party\blink\renderer\core\script\modulator_impl_base.cc:141] "Import Map: \"http://127.0.0.1:5173/node_modules/.vite/deps/react.js?v=d132295d\" matches with no entries and thus is not mapped."
[22940:23272:0702/130729.660:VERBOSE1:third_party\blink\renderer\core\script\modulator_impl_base.cc:141] "Import Map: \"http://127.0.0.1:5173/@vite/client\" matches with no entries and thus is not mapped."
[22940:23272:0702/130729.660:VERBOSE1:third_party\blink\renderer\core\script\modulator_impl_base.cc:141] "Import Map: \"http://127.0.0.1:5173/node_modules/.vite/deps/axios.js?v=d132295d\" matches with no entries and thus is not mapped."
[22940:23272:0702/130729.672:VERBOSE1:third_party\blink\renderer\core\script\modulator_impl_base.cc:141] "Import Map: \"http://127.0.0.1:5173/@vite/client\" matches with no entries and thus is not mapped."
[22940:23272:0702/130729.672:VERBOSE1:third_party\blink\renderer\core\script\modulator_impl_base.cc:141] "Import Map: \"http://127.0.0.1:5173/node_modules/.vite/deps/react.js?v=d132295d\" matches with no entries and thus is not mapped."
[22940:23272:0702/130729.672:VERBOSE1:third_party\blink\renderer\core\script\modulator_impl_base.cc:141] "Import Map: \"http://127.0.0.1:5173/src/components/sidebar.css?t=1782976963120\" matches with no entries and thus is not mapped."
[22940:23272:0702/130729.672:VERBOSE1:third_party\blink\renderer\core\script\modulator_impl_base.cc:141] "Import Map: \"http://127.0.0.1:5173/node_modules/.vite/deps/react_jsx-dev-runtime.js?v=d132295d\" matches with no entries and thus is not mapped."
[24916:21724:0702/130729.672:VERBOSE1:net\base\network_delegate.cc:38] NetworkDelegate::NotifyBeforeURLRequest: http://127.0.0.1:5173/node_modules/.vite/deps/axios.js?v=d132295d
[22940:23272:0702/130729.672:VERBOSE1:third_party\blink\renderer\core\script\modulator_impl_base.cc:141] "Import Map: \"http://127.0.0.1:5173/@react-refresh\" matches with no entries and thus is not mapped."
[22940:23272:0702/130729.672:VERBOSE1:third_party\blink\renderer\core\script\modulator_impl_base.cc:141] "Import Map: \"http://127.0.0.1:5173/src/components/sidebar.jsx?t=1782976963120\" matches with no entries and thus is not mapped."
[22940:23272:0702/130729.672:VERBOSE1:third_party\blink\renderer\core\script\modulator_impl_base.cc:141] "Import Map: \"http://127.0.0.1:5173/@vite/client\" matches with no entries and thus is not mapped."
[22940:23272:0702/130729.672:VERBOSE1:third_party\blink\renderer\core\script\modulator_impl_base.cc:141] "Import Map: \"http://127.0.0.1:5173/node_modules/.vite/deps/react.js?v=d132295d\" matches with no entries and thus is not mapped."
[22940:23272:0702/130729.672:VERBOSE1:third_party\blink\renderer\core\script\modulator_impl_base.cc:141] "Import Map: \"http://127.0.0.1:5173/src/api/api.js\" matches with no entries and thus is not mapped."
[22940:23272:0702/130729.672:VERBOSE1:third_party\blink\renderer\core\script\modulator_impl_base.cc:141] "Import Map: \"http://127.0.0.1:5173/src/pages/Dashboard.css?t=1782979245000\" matches with no entries and thus is not mapped."
[22940:23272:0702/130729.672:VERBOSE1:third_party\blink\renderer\core\script\modulator_impl_base.cc:141] "Import Map: \"http://127.0.0.1:5173/node_modules/.vite/deps/react_jsx-dev-runtime.js?v=d132295d\" matches with no entries and thus is not mapped."
[22940:23272:0702/130729.672:VERBOSE1:third_party\blink\renderer\core\script\modulator_impl_base.cc:141] "Import Map: \"http://127.0.0.1:5173/@react-refresh\" matches with no entries and thus is not mapped."
[22940:23272:0702/130729.672:VERBOSE1:third_party\blink\renderer\core\script\modulator_impl_base.cc:141] "Import Map: \"http://127.0.0.1:5173/src/pages/Dashboard.jsx?t=1782979245000\" matches with no entries and thus is not mapped."
[22940:23272:0702/130729.672:VERBOSE1:third_party\blink\renderer\core\script\modulator_impl_base.cc:141] "Import Map: \"http://127.0.0.1:5173/@vite/client\" matches with no entries and thus is not mapped."
[22940:23272:0702/130729.672:VERBOSE1:third_party\blink\renderer\core\script\modulator_impl_base.cc:141] "Import Map: \"http://127.0.0.1:5173/node_modules/.vite/deps/react.js?v=d132295d\" matches with no entries and thus is not mapped."
[22940:23272:0702/130729.672:VERBOSE1:third_party\blink\renderer\core\script\modulator_impl_base.cc:141] "Import Map: \"http://127.0.0.1:5173/src/api/api.js\" matches with no entries and thus is not mapped."
[22940:23272:0702/130729.672:VERBOSE1:third_party\blink\renderer\core\script\modulator_impl_base.cc:141] "Import Map: \"http://127.0.0.1:5173/src/pages/Inspiration.css\" matches with no entries and thus is not mapped."
[22940:23272:0702/130729.672:VERBOSE1:third_party\blink\renderer\core\script\modulator_impl_base.cc:141] "Import Map: \"http://127.0.0.1:5173/node_modules/.vite/deps/react_jsx-dev-runtime.js?v=d132295d\" matches with no entries and thus is not mapped."
[22940:23272:0702/130729.672:VERBOSE1:third_party\blink\renderer\core\script\modulator_impl_base.cc:141] "Import Map: \"http://127.0.0.1:5173/@react-refresh\" matches with no entries and thus is not mapped."
[22940:23272:0702/130729.672:VERBOSE1:third_party\blink\renderer\core\script\modulator_impl_base.cc:141] "Import Map: \"http://127.0.0.1:5173/src/pages/Inspiration.jsx\" matches with no entries and thus is not mapped."
[22940:23272:0702/130729.672:VERBOSE1:third_party\blink\renderer\core\script\modulator_impl_base.cc:141] "Import Map: \"http://127.0.0.1:5173/@vite/client\" matches with no entries and thus is not mapped."
[22940:23272:0702/130729.672:VERBOSE1:third_party\blink\renderer\core\script\modulator_impl_base.cc:141] "Import Map: \"http://127.0.0.1:5173/node_modules/.vite/deps/react.js?v=d132295d\" matches with no entries and thus is not mapped."
[22940:23272:0702/130729.672:VERBOSE1:third_party\blink\renderer\core\script\modulator_impl_base.cc:141] "Import Map: \"http://127.0.0.1:5173/src/api/api.js\" matches with no entries and thus is not mapped."
[22940:23272:0702/130729.672:VERBOSE1:third_party\blink\renderer\core\script\modulator_impl_base.cc:141] "Import Map: \"http://127.0.0.1:5173/src/pages/AIStudio.css\" matches with no entries and thus is not mapped."
[22940:23272:0702/130729.672:VERBOSE1:third_party\blink\renderer\core\script\modulator_impl_base.cc:141] "Import Map: \"http://127.0.0.1:5173/node_modules/.vite/deps/react_jsx-dev-runtime.js?v=d132295d\" matches with no entries and thus is not mapped."
[22940:23272:0702/130729.672:VERBOSE1:third_party\blink\renderer\core\script\modulator_impl_base.cc:141] "Import Map: \"http://127.0.0.1:5173/@react-refresh\" matches with no entries and thus is not mapped."
[22940:23272:0702/130729.672:VERBOSE1:third_party\blink\renderer\core\script\modulator_impl_base.cc:141] "Import Map: \"http://127.0.0.1:5173/src/pages/AIStudio.jsx\" matches with no entries and thus is not mapped."
[22940:23272:0702/130729.672:VERBOSE1:third_party\blink\renderer\core\script\modulator_impl_base.cc:141] "Import Map: \"http://127.0.0.1:5173/@vite/client\" matches with no entries and thus is not mapped."
[22940:23272:0702/130729.672:VERBOSE1:third_party\blink\renderer\core\script\modulator_impl_base.cc:141] "Import Map: \"http://127.0.0.1:5173/node_modules/.vite/deps/react.js?v=d132295d\" matches with no entries and thus is not mapped."
[22940:23272:0702/130729.672:VERBOSE1:third_party\blink\renderer\core\script\modulator_impl_base.cc:141] "Import Map: \"http://127.0.0.1:5173/src/api/api.js\" matches with no entries and thus is not mapped."
[22940:23272:0702/130729.672:VERBOSE1:third_party\blink\renderer\core\script\modulator_impl_base.cc:141] "Import Map: \"http://127.0.0.1:5173/src/utils/dateUtils.js\" matches with no entries and thus is not mapped."
[22940:23272:0702/130729.672:VERBOSE1:third_party\blink\renderer\core\script\modulator_impl_base.cc:141] "Import Map: \"http://127.0.0.1:5173/src/pages/Inventory.css\" matches with no entries and thus is not mapped."
[22940:23272:0702/130729.672:VERBOSE1:third_party\blink\renderer\core\script\modulator_impl_base.cc:141] "Import Map: \"http://127.0.0.1:5173/node_modules/.vite/deps/react_jsx-dev-runtime.js?v=d132295d\" matches with no entries and thus is not mapped."
[22940:23272:0702/130729.672:VERBOSE1:third_party\blink\renderer\core\script\modulator_impl_base.cc:141] "Import Map: \"http://127.0.0.1:5173/@react-refresh\" matches with no entries and thus is not mapped."
[22940:23272:0702/130729.676:VERBOSE1:third_party\blink\renderer\core\script\modulator_impl_base.cc:141] "Import Map: \"http://127.0.0.1:5173/src/pages/Inventory.jsx\" matches with no entries and thus is not mapped."
[22940:23272:0702/130729.676:VERBOSE1:third_party\blink\renderer\core\script\modulator_impl_base.cc:141] "Import Map: \"http://127.0.0.1:5173/@vite/client\" matches with no entries and thus is not mapped."
[22940:23272:0702/130729.676:VERBOSE1:third_party\blink\renderer\core\script\modulator_impl_base.cc:141] "Import Map: \"http://127.0.0.1:5173/node_modules/.vite/deps/react.js?v=d132295d\" matches with no entries and thus is not mapped."
[22940:23272:0702/130729.676:VERBOSE1:third_party\blink\renderer\core\script\modulator_impl_base.cc:141] "Import Map: \"http://127.0.0.1:5173/src/api/api.js\" matches with no entries and thus is not mapped."
[22940:23272:0702/130729.676:VERBOSE1:third_party\blink\renderer\core\script\modulator_impl_base.cc:141] "Import Map: \"http://127.0.0.1:5173/src/pages/Products.css?t=1782916028006\" matches with no entries and thus is not mapped."
[22940:23272:0702/130729.676:VERBOSE1:third_party\blink\renderer\core\script\modulator_impl_base.cc:141] "Import Map: \"http://127.0.0.1:5173/node_modules/.vite/deps/react_jsx-dev-runtime.js?v=d132295d\" matches with no entries and thus is not mapped."
[22940:23272:0702/130729.676:VERBOSE1:third_party\blink\renderer\core\script\modulator_impl_base.cc:141] "Import Map: \"http://127.0.0.1:5173/@react-refresh\" matches with no entries and thus is not mapped."
[22940:23272:0702/130729.676:VERBOSE1:third_party\blink\renderer\core\script\modulator_impl_base.cc:141] "Import Map: \"http://127.0.0.1:5173/src/pages/Products.jsx?t=1782916028006\" matches with no entries and thus is not mapped."
[24916:21724:0702/130729.676:VERBOSE1:net\base\network_delegate.cc:38] NetworkDelegate::NotifyBeforeURLRequest: http://127.0.0.1:5173/src/components/sidebar.css?t=1782976963120
[24916:21724:0702/130729.682:VERBOSE1:net\base\network_delegate.cc:38] NetworkDelegate::NotifyBeforeURLRequest: http://127.0.0.1:5173/src/pages/Dashboard.css?t=1782979245000
[22940:23272:0702/130729.682:VERBOSE1:third_party\blink\renderer\core\script\modulator_impl_base.cc:141] "Import Map: \"http://127.0.0.1:5173/@vite/client\" matches with no entries and thus is not mapped."
[22940:23272:0702/130729.682:VERBOSE1:third_party\blink\renderer\core\script\modulator_impl_base.cc:141] "Import Map: \"http://127.0.0.1:5173/node_modules/.vite/deps/react.js?v=d132295d\" matches with no entries and thus is not mapped."
[22940:23272:0702/130729.682:VERBOSE1:third_party\blink\renderer\core\script\modulator_impl_base.cc:141] "Import Map: \"http://127.0.0.1:5173/src/api/api.js\" matches with no entries and thus is not mapped."
[22940:23272:0702/130729.682:VERBOSE1:third_party\blink\renderer\core\script\modulator_impl_base.cc:141] "Import Map: \"http://127.0.0.1:5173/src/utils/dateUtils.js\" matches with no entries and thus is not mapped."
[22940:23272:0702/130729.682:VERBOSE1:third_party\blink\renderer\core\script\modulator_impl_base.cc:141] "Import Map: \"http://127.0.0.1:5173/src/pages/SupplierLedger.css?t=1782919063203\" matches with no entries and thus is not mapped."
[22940:23272:0702/130729.682:VERBOSE1:third_party\blink\renderer\core\script\modulator_impl_base.cc:141] "Import Map: \"http://127.0.0.1:5173/node_modules/.vite/deps/react_jsx-dev-runtime.js?v=d132295d\" matches with no entries and thus is not mapped."
[22940:23272:0702/130729.682:VERBOSE1:third_party\blink\renderer\core\script\modulator_impl_base.cc:141] "Import Map: \"http://127.0.0.1:5173/@react-refresh\" matches with no entries and thus is not mapped."
[22940:23272:0702/130729.682:VERBOSE1:third_party\blink\renderer\core\script\modulator_impl_base.cc:141] "Import Map: \"http://127.0.0.1:5173/src/pages/SupplierLedger.jsx?t=1782919063203\" matches with no entries and thus is not mapped."
[24916:21724:0702/130729.684:VERBOSE1:net\base\network_delegate.cc:38] NetworkDelegate::NotifyBeforeURLRequest: http://127.0.0.1:5173/src/pages/Inspiration.css
[24916:21724:0702/130729.684:VERBOSE1:net\base\network_delegate.cc:38] NetworkDelegate::NotifyBeforeURLRequest: http://127.0.0.1:5173/src/pages/AIStudio.css
[24916:21724:0702/130729.684:VERBOSE1:net\base\network_delegate.cc:38] NetworkDelegate::NotifyBeforeURLRequest: http://127.0.0.1:5173/src/utils/dateUtils.js
[22940:23272:0702/130729.684:VERBOSE1:third_party\blink\renderer\core\script\modulator_impl_base.cc:141] "Import Map: \"http://127.0.0.1:5173/node_modules/.vite/deps/chunk-EAsCxrDo.js?v=d132295d\" matches with no entries and thus is not mapped."
[22940:23272:0702/130729.687:VERBOSE1:third_party\blink\renderer\core\script\modulator_impl_base.cc:141] "Import Map: \"http://127.0.0.1:5173/node_modules/.vite/deps/react.js?v=d132295d\" matches with no entries and thus is not mapped."
[22940:23272:0702/130729.687:VERBOSE1:third_party\blink\renderer\core\script\modulator_impl_base.cc:141] "Import Map: \"http://127.0.0.1:5173/node_modules/.vite/deps/react-dom.js?v=d132295d\" matches with no entries and thus is not mapped."
[24916:21724:0702/130729.687:VERBOSE1:net\base\network_delegate.cc:38] NetworkDelegate::NotifyBeforeURLRequest: http://127.0.0.1:5173/src/pages/Inventory.css
[22940:23272:0702/130729.687:VERBOSE1:third_party\blink\renderer\core\script\modulator_impl_base.cc:141] "Import Map: \"http://127.0.0.1:5173/@vite/client\" matches with no entries and thus is not mapped."
[24916:21724:0702/130729.687:VERBOSE1:net\base\network_delegate.cc:38] NetworkDelegate::NotifyBeforeURLRequest: http://127.0.0.1:5173/src/pages/Products.css?t=1782916028006
[22940:23272:0702/130729.687:VERBOSE1:third_party\blink\renderer\core\script\modulator_impl_base.cc:141] "Import Map: \"http://127.0.0.1:5173/node_modules/.vite/deps/react.js?v=d132295d\" matches with no entries and thus is not mapped."
[22940:23272:0702/130729.687:VERBOSE1:third_party\blink\renderer\core\script\modulator_impl_base.cc:141] "Import Map: \"http://127.0.0.1:5173/src/api/api.js\" matches with no entries and thus is not mapped."
[22940:23272:0702/130729.687:VERBOSE1:third_party\blink\renderer\core\script\modulator_impl_base.cc:141] "Import Map: \"http://127.0.0.1:5173/src/pages/Customers.css?t=1782957696158\" matches with no entries and thus is not mapped."
[22940:23272:0702/130729.687:VERBOSE1:third_party\blink\renderer\core\script\modulator_impl_base.cc:141] "Import Map: \"http://127.0.0.1:5173/node_modules/.vite/deps/react_jsx-dev-runtime.js?v=d132295d\" matches with no entries and thus is not mapped."
[22940:23272:0702/130729.687:VERBOSE1:third_party\blink\renderer\core\script\modulator_impl_base.cc:141] "Import Map: \"http://127.0.0.1:5173/@react-refresh\" matches with no entries and thus is not mapped."
[22940:23272:0702/130729.687:VERBOSE1:third_party\blink\renderer\core\script\modulator_impl_base.cc:141] "Import Map: \"http://127.0.0.1:5173/src/pages/Customers.jsx?t=1782957716307\" matches with no entries and thus is not mapped."
[22940:23272:0702/130729.687:VERBOSE1:third_party\blink\renderer\core\script\modulator_impl_base.cc:141] "Import Map: \"http://127.0.0.1:5173/@vite/client\" matches with no entries and thus is not mapped."
[22940:23272:0702/130729.687:VERBOSE1:third_party\blink\renderer\core\script\modulator_impl_base.cc:141] "Import Map: \"http://127.0.0.1:5173/node_modules/.vite/deps/react.js?v=d132295d\" matches with no entries and thus is not mapped."
[22940:23272:0702/130729.687:VERBOSE1:third_party\blink\renderer\core\script\modulator_impl_base.cc:141] "Import Map: \"http://127.0.0.1:5173/src/api/api.js\" matches with no entries and thus is not mapped."
[22940:23272:0702/130729.687:VERBOSE1:third_party\blink\renderer\core\script\modulator_impl_base.cc:141] "Import Map: \"http://127.0.0.1:5173/src/pages/Manufacturing.css\" matches with no entries and thus is not mapped."
[22940:23272:0702/130729.687:VERBOSE1:third_party\blink\renderer\core\script\modulator_impl_base.cc:141] "Import Map: \"http://127.0.0.1:5173/node_modules/.vite/deps/react_jsx-dev-runtime.js?v=d132295d\" matches with no entries and thus is not mapped."
[22940:23272:0702/130729.687:VERBOSE1:third_party\blink\renderer\core\script\modulator_impl_base.cc:141] "Import Map: \"http://127.0.0.1:5173/@react-refresh\" matches with no entries and thus is not mapped."
[22940:23272:0702/130729.687:VERBOSE1:third_party\blink\renderer\core\script\modulator_impl_base.cc:141] "Import Map: \"http://127.0.0.1:5173/src/pages/Manufacturing.jsx\" matches with no entries and thus is not mapped."
[24916:21724:0702/130729.694:VERBOSE1:net\base\network_delegate.cc:38] NetworkDelegate::NotifyBeforeURLRequest: http://127.0.0.1:5173/src/pages/SupplierLedger.css?t=1782919063203
[24916:21724:0702/130729.694:VERBOSE1:net\base\network_delegate.cc:38] NetworkDelegate::NotifyBeforeURLRequest: http://127.0.0.1:5173/node_modules/.vite/deps/react-dom.js?v=d132295d
[24916:21724:0702/130729.694:VERBOSE1:net\base\network_delegate.cc:38] NetworkDelegate::NotifyBeforeURLRequest: http://127.0.0.1:5173/src/pages/Customers.css?t=1782957696158
[24916:21724:0702/130729.694:VERBOSE1:net\base\network_delegate.cc:38] NetworkDelegate::NotifyBeforeURLRequest: http://127.0.0.1:5173/src/pages/Manufacturing.css
[22940:23272:0702/130729.706:VERBOSE1:third_party\blink\renderer\core\script\modulator_impl_base.cc:141] "Import Map: \"http://127.0.0.1:5173/@vite/client\" matches with no entries and thus is not mapped."
[22940:23272:0702/130729.706:VERBOSE1:third_party\blink\renderer\core\script\modulator_impl_base.cc:141] "Import Map: \"http://127.0.0.1:5173/node_modules/.vite/deps/react.js?v=d132295d\" matches with no entries and thus is not mapped."
[22940:23272:0702/130729.706:VERBOSE1:third_party\blink\renderer\core\script\modulator_impl_base.cc:141] "Import Map: \"http://127.0.0.1:5173/src/api/api.js\" matches with no entries and thus is not mapped."
[22940:23272:0702/130729.706:VERBOSE1:third_party\blink\renderer\core\script\modulator_impl_base.cc:141] "Import Map: \"http://127.0.0.1:5173/src/utils/dateUtils.js\" matches with no entries and thus is not mapped."
[22940:23272:0702/130729.706:VERBOSE1:third_party\blink\renderer\core\script\modulator_impl_base.cc:141] "Import Map: \"http://127.0.0.1:5173/src/pages/Workers.css\" matches with no entries and thus is not mapped."
[22940:23272:0702/130729.706:VERBOSE1:third_party\blink\renderer\core\script\modulator_impl_base.cc:141] "Import Map: \"http://127.0.0.1:5173/node_modules/.vite/deps/react_jsx-dev-runtime.js?v=d132295d\" matches with no entries and thus is not mapped."
[22940:23272:0702/130729.706:VERBOSE1:third_party\blink\renderer\core\script\modulator_impl_base.cc:141] "Import Map: \"http://127.0.0.1:5173/@react-refresh\" matches with no entries and thus is not mapped."
[22940:23272:0702/130729.706:VERBOSE1:third_party\blink\renderer\core\script\modulator_impl_base.cc:141] "Import Map: \"http://127.0.0.1:5173/src/pages/Workers.jsx\" matches with no entries and thus is not mapped."
[22940:23272:0702/130729.709:VERBOSE1:third_party\blink\renderer\core\script\modulator_impl_base.cc:141] "Import Map: \"http://127.0.0.1:5173/@vite/client\" matches with no entries and thus is not mapped."
[22940:23272:0702/130729.709:VERBOSE1:third_party\blink\renderer\core\script\modulator_impl_base.cc:141] "Import Map: \"http://127.0.0.1:5173/node_modules/.vite/deps/react.js?v=d132295d\" matches with no entries and thus is not mapped."
[22940:23272:0702/130729.709:VERBOSE1:third_party\blink\renderer\core\script\modulator_impl_base.cc:141] "Import Map: \"http://127.0.0.1:5173/src/api/api.js\" matches with no entries and thus is not mapped."
[22940:23272:0702/130729.709:VERBOSE1:third_party\blink\renderer\core\script\modulator_impl_base.cc:141] "Import Map: \"http://127.0.0.1:5173/src/utils/dateUtils.js\" matches with no entries and thus is not mapped."
[22940:23272:0702/130729.709:VERBOSE1:third_party\blink\renderer\core\script\modulator_impl_base.cc:141] "Import Map: \"http://127.0.0.1:5173/src/pages/Suppliers.css?t=1782954564569\" matches with no entries and thus is not mapped."
[22940:23272:0702/130729.709:VERBOSE1:third_party\blink\renderer\core\script\modulator_impl_base.cc:141] "Import Map: \"http://127.0.0.1:5173/node_modules/.vite/deps/react_jsx-dev-runtime.js?v=d132295d\" matches with no entries and thus is not mapped."
[22940:23272:0702/130729.709:VERBOSE1:third_party\blink\renderer\core\script\modulator_impl_base.cc:141] "Import Map: \"http://127.0.0.1:5173/@react-refresh\" matches with no entries and thus is not mapped."
[22940:23272:0702/130729.709:VERBOSE1:third_party\blink\renderer\core\script\modulator_impl_base.cc:141] "Import Map: \"http://127.0.0.1:5173/src/pages/Suppliers.jsx?t=1782954564569\" matches with no entries and thus is not mapped."
[22940:23272:0702/130729.709:VERBOSE1:third_party\blink\renderer\core\script\modulator_impl_base.cc:141] "Import Map: \"http://127.0.0.1:5173/@vite/client\" matches with no entries and thus is not mapped."
[22940:23272:0702/130729.709:VERBOSE1:third_party\blink\renderer\core\script\modulator_impl_base.cc:141] "Import Map: \"http://127.0.0.1:5173/node_modules/.vite/deps/react.js?v=d132295d\" matches with no entries and thus is not mapped."
[22940:23272:0702/130729.709:VERBOSE1:third_party\blink\renderer\core\script\modulator_impl_base.cc:141] "Import Map: \"http://127.0.0.1:5173/src/api/api.js\" matches with no entries and thus is not mapped."
[22940:23272:0702/130729.709:VERBOSE1:third_party\blink\renderer\core\script\modulator_impl_base.cc:141] "Import Map: \"http://127.0.0.1:5173/src/pages/Orders.css?t=1782958484941\" matches with no entries and thus is not mapped."
[22940:23272:0702/130729.709:VERBOSE1:third_party\blink\renderer\core\script\modulator_impl_base.cc:141] "Import Map: \"http://127.0.0.1:5173/node_modules/.vite/deps/react_jsx-dev-runtime.js?v=d132295d\" matches with no entries and thus is not mapped."
[22940:23272:0702/130729.709:VERBOSE1:third_party\blink\renderer\core\script\modulator_impl_base.cc:141] "Import Map: \"http://127.0.0.1:5173/@react-refresh\" matches with no entries and thus is not mapped."
[22940:23272:0702/130729.709:VERBOSE1:third_party\blink\renderer\core\script\modulator_impl_base.cc:141] "Import Map: \"http://127.0.0.1:5173/src/pages/Orders.jsx?t=1782958484941\" matches with no entries and thus is not mapped."
[22940:23272:0702/130729.709:VERBOSE1:third_party\blink\renderer\core\script\modulator_impl_base.cc:141] "Import Map: \"http://127.0.0.1:5173/@vite/client\" matches with no entries and thus is not mapped."
[22940:23272:0702/130729.709:VERBOSE1:third_party\blink\renderer\core\script\modulator_impl_base.cc:141] "Import Map: \"http://127.0.0.1:5173/node_modules/.vite/deps/react.js?v=d132295d\" matches with no entries and thus is not mapped."
[22940:23272:0702/130729.709:VERBOSE1:third_party\blink\renderer\core\script\modulator_impl_base.cc:141] "Import Map: \"http://127.0.0.1:5173/src/api/api.js\" matches with no entries and thus is not mapped."
[22940:23272:0702/130729.709:VERBOSE1:third_party\blink\renderer\core\script\modulator_impl_base.cc:141] "Import Map: \"http://127.0.0.1:5173/src/utils/dateUtils.js\" matches with no entries and thus is not mapped."
[22940:23272:0702/130729.709:VERBOSE1:third_party\blink\renderer\core\script\modulator_impl_base.cc:141] "Import Map: \"http://127.0.0.1:5173/src/pages/ShippingBalance.css\" matches with no entries and thus is not mapped."
[22940:23272:0702/130729.709:VERBOSE1:third_party\blink\renderer\core\script\modulator_impl_base.cc:141] "Import Map: \"http://127.0.0.1:5173/node_modules/.vite/deps/react_jsx-dev-runtime.js?v=d132295d\" matches with no entries and thus is not mapped."
[22940:23272:0702/130729.709:VERBOSE1:third_party\blink\renderer\core\script\modulator_impl_base.cc:141] "Import Map: \"http://127.0.0.1:5173/@react-refresh\" matches with no entries and thus is not mapped."
[22940:23272:0702/130729.709:VERBOSE1:third_party\blink\renderer\core\script\modulator_impl_base.cc:141] "Import Map: \"http://127.0.0.1:5173/src/pages/ShippingBalance.jsx\" matches with no entries and thus is not mapped."
[22940:23272:0702/130729.709:VERBOSE1:third_party\blink\renderer\core\script\modulator_impl_base.cc:141] "Import Map: \"http://127.0.0.1:5173/@vite/client\" matches with no entries and thus is not mapped."
[22940:23272:0702/130729.709:VERBOSE1:third_party\blink\renderer\core\script\modulator_impl_base.cc:141] "Import Map: \"http://127.0.0.1:5173/node_modules/.vite/deps/react.js?v=d132295d\" matches with no entries and thus is not mapped."
[22940:23272:0702/130729.709:VERBOSE1:third_party\blink\renderer\core\script\modulator_impl_base.cc:141] "Import Map: \"http://127.0.0.1:5173/src/api/api.js\" matches with no entries and thus is not mapped."
[22940:23272:0702/130729.709:VERBOSE1:third_party\blink\renderer\core\script\modulator_impl_base.cc:141] "Import Map: \"http://127.0.0.1:5173/src/utils/dateUtils.js\" matches with no entries and thus is not mapped."
[22940:23272:0702/130729.709:VERBOSE1:third_party\blink\renderer\core\script\modulator_impl_base.cc:141] "Import Map: \"http://127.0.0.1:5173/src/pages/Payments.css\" matches with no entries and thus is not mapped."
[22940:23272:0702/130729.709:VERBOSE1:third_party\blink\renderer\core\script\modulator_impl_base.cc:141] "Import Map: \"http://127.0.0.1:5173/node_modules/.vite/deps/react_jsx-dev-runtime.js?v=d132295d\" matches with no entries and thus is not mapped."
[22940:23272:0702/130729.709:VERBOSE1:third_party\blink\renderer\core\script\modulator_impl_base.cc:141] "Import Map: \"http://127.0.0.1:5173/@react-refresh\" matches with no entries and thus is not mapped."
[22940:23272:0702/130729.709:VERBOSE1:third_party\blink\renderer\core\script\modulator_impl_base.cc:141] "Import Map: \"http://127.0.0.1:5173/src/pages/Payments.jsx\" matches with no entries and thus is not mapped."
[22940:23272:0702/130729.709:VERBOSE1:third_party\blink\renderer\core\script\modulator_impl_base.cc:141] "Import Map: \"http://127.0.0.1:5173/@vite/client\" matches with no entries and thus is not mapped."
[22940:23272:0702/130729.709:VERBOSE1:third_party\blink\renderer\core\script\modulator_impl_base.cc:141] "Import Map: \"http://127.0.0.1:5173/node_modules/.vite/deps/react.js?v=d132295d\" matches with no entries and thus is not mapped."
[22940:23272:0702/130729.709:VERBOSE1:third_party\blink\renderer\core\script\modulator_impl_base.cc:141] "Import Map: \"http://127.0.0.1:5173/src/api/api.js\" matches with no entries and thus is not mapped."
[22940:23272:0702/130729.709:VERBOSE1:third_party\blink\renderer\core\script\modulator_impl_base.cc:141] "Import Map: \"http://127.0.0.1:5173/src/utils/dateUtils.js\" matches with no entries and thus is not mapped."
[22940:23272:0702/130729.709:VERBOSE1:third_party\blink\renderer\core\script\modulator_impl_base.cc:141] "Import Map: \"http://127.0.0.1:5173/src/pages/Shipping.css\" matches with no entries and thus is not mapped."
[22940:23272:0702/130729.709:VERBOSE1:third_party\blink\renderer\core\script\modulator_impl_base.cc:141] "Import Map: \"http://127.0.0.1:5173/node_modules/.vite/deps/react_jsx-dev-runtime.js?v=d132295d\" matches with no entries and thus is not mapped."
[22940:23272:0702/130729.709:VERBOSE1:third_party\blink\renderer\core\script\modulator_impl_base.cc:141] "Import Map: \"http://127.0.0.1:5173/@react-refresh\" matches with no entries and thus is not mapped."
[22940:23272:0702/130729.709:VERBOSE1:third_party\blink\renderer\core\script\modulator_impl_base.cc:141] "Import Map: \"http://127.0.0.1:5173/src/pages/Shipping.jsx\" matches with no entries and thus is not mapped."
[22940:23272:0702/130729.709:VERBOSE1:third_party\blink\renderer\core\script\modulator_impl_base.cc:141] "Import Map: \"http://127.0.0.1:5173/@vite/client\" matches with no entries and thus is not mapped."
[22940:23272:0702/130729.709:VERBOSE1:third_party\blink\renderer\core\script\modulator_impl_base.cc:141] "Import Map: \"http://127.0.0.1:5173/node_modules/.vite/deps/react.js?v=d132295d\" matches with no entries and thus is not mapped."
[22940:23272:0702/130729.709:VERBOSE1:third_party\blink\renderer\core\script\modulator_impl_base.cc:141] "Import Map: \"http://127.0.0.1:5173/src/api/api.js\" matches with no entries and thus is not mapped."
[22940:23272:0702/130729.709:VERBOSE1:third_party\blink\renderer\core\script\modulator_impl_base.cc:141] "Import Map: \"http://127.0.0.1:5173/src/utils/dateUtils.js\" matches with no entries and thus is not mapped."
[22940:23272:0702/130729.709:VERBOSE1:third_party\blink\renderer\core\script\modulator_impl_base.cc:141] "Import Map: \"http://127.0.0.1:5173/src/pages/FollowUps.css\" matches with no entries and thus is not mapped."
[22940:23272:0702/130729.709:VERBOSE1:third_party\blink\renderer\core\script\modulator_impl_base.cc:141] "Import Map: \"http://127.0.0.1:5173/node_modules/.vite/deps/react_jsx-dev-runtime.js?v=d132295d\" matches with no entries and thus is not mapped."
[22940:23272:0702/130729.709:VERBOSE1:third_party\blink\renderer\core\script\modulator_impl_base.cc:141] "Import Map: \"http://127.0.0.1:5173/@react-refresh\" matches with no entries and thus is not mapped."
[22940:23272:0702/130729.709:VERBOSE1:third_party\blink\renderer\core\script\modulator_impl_base.cc:141] "Import Map: \"http://127.0.0.1:5173/src/pages/FollowUps.jsx\" matches with no entries and thus is not mapped."
[22940:23272:0702/130729.709:VERBOSE1:third_party\blink\renderer\core\script\modulator_impl_base.cc:141] "Import Map: \"http://127.0.0.1:5173/@vite/client\" matches with no entries and thus is not mapped."
[22940:23272:0702/130729.709:VERBOSE1:third_party\blink\renderer\core\script\modulator_impl_base.cc:141] "Import Map: \"http://127.0.0.1:5173/node_modules/.vite/deps/react.js?v=d132295d\" matches with no entries and thus is not mapped."
[22940:23272:0702/130729.709:VERBOSE1:third_party\blink\renderer\core\script\modulator_impl_base.cc:141] "Import Map: \"http://127.0.0.1:5173/src/api/api.js\" matches with no entries and thus is not mapped."
[22940:23272:0702/130729.709:VERBOSE1:third_party\blink\renderer\core\script\modulator_impl_base.cc:141] "Import Map: \"http://127.0.0.1:5173/src/pages/Accounting.css\" matches with no entries and thus is not mapped."
[22940:23272:0702/130729.709:VERBOSE1:third_party\blink\renderer\core\script\modulator_impl_base.cc:141] "Import Map: \"http://127.0.0.1:5173/node_modules/.vite/deps/react_jsx-dev-runtime.js?v=d132295d\" matches with no entries and thus is not mapped."
[22940:23272:0702/130729.709:VERBOSE1:third_party\blink\renderer\core\script\modulator_impl_base.cc:141] "Import Map: \"http://127.0.0.1:5173/@react-refresh\" matches with no entries and thus is not mapped."
[22940:23272:0702/130729.709:VERBOSE1:third_party\blink\renderer\core\script\modulator_impl_base.cc:141] "Import Map: \"http://127.0.0.1:5173/src/pages/Accounting.jsx\" matches with no entries and thus is not mapped."
[22940:23272:0702/130729.714:VERBOSE1:third_party\blink\renderer\core\script\modulator_impl_base.cc:141] "Import Map: \"http://127.0.0.1:5173/@vite/client\" matches with no entries and thus is not mapped."
[22940:23272:0702/130729.714:VERBOSE1:third_party\blink\renderer\core\script\modulator_impl_base.cc:141] "Import Map: \"http://127.0.0.1:5173/node_modules/.vite/deps/react.js?v=d132295d\" matches with no entries and thus is not mapped."
[24916:21724:0702/130729.714:VERBOSE1:net\base\network_delegate.cc:38] NetworkDelegate::NotifyBeforeURLRequest: http://127.0.0.1:5173/src/pages/Workers.css
[22940:23272:0702/130729.714:VERBOSE1:third_party\blink\renderer\core\script\modulator_impl_base.cc:141] "Import Map: \"http://127.0.0.1:5173/src/api/api.js\" matches with no entries and thus is not mapped."
[22940:23272:0702/130729.714:VERBOSE1:third_party\blink\renderer\core\script\modulator_impl_base.cc:141] "Import Map: \"http://127.0.0.1:5173/src/utils/dateUtils.js\" matches with no entries and thus is not mapped."
[22940:23272:0702/130729.714:VERBOSE1:third_party\blink\renderer\core\script\modulator_impl_base.cc:141] "Import Map: \"http://127.0.0.1:5173/src/pages/Production.css?t=1782977025717\" matches with no entries and thus is not mapped."
[22940:23272:0702/130729.714:VERBOSE1:third_party\blink\renderer\core\script\modulator_impl_base.cc:141] "Import Map: \"http://127.0.0.1:5173/node_modules/.vite/deps/react_jsx-dev-runtime.js?v=d132295d\" matches with no entries and thus is not mapped."
[22940:23272:0702/130729.714:VERBOSE1:third_party\blink\renderer\core\script\modulator_impl_base.cc:141] "Import Map: \"http://127.0.0.1:5173/@react-refresh\" matches with no entries and thus is not mapped."
[22940:23272:0702/130729.714:VERBOSE1:third_party\blink\renderer\core\script\modulator_impl_base.cc:141] "Import Map: \"http://127.0.0.1:5173/src/pages/MyTasks.jsx?t=1782977340712\" matches with no entries and thus is not mapped."
[24916:21724:0702/130729.714:VERBOSE1:net\base\network_delegate.cc:38] NetworkDelegate::NotifyBeforeURLRequest: http://127.0.0.1:5173/src/pages/Suppliers.css?t=1782954564569
[22940:23272:0702/130729.714:VERBOSE1:third_party\blink\renderer\core\script\modulator_impl_base.cc:141] "Import Map: \"http://127.0.0.1:5173/@vite/client\" matches with no entries and thus is not mapped."
[22940:23272:0702/130729.714:VERBOSE1:third_party\blink\renderer\core\script\modulator_impl_base.cc:141] "Import Map: \"http://127.0.0.1:5173/node_modules/.vite/deps/react.js?v=d132295d\" matches with no entries and thus is not mapped."
[22940:23272:0702/130729.714:VERBOSE1:third_party\blink\renderer\core\script\modulator_impl_base.cc:141] "Import Map: \"http://127.0.0.1:5173/src/api/api.js\" matches with no entries and thus is not mapped."
[22940:23272:0702/130729.714:VERBOSE1:third_party\blink\renderer\core\script\modulator_impl_base.cc:141] "Import Map: \"http://127.0.0.1:5173/src/pages/Payouts.css\" matches with no entries and thus is not mapped."
[22940:23272:0702/130729.714:VERBOSE1:third_party\blink\renderer\core\script\modulator_impl_base.cc:141] "Import Map: \"http://127.0.0.1:5173/node_modules/.vite/deps/react_jsx-dev-runtime.js?v=d132295d\" matches with no entries and thus is not mapped."
[22940:23272:0702/130729.714:VERBOSE1:third_party\blink\renderer\core\script\modulator_impl_base.cc:141] "Import Map: \"http://127.0.0.1:5173/@react-refresh\" matches with no entries and thus is not mapped."
[22940:23272:0702/130729.714:VERBOSE1:third_party\blink\renderer\core\script\modulator_impl_base.cc:141] "Import Map: \"http://127.0.0.1:5173/src/pages/Payouts.jsx\" matches with no entries and thus is not mapped."
[24916:21724:0702/130729.714:VERBOSE1:net\base\network_delegate.cc:38] NetworkDelegate::NotifyBeforeURLRequest: http://127.0.0.1:5173/src/pages/Orders.css?t=1782958484941
[22940:23272:0702/130729.714:VERBOSE1:third_party\blink\renderer\core\script\modulator_impl_base.cc:141] "Import Map: \"http://127.0.0.1:5173/@vite/client\" matches with no entries and thus is not mapped."
[22940:23272:0702/130729.714:VERBOSE1:third_party\blink\renderer\core\script\modulator_impl_base.cc:141] "Import Map: \"http://127.0.0.1:5173/node_modules/.vite/deps/react.js?v=d132295d\" matches with no entries and thus is not mapped."
[22940:23272:0702/130729.714:VERBOSE1:third_party\blink\renderer\core\script\modulator_impl_base.cc:141] "Import Map: \"http://127.0.0.1:5173/src/api/api.js\" matches with no entries and thus is not mapped."
[22940:23272:0702/130729.714:VERBOSE1:third_party\blink\renderer\core\script\modulator_impl_base.cc:141] "Import Map: \"http://127.0.0.1:5173/src/utils/dateUtils.js\" matches with no entries and thus is not mapped."
[22940:23272:0702/130729.714:VERBOSE1:third_party\blink\renderer\core\script\modulator_impl_base.cc:141] "Import Map: \"http://127.0.0.1:5173/src/pages/Production.css?t=1782977025717\" matches with no entries and thus is not mapped."
[22940:23272:0702/130729.714:VERBOSE1:third_party\blink\renderer\core\script\modulator_impl_base.cc:141] "Import Map: \"http://127.0.0.1:5173/node_modules/.vite/deps/react_jsx-dev-runtime.js?v=d132295d\" matches with no entries and thus is not mapped."
[22940:23272:0702/130729.714:VERBOSE1:third_party\blink\renderer\core\script\modulator_impl_base.cc:141] "Import Map: \"http://127.0.0.1:5173/@react-refresh\" matches with no entries and thus is not mapped."
[22940:23272:0702/130729.714:VERBOSE1:third_party\blink\renderer\core\script\modulator_impl_base.cc:141] "Import Map: \"http://127.0.0.1:5173/src/pages/Production.jsx?t=1782977025717\" matches with no entries and thus is not mapped."
[24916:21724:0702/130729.715:VERBOSE1:net\base\network_delegate.cc:38] NetworkDelegate::NotifyBeforeURLRequest: http://127.0.0.1:5173/src/pages/ShippingBalance.css
[24916:21724:0702/130729.717:VERBOSE1:net\base\network_delegate.cc:38] NetworkDelegate::NotifyBeforeURLRequest: http://127.0.0.1:5173/src/pages/Payments.css
[24916:21724:0702/130729.717:VERBOSE1:net\base\network_delegate.cc:38] NetworkDelegate::NotifyBeforeURLRequest: http://127.0.0.1:5173/src/pages/Shipping.css
[24916:21724:0702/130729.717:VERBOSE1:net\base\network_delegate.cc:38] NetworkDelegate::NotifyBeforeURLRequest: http://127.0.0.1:5173/src/pages/FollowUps.css
[24916:21724:0702/130729.717:VERBOSE1:net\base\network_delegate.cc:38] NetworkDelegate::NotifyBeforeURLRequest: http://127.0.0.1:5173/src/pages/Accounting.css
[22940:23272:0702/130729.717:VERBOSE1:third_party\blink\renderer\core\script\modulator_impl_base.cc:141] "Import Map: \"http://127.0.0.1:5173/@vite/client\" matches with no entries and thus is not mapped."
[22940:23272:0702/130729.717:VERBOSE1:third_party\blink\renderer\core\script\modulator_impl_base.cc:141] "Import Map: \"http://127.0.0.1:5173/node_modules/.vite/deps/react.js?v=d132295d\" matches with no entries and thus is not mapped."
[22940:23272:0702/130729.717:VERBOSE1:third_party\blink\renderer\core\script\modulator_impl_base.cc:141] "Import Map: \"http://127.0.0.1:5173/src/pages/Quotes.css\" matches with no entries and thus is not mapped."
[22940:23272:0702/130729.717:VERBOSE1:third_party\blink\renderer\core\script\modulator_impl_base.cc:141] "Import Map: \"http://127.0.0.1:5173/node_modules/.vite/deps/react_jsx-dev-runtime.js?v=d132295d\" matches with no entries and thus is not mapped."
[22940:23272:0702/130729.717:VERBOSE1:third_party\blink\renderer\core\script\modulator_impl_base.cc:141] "Import Map: \"http://127.0.0.1:5173/@react-refresh\" matches with no entries and thus is not mapped."
[22940:23272:0702/130729.717:VERBOSE1:third_party\blink\renderer\core\script\modulator_impl_base.cc:141] "Import Map: \"http://127.0.0.1:5173/src/pages/Quotes.jsx\" matches with no entries and thus is not mapped."
[24916:21724:0702/130729.717:VERBOSE1:net\base\network_delegate.cc:38] NetworkDelegate::NotifyBeforeURLRequest: http://127.0.0.1:5173/src/pages/Production.css?t=1782977025717
[22940:23272:0702/130729.717:VERBOSE1:third_party\blink\renderer\core\script\modulator_impl_base.cc:141] "Import Map: \"http://127.0.0.1:5173/@vite/client\" matches with no entries and thus is not mapped."
[22940:23272:0702/130729.717:VERBOSE1:third_party\blink\renderer\core\script\modulator_impl_base.cc:141] "Import Map: \"http://127.0.0.1:5173/node_modules/.vite/deps/react.js?v=d132295d\" matches with no entries and thus is not mapped."
[22940:23272:0702/130729.717:VERBOSE1:third_party\blink\renderer\core\script\modulator_impl_base.cc:141] "Import Map: \"http://127.0.0.1:5173/src/pages/TempData.css\" matches with no entries and thus is not mapped."
[22940:23272:0702/130729.719:VERBOSE1:third_party\blink\renderer\core\script\modulator_impl_base.cc:141] "Import Map: \"http://127.0.0.1:5173/node_modules/.vite/deps/react_jsx-dev-runtime.js?v=d132295d\" matches with no entries and thus is not mapped."
[22940:23272:0702/130729.719:VERBOSE1:third_party\blink\renderer\core\script\modulator_impl_base.cc:141] "Import Map: \"http://127.0.0.1:5173/@react-refresh\" matches with no entries and thus is not mapped."
[24916:21724:0702/130729.719:VERBOSE1:net\base\network_delegate.cc:38] NetworkDelegate::NotifyBeforeURLRequest: http://127.0.0.1:5173/src/pages/Payouts.css
[22940:23272:0702/130729.719:VERBOSE1:third_party\blink\renderer\core\script\modulator_impl_base.cc:141] "Import Map: \"http://127.0.0.1:5173/src/pages/TempData.jsx\" matches with no entries and thus is not mapped."
[22940:23272:0702/130729.719:VERBOSE1:third_party\blink\renderer\core\script\modulator_impl_base.cc:141] "Import Map: \"http://127.0.0.1:5173/@vite/client\" matches with no entries and thus is not mapped."
[22940:23272:0702/130729.719:VERBOSE1:third_party\blink\renderer\core\script\modulator_impl_base.cc:141] "Import Map: \"http://127.0.0.1:5173/node_modules/.vite/deps/react.js?v=d132295d\" matches with no entries and thus is not mapped."
[22940:23272:0702/130729.719:VERBOSE1:third_party\blink\renderer\core\script\modulator_impl_base.cc:141] "Import Map: \"http://127.0.0.1:5173/src/pages/Messages.css\" matches with no entries and thus is not mapped."
[22940:23272:0702/130729.719:VERBOSE1:third_party\blink\renderer\core\script\modulator_impl_base.cc:141] "Import Map: \"http://127.0.0.1:5173/node_modules/.vite/deps/react_jsx-dev-runtime.js?v=d132295d\" matches with no entries and thus is not mapped."
[22940:23272:0702/130729.719:VERBOSE1:third_party\blink\renderer\core\script\modulator_impl_base.cc:141] "Import Map: \"http://127.0.0.1:5173/@react-refresh\" matches with no entries and thus is not mapped."
[22940:23272:0702/130729.719:VERBOSE1:third_party\blink\renderer\core\script\modulator_impl_base.cc:141] "Import Map: \"http://127.0.0.1:5173/src/pages/Messages.jsx\" matches with no entries and thus is not mapped."
[24916:21724:0702/130729.719:VERBOSE1:net\base\network_delegate.cc:38] NetworkDelegate::NotifyBeforeURLRequest: http://127.0.0.1:5173/src/pages/Quotes.css
[22940:23272:0702/130729.719:VERBOSE1:third_party\blink\renderer\core\script\modulator_impl_base.cc:141] "Import Map: \"http://127.0.0.1:5173/@vite/client\" matches with no entries and thus is not mapped."
[22940:23272:0702/130729.719:VERBOSE1:third_party\blink\renderer\core\script\modulator_impl_base.cc:141] "Import Map: \"http://127.0.0.1:5173/node_modules/.vite/deps/react.js?v=d132295d\" matches with no entries and thus is not mapped."
[22940:23272:0702/130729.719:VERBOSE1:third_party\blink\renderer\core\script\modulator_impl_base.cc:141] "Import Map: \"http://127.0.0.1:5173/src/api/api.js\" matches with no entries and thus is not mapped."
[22940:23272:0702/130729.719:VERBOSE1:third_party\blink\renderer\core\script\modulator_impl_base.cc:141] "Import Map: \"http://127.0.0.1:5173/src/utils/dateUtils.js\" matches with no entries and thus is not mapped."
[22940:23272:0702/130729.719:VERBOSE1:third_party\blink\renderer\core\script\modulator_impl_base.cc:141] "Import Map: \"http://127.0.0.1:5173/src/pages/Users.css\" matches with no entries and thus is not mapped."
[22940:23272:0702/130729.719:VERBOSE1:third_party\blink\renderer\core\script\modulator_impl_base.cc:141] "Import Map: \"http://127.0.0.1:5173/node_modules/.vite/deps/react_jsx-dev-runtime.js?v=d132295d\" matches with no entries and thus is not mapped."
[22940:23272:0702/130729.719:VERBOSE1:third_party\blink\renderer\core\script\modulator_impl_base.cc:141] "Import Map: \"http://127.0.0.1:5173/@react-refresh\" matches with no entries and thus is not mapped."
[22940:23272:0702/130729.719:VERBOSE1:third_party\blink\renderer\core\script\modulator_impl_base.cc:141] "Import Map: \"http://127.0.0.1:5173/src/pages/Users.jsx\" matches with no entries and thus is not mapped."
[24916:21724:0702/130729.721:VERBOSE1:net\base\network_delegate.cc:38] NetworkDelegate::NotifyBeforeURLRequest: http://127.0.0.1:5173/src/pages/TempData.css
[22940:23272:0702/130729.721:VERBOSE1:third_party\blink\renderer\core\script\modulator_impl_base.cc:141] "Import Map: \"http://127.0.0.1:5173/@vite/client\" matches with no entries and thus is not mapped."
[22940:23272:0702/130729.721:VERBOSE1:third_party\blink\renderer\core\script\modulator_impl_base.cc:141] "Import Map: \"http://127.0.0.1:5173/node_modules/.vite/deps/react.js?v=d132295d\" matches with no entries and thus is not mapped."
[22940:23272:0702/130729.721:VERBOSE1:third_party\blink\renderer\core\script\modulator_impl_base.cc:141] "Import Map: \"http://127.0.0.1:5173/src/api/api.js\" matches with no entries and thus is not mapped."
[22940:23272:0702/130729.721:VERBOSE1:third_party\blink\renderer\core\script\modulator_impl_base.cc:141] "Import Map: \"http://127.0.0.1:5173/src/utils/dateUtils.js\" matches with no entries and thus is not mapped."
[24916:21724:0702/130729.721:VERBOSE1:net\base\network_delegate.cc:38] NetworkDelegate::NotifyBeforeURLRequest: http://127.0.0.1:5173/src/pages/Messages.css
[22940:23272:0702/130729.721:VERBOSE1:third_party\blink\renderer\core\script\modulator_impl_base.cc:141] "Import Map: \"http://127.0.0.1:5173/src/utils/reportPdf.js\" matches with no entries and thus is not mapped."
[22940:23272:0702/130729.721:VERBOSE1:third_party\blink\renderer\core\script\modulator_impl_base.cc:141] "Import Map: \"http://127.0.0.1:5173/src/pages/Reports.css\" matches with no entries and thus is not mapped."
[22940:23272:0702/130729.721:VERBOSE1:third_party\blink\renderer\core\script\modulator_impl_base.cc:141] "Import Map: \"http://127.0.0.1:5173/node_modules/.vite/deps/react_jsx-dev-runtime.js?v=d132295d\" matches with no entries and thus is not mapped."
[22940:23272:0702/130729.721:VERBOSE1:third_party\blink\renderer\core\script\modulator_impl_base.cc:141] "Import Map: \"http://127.0.0.1:5173/@react-refresh\" matches with no entries and thus is not mapped."
[22940:23272:0702/130729.721:VERBOSE1:third_party\blink\renderer\core\script\modulator_impl_base.cc:141] "Import Map: \"http://127.0.0.1:5173/src/pages/Reports.jsx\" matches with no entries and thus is not mapped."
[24916:21724:0702/130729.721:VERBOSE1:net\base\network_delegate.cc:38] NetworkDelegate::NotifyBeforeURLRequest: http://127.0.0.1:5173/src/pages/Users.css
[24916:21724:0702/130729.721:VERBOSE1:net\base\network_delegate.cc:38] NetworkDelegate::NotifyBeforeURLRequest: http://127.0.0.1:5173/src/utils/reportPdf.js
[24916:21724:0702/130729.721:VERBOSE1:net\base\network_delegate.cc:38] NetworkDelegate::NotifyBeforeURLRequest: http://127.0.0.1:5173/src/pages/Reports.css
[22940:23272:0702/130729.725:VERBOSE1:third_party\blink\renderer\core\script\modulator_impl_base.cc:141] "Import Map: \"http://127.0.0.1:5173/@vite/client\" matches with no entries and thus is not mapped."
[22940:23272:0702/130729.725:VERBOSE1:third_party\blink\renderer\core\script\modulator_impl_base.cc:141] "Import Map: \"http://127.0.0.1:5173/node_modules/.vite/deps/react.js?v=d132295d\" matches with no entries and thus is not mapped."
[22940:23272:0702/130729.725:VERBOSE1:third_party\blink\renderer\core\script\modulator_impl_base.cc:141] "Import Map: \"http://127.0.0.1:5173/src/api/api.js\" matches with no entries and thus is not mapped."
[22940:23272:0702/130729.725:VERBOSE1:third_party\blink\renderer\core\script\modulator_impl_base.cc:141] "Import Map: \"http://127.0.0.1:5173/src/pages/Users.css\" matches with no entries and thus is not mapped."
[22940:23272:0702/130729.725:VERBOSE1:third_party\blink\renderer\core\script\modulator_impl_base.cc:141] "Import Map: \"http://127.0.0.1:5173/src/pages/Settings.css\" matches with no entries and thus is not mapped."
[22940:23272:0702/130729.725:VERBOSE1:third_party\blink\renderer\core\script\modulator_impl_base.cc:141] "Import Map: \"http://127.0.0.1:5173/node_modules/.vite/deps/react_jsx-dev-runtime.js?v=d132295d\" matches with no entries and thus is not mapped."
[22940:23272:0702/130729.725:VERBOSE1:third_party\blink\renderer\core\script\modulator_impl_base.cc:141] "Import Map: \"http://127.0.0.1:5173/@react-refresh\" matches with no entries and thus is not mapped."
[22940:23272:0702/130729.725:VERBOSE1:third_party\blink\renderer\core\script\modulator_impl_base.cc:141] "Import Map: \"http://127.0.0.1:5173/src/pages/Settings.jsx\" matches with no entries and thus is not mapped."
[24916:21724:0702/130729.732:VERBOSE1:net\base\network_delegate.cc:38] NetworkDelegate::NotifyBeforeURLRequest: http://127.0.0.1:5173/src/pages/Settings.css
[22940:23272:0702/130729.733:VERBOSE1:third_party\blink\renderer\core\script\modulator_impl_base.cc:141] "Import Map: \"http://127.0.0.1:5173/@vite/client\" matches with no entries and thus is not mapped."
[22940:23272:0702/130729.733:VERBOSE1:third_party\blink\renderer\core\script\modulator_impl_base.cc:141] "Import Map: \"http://127.0.0.1:5173/@vite/client\" matches with no entries and thus is not mapped."
[22940:23272:0702/130729.733:VERBOSE1:third_party\blink\renderer\core\script\modulator_impl_base.cc:141] "Import Map: \"http://127.0.0.1:5173/node_modules/.vite/deps/react.js?v=d132295d\" matches with no entries and thus is not mapped."
[22940:23272:0702/130729.733:VERBOSE1:third_party\blink\renderer\core\script\modulator_impl_base.cc:141] "Import Map: \"http://127.0.0.1:5173/src/api/api.js\" matches with no entries and thus is not mapped."
[22940:23272:0702/130729.733:VERBOSE1:third_party\blink\renderer\core\script\modulator_impl_base.cc:141] "Import Map: \"http://127.0.0.1:5173/src/pages/Login.css\" matches with no entries and thus is not mapped."
[22940:23272:0702/130729.733:VERBOSE1:third_party\blink\renderer\core\script\modulator_impl_base.cc:141] "Import Map: \"http://127.0.0.1:5173/node_modules/.vite/deps/react_jsx-dev-runtime.js?v=d132295d\" matches with no entries and thus is not mapped."
[22940:23272:0702/130729.733:VERBOSE1:third_party\blink\renderer\core\script\modulator_impl_base.cc:141] "Import Map: \"http://127.0.0.1:5173/@react-refresh\" matches with no entries and thus is not mapped."
[22940:23272:0702/130729.733:VERBOSE1:third_party\blink\renderer\core\script\modulator_impl_base.cc:141] "Import Map: \"http://127.0.0.1:5173/src/pages/Login.jsx\" matches with no entries and thus is not mapped."
[22940:23272:0702/130729.733:VERBOSE1:third_party\blink\renderer\core\script\modulator_impl_base.cc:141] "Import Map: \"http://127.0.0.1:5173/@vite/client\" matches with no entries and thus is not mapped."
[22940:23272:0702/130729.733:VERBOSE1:third_party\blink\renderer\core\script\modulator_impl_base.cc:141] "Import Map: \"http://127.0.0.1:5173/@vite/client\" matches with no entries and thus is not mapped."
[22940:23272:0702/130729.733:VERBOSE1:third_party\blink\renderer\core\script\modulator_impl_base.cc:141] "Import Map: \"http://127.0.0.1:5173/@vite/client\" matches with no entries and thus is not mapped."
[24916:21724:0702/130729.741:VERBOSE1:net\base\network_delegate.cc:38] NetworkDelegate::NotifyBeforeURLRequest: http://127.0.0.1:5173/src/pages/Login.css
[22940:23272:0702/130729.752:VERBOSE1:third_party\blink\renderer\core\script\modulator_impl_base.cc:141] "Import Map: \"http://127.0.0.1:5173/@vite/client\" matches with no entries and thus is not mapped."
[22940:23272:0702/130729.752:VERBOSE1:third_party\blink\renderer\core\script\modulator_impl_base.cc:141] "Import Map: \"http://127.0.0.1:5173/@vite/client\" matches with no entries and thus is not mapped."
[22940:23272:0702/130729.752:VERBOSE1:third_party\blink\renderer\core\script\modulator_impl_base.cc:141] "Import Map: \"http://127.0.0.1:5173/@vite/client\" matches with no entries and thus is not mapped."
[22940:23272:0702/130729.752:VERBOSE1:third_party\blink\renderer\core\script\modulator_impl_base.cc:141] "Import Map: \"http://127.0.0.1:5173/@vite/client\" matches with no entries and thus is not mapped."
[22940:23272:0702/130729.752:VERBOSE1:third_party\blink\renderer\core\script\modulator_impl_base.cc:141] "Import Map: \"http://127.0.0.1:5173/@vite/client\" matches with no entries and thus is not mapped."
[22940:23272:0702/130729.758:VERBOSE1:third_party\blink\renderer\core\script\modulator_impl_base.cc:141] "Import Map: \"http://127.0.0.1:5173/node_modules/.vite/deps/chunk-EAsCxrDo.js?v=d132295d\" matches with no entries and thus is not mapped."
[22940:23272:0702/130729.758:VERBOSE1:third_party\blink\renderer\core\script\modulator_impl_base.cc:141] "Import Map: \"http://127.0.0.1:5173/node_modules/.vite/deps/chunk-EAsCxrDo.js?v=d132295d\" matches with no entries and thus is not mapped."
[22940:23272:0702/130729.758:VERBOSE1:third_party\blink\renderer\core\script\modulator_impl_base.cc:141] "Import Map: \"http://127.0.0.1:5173/node_modules/.vite/deps/react.js?v=d132295d\" matches with no entries and thus is not mapped."
[22940:23272:0702/130729.763:VERBOSE1:third_party\blink\renderer\core\script\modulator_impl_base.cc:141] "Import Map: \"http://127.0.0.1:5173/@vite/client\" matches with no entries and thus is not mapped."
[24916:21724:0702/130729.764:VERBOSE1:net\third_party\quiche\src\quiche\quic\core\tls_handshaker.cc:109] TlsClient: Continuing handshake
[24916:21724:0702/130729.764:VERBOSE1:net\third_party\quiche\src\quiche\quic\core\tls_handshaker.cc:109] TlsClient: Continuing handshake
[22940:23272:0702/130729.764:VERBOSE1:third_party\blink\renderer\core\script\modulator_impl_base.cc:141] "Import Map: \"http://127.0.0.1:5173/@vite/client\" matches with no entries and thus is not mapped."
[22940:23272:0702/130729.764:VERBOSE1:third_party\blink\renderer\core\script\modulator_impl_base.cc:141] "Import Map: \"http://127.0.0.1:5173/@vite/client\" matches with no entries and thus is not mapped."
[22940:23272:0702/130729.764:VERBOSE1:third_party\blink\renderer\core\script\modulator_impl_base.cc:141] "Import Map: \"http://127.0.0.1:5173/@vite/client\" matches with no entries and thus is not mapped."
[22940:23272:0702/130729.764:VERBOSE1:third_party\blink\renderer\core\script\modulator_impl_base.cc:141] "Import Map: \"http://127.0.0.1:5173/@vite/client\" matches with no entries and thus is not mapped."
[24916:21724:0702/130729.766:VERBOSE1:net\third_party\quiche\src\quiche\quic\core\tls_handshaker.cc:109] TlsClient: Continuing handshake
[24916:21724:0702/130729.766:VERBOSE1:net\third_party\quiche\src\quiche\quic\core\tls_handshaker.cc:109] TlsClient: Continuing handshake
[24916:21724:0702/130729.773:VERBOSE1:net\third_party\quiche\src\quiche\quic\core\tls_handshaker.cc:109] TlsClient: Continuing handshake
[22940:23272:0702/130729.773:VERBOSE1:third_party\blink\renderer\core\script\modulator_impl_base.cc:141] "Import Map: \"http://127.0.0.1:5173/@vite/client\" matches with no entries and thus is not mapped."
[22940:23272:0702/130729.774:VERBOSE1:third_party\blink\renderer\core\script\modulator_impl_base.cc:141] "Import Map: \"http://127.0.0.1:5173/@vite/client\" matches with no entries and thus is not mapped."
[22940:23272:0702/130729.774:VERBOSE1:third_party\blink\renderer\core\script\modulator_impl_base.cc:141] "Import Map: \"http://127.0.0.1:5173/@vite/client\" matches with no entries and thus is not mapped."
[22940:23272:0702/130729.774:VERBOSE1:third_party\blink\renderer\core\script\modulator_impl_base.cc:141] "Import Map: \"http://127.0.0.1:5173/@vite/client\" matches with no entries and thus is not mapped."
[22940:23272:0702/130729.776:VERBOSE1:third_party\blink\renderer\core\script\modulator_impl_base.cc:141] "Import Map: \"http://127.0.0.1:5173/@vite/client\" matches with no entries and thus is not mapped."
[22940:23272:0702/130729.776:VERBOSE1:third_party\blink\renderer\core\script\modulator_impl_base.cc:141] "Import Map: \"http://127.0.0.1:5173/@vite/client\" matches with no entries and thus is not mapped."
[22940:23272:0702/130729.799:VERBOSE1:third_party\blink\renderer\core\script\modulator_impl_base.cc:141] "Import Map: \"http://127.0.0.1:5173/@vite/client\" matches with no entries and thus is not mapped."
[22940:23272:0702/130729.799:VERBOSE1:third_party\blink\renderer\core\script\modulator_impl_base.cc:141] "Import Map: \"http://127.0.0.1:5173/@vite/client\" matches with no entries and thus is not mapped."
[22940:23272:0702/130729.799:VERBOSE1:third_party\blink\renderer\core\script\modulator_impl_base.cc:141] "Import Map: \"http://127.0.0.1:5173/@vite/client\" matches with no entries and thus is not mapped."
[22940:23272:0702/130729.799:VERBOSE1:third_party\blink\renderer\core\script\modulator_impl_base.cc:141] "Import Map: \"http://127.0.0.1:5173/@vite/client\" matches with no entries and thus is not mapped."
[22940:23272:0702/130729.799:VERBOSE1:third_party\blink\renderer\core\script\modulator_impl_base.cc:141] "Import Map: \"http://127.0.0.1:5173/@vite/client\" matches with no entries and thus is not mapped."
[22940:23272:0702/130729.799:VERBOSE1:third_party\blink\renderer\core\script\modulator_impl_base.cc:141] "Import Map: \"http://127.0.0.1:5173/@vite/client\" matches with no entries and thus is not mapped."
[22940:23272:0702/130729.799:VERBOSE1:third_party\blink\renderer\core\script\modulator_impl_base.cc:141] "Import Map: \"http://127.0.0.1:5173/@vite/client\" matches with no entries and thus is not mapped."
[22940:23272:0702/130729.799:VERBOSE1:third_party\blink\renderer\core\script\modulator_impl_base.cc:141] "Import Map: \"http://127.0.0.1:5173/@vite/client\" matches with no entries and thus is not mapped."
[23276:6260:0702/130730.117:INFO:CONSOLE:851] "[vite] connecting...", source: http://127.0.0.1:5173/@vite/client (851)
[24916:21724:0702/130730.121:VERBOSE1:net\base\network_delegate.cc:38] NetworkDelegate::NotifyBeforeURLRequest: ws://127.0.0.1:5173/?token=Vif2Ls4_KXYV
[23276:6260:0702/130730.201:INFO:CONSOLE:14338] "%cDownload the React DevTools for a better development experience: https://react.dev/link/react-devtools font-weight:bold", source: http://127.0.0.1:5173/node_modules/.vite/deps/react-dom_client.js?v=d132295d (14338)
[24916:21724:0702/130730.344:VERBOSE1:net\base\network_delegate.cc:38] NetworkDelegate::NotifyBeforeURLRequest: https://fonts.gstatic.com/s/opensans/v44/memvYaGs126MiZpBA-UvWbX2vVnXBbObj2OVTS-muw.woff2
[24916:21724:0702/130730.405:VERBOSE1:net\base\network_delegate.cc:38] NetworkDelegate::NotifyBeforeURLRequest: https://fonts.gstatic.com/s/opensans/v44/memvYaGs126MiZpBA-UvWbX2vVnXBbObj2OVTS-muw.woff2
[23276:6260:0702/130730.420:INFO:CONSOLE:955] "[vite] connected.", source: http://127.0.0.1:5173/@vite/client (955)
[24916:21724:0702/130730.420:VERBOSE1:net\base\network_delegate.cc:38] NetworkDelegate::NotifyBeforeURLRequest: http://127.0.0.1:5173/favicon.svg
[24916:21724:0702/130730.420:VERBOSE1:net\base\network_delegate.cc:38] NetworkDelegate::NotifyBeforeURLRequest: http://127.0.0.1:5173/favicon.svg
[23276:6260:0702/130730.467:INFO:CONSOLE:0] "[DOM] Input elements should have autocomplete attributes (suggested: "current-password"): (More info: https://goo.gl/9p2vKq) %o", source: http://127.0.0.1:5173/portal (0)
[24916:21724:0702/130730.467:VERBOSE1:net\base\network_delegate.cc:38] NetworkDelegate::NotifyBeforeURLRequest: https://content-autofill.googleapis.com/v1/pages/ChVDaHJvbWUvMTQ5LjAuNzgyNy4yMDESPwmC-3dFLeF5PxINDZFhlU4qBhgBIAQ4BhIPDTWGVBwqCBgCIAI4AVAFIcsOaKasLblXKflcx4UAzNoEMgIgBQ==?alt=proto
[23276:6260:0702/130730.536:VERBOSE1:chrome\browser\enterprise\data_protection\data_protection_navigation_observer.cc:227] enterprise.data_protection: same document navigation: 0
[23276:6260:0702/130730.536:VERBOSE1:chrome\browser\enterprise\data_protection\data_protection_navigation_observer.cc:229] enterprise.data_protection: URL to scan: http://127.0.0.1:5173/portal
[23276:6260:0702/130730.536:VERBOSE1:components\signin\internal\identity_manager\mutable_profile_oauth2_token_service_delegate.cc:443] MutablePO2TS::RefreshTokenIsAvailable
[24916:21724:0702/130730.536:VERBOSE1:net\base\network_delegate.cc:38] NetworkDelegate::NotifyBeforeURLRequest: http://127.0.0.1:5173/portal
[22940:23272:0702/130730.549:VERBOSE1:extensions\renderer\dispatcher.cc:688] Num tracked contexts: 0
[23276:6260:0702/130730.553:VERBOSE1:content\browser\back_forward_cache\back_forward_cache_impl.cc:853] BackForwardCacheImpl::GetCurrentBackForwardCacheEligibility: http://127.0.0.1:5173/portal : No: Browsing instance is not swapped
[23276:6260:0702/130730.553:VERBOSE1:content\browser\back_forward_cache\back_forward_cache_impl.cc:853] BackForwardCacheImpl::GetCompleteBackForwardCacheEligibilityForReporting: http://127.0.0.1:5173/portal : No: blocklisted features: WebSocket live connection, Browsing instance is not swapped
[22940:23272:0702/130730.553:VERBOSE1:extensions\renderer\script_context.cc:150] Created context:
  extension id:           (none)
  frame:                  0x138c02544c68
  URL:                    
  context_type:           WEB_PAGE
  effective extension id: (none)
  effective context type: WEB_PAGE
[22940:23272:0702/130730.553:VERBOSE1:extensions\renderer\script_context.cc:150] Created context:
  extension id:           (none)
  frame:                  (nil)
  URL:                    
  context_type:           UNSPECIFIED
  effective extension id: (none)
  effective context type: UNSPECIFIED
[22940:23272:0702/130730.553:VERBOSE1:extensions\renderer\dispatcher.cc:493] Num tracked contexts: 1
[22940:23272:0702/130730.560:VERBOSE1:extensions\renderer\script_context.cc:163] Destroyed context for extension
  extension id: 
  effective extension id: 
[22940:23272:0702/130730.560:VERBOSE1:extensions\renderer\script_context.cc:163] Destroyed context for extension
  extension id: 
  effective extension id: 
[24916:21724:0702/130730.560:VERBOSE1:net\base\network_delegate.cc:38] NetworkDelegate::NotifyBeforeURLRequest: http://127.0.0.1:5173/@vite/client
[24916:21724:0702/130730.560:VERBOSE1:net\base\network_delegate.cc:38] NetworkDelegate::NotifyBeforeURLRequest: http://127.0.0.1:5173/src/main.jsx?t=1782979245000
[22940:23272:0702/130730.560:VERBOSE1:third_party\blink\renderer\core\script\modulator_impl_base.cc:141] "Import Map: \"http://127.0.0.1:5173/@react-refresh\" matches with no entries and thus is not mapped."
[22940:23272:0702/130730.564:VERBOSE1:third_party\blink\renderer\core\script\modulator_impl_base.cc:141] "Import Map: \"http://127.0.0.1:5173/node_modules/.vite/deps/react.js?v=d132295d\" matches with no entries and thus is not mapped."
[22940:23272:0702/130730.564:VERBOSE1:third_party\blink\renderer\core\script\modulator_impl_base.cc:141] "Import Map: \"http://127.0.0.1:5173/node_modules/.vite/deps/react-dom_client.js?v=d132295d\" matches with no entries and thus is not mapped."
[22940:23272:0702/130730.564:VERBOSE1:third_party\blink\renderer\core\script\modulator_impl_base.cc:141] "Import Map: \"http://127.0.0.1:5173/src/index.css\" matches with no entries and thus is not mapped."
[22940:23272:0702/130730.564:VERBOSE1:third_party\blink\renderer\core\script\modulator_impl_base.cc:141] "Import Map: \"http://127.0.0.1:5173/src/App.jsx?t=1782979245000\" matches with no entries and thus is not mapped."
[22940:23272:0702/130730.564:VERBOSE1:third_party\blink\renderer\core\script\modulator_impl_base.cc:141] "Import Map: \"http://127.0.0.1:5173/src/pages/MobileApp.css\" matches with no entries and thus is not mapped."
[22940:23272:0702/130730.564:VERBOSE1:third_party\blink\renderer\core\script\modulator_impl_base.cc:141] "Import Map: \"http://127.0.0.1:5173/src/pages/Orders.mobile.css\" matches with no entries and thus is not mapped."
[24916:21724:0702/130730.564:VERBOSE1:net\base\network_delegate.cc:38] NetworkDelegate::NotifyBeforeURLRequest: http://127.0.0.1:5173/@react-refresh
[22940:23272:0702/130730.564:VERBOSE1:third_party\blink\renderer\core\script\modulator_impl_base.cc:141] "Import Map: \"http://127.0.0.1:5173/src/pages/Customers.mobile.css\" matches with no entries and thus is not mapped."
[22940:23272:0702/130730.564:VERBOSE1:third_party\blink\renderer\core\script\modulator_impl_base.cc:141] "Import Map: \"http://127.0.0.1:5173/src/pages/Shipping.mobile.css\" matches with no entries and thus is not mapped."
[22940:23272:0702/130730.564:VERBOSE1:third_party\blink\renderer\core\script\modulator_impl_base.cc:141] "Import Map: \"http://127.0.0.1:5173/src/pages/Products.mobile.css\" matches with no entries and thus is not mapped."
[22940:23272:0702/130730.564:VERBOSE1:third_party\blink\renderer\core\script\modulator_impl_base.cc:141] "Import Map: \"http://127.0.0.1:5173/src/pages/Suppliers.mobile.css\" matches with no entries and thus is not mapped."
[22940:23272:0702/130730.564:VERBOSE1:third_party\blink\renderer\core\script\modulator_impl_base.cc:141] "Import Map: \"http://127.0.0.1:5173/node_modules/.vite/deps/react_jsx-dev-runtime.js?v=d132295d\" matches with no entries and thus is not mapped."
[22940:23272:0702/130730.564:VERBOSE1:third_party\blink\renderer\core\script\modulator_impl_base.cc:141] "Import Map: \"http://127.0.0.1:5173/node_modules/.vite/deps/chunk-EAsCxrDo.js?v=d132295d\" matches with no entries and thus is not mapped."
[22940:23272:0702/130730.564:VERBOSE1:third_party\blink\renderer\core\script\modulator_impl_base.cc:141] "Import Map: \"http://127.0.0.1:5173/node_modules/.vite/deps/chunk-EAsCxrDo.js?v=d132295d\" matches with no entries and thus is not mapped."
[22940:23272:0702/130730.564:VERBOSE1:third_party\blink\renderer\core\script\modulator_impl_base.cc:141] "Import Map: \"http://127.0.0.1:5173/node_modules/.vite/deps/react.js?v=d132295d\" matches with no entries and thus is not mapped."
[22940:23272:0702/130730.564:VERBOSE1:third_party\blink\renderer\core\script\modulator_impl_base.cc:141] "Import Map: \"http://127.0.0.1:5173/node_modules/.vite/deps/react-dom.js?v=d132295d\" matches with no entries and thus is not mapped."
[22940:23272:0702/130730.564:VERBOSE1:third_party\blink\renderer\core\script\modulator_impl_base.cc:141] "Import Map: \"http://127.0.0.1:5173/node_modules/.vite/deps/chunk-EAsCxrDo.js?v=d132295d\" matches with no entries and thus is not mapped."
[22940:23272:0702/130730.564:VERBOSE1:third_party\blink\renderer\core\script\modulator_impl_base.cc:141] "Import Map: \"http://127.0.0.1:5173/node_modules/.vite/deps/react.js?v=d132295d\" matches with no entries and thus is not mapped."
[24916:21724:0702/130730.567:VERBOSE1:net\base\network_delegate.cc:38] NetworkDelegate::NotifyBeforeURLRequest: http://127.0.0.1:5173/src/index.css
[22940:23272:0702/130730.567:VERBOSE1:third_party\blink\renderer\core\script\modulator_impl_base.cc:141] "Import Map: \"http://127.0.0.1:5173/node_modules/.vite/deps/chunk-EAsCxrDo.js?v=d132295d\" matches with no entries and thus is not mapped."
[22940:23272:0702/130730.567:VERBOSE1:third_party\blink\renderer\core\script\modulator_impl_base.cc:141] "Import Map: \"http://127.0.0.1:5173/node_modules/.vite/deps/react.js?v=d132295d\" matches with no entries and thus is not mapped."
[24916:21724:0702/130730.567:VERBOSE1:net\base\network_delegate.cc:38] NetworkDelegate::NotifyBeforeURLRequest: http://127.0.0.1:5173/src/App.jsx?t=1782979245000
[24916:21724:0702/130730.567:VERBOSE1:net\base\network_delegate.cc:38] NetworkDelegate::NotifyBeforeURLRequest: http://127.0.0.1:5173/src/pages/MobileApp.css
[24916:21724:0702/130730.567:VERBOSE1:net\base\network_delegate.cc:38] NetworkDelegate::NotifyBeforeURLRequest: http://127.0.0.1:5173/src/pages/Orders.mobile.css
[24916:21724:0702/130730.568:VERBOSE1:net\base\network_delegate.cc:38] NetworkDelegate::NotifyBeforeURLRequest: http://127.0.0.1:5173/src/pages/Customers.mobile.css
[24916:21724:0702/130730.568:VERBOSE1:net\base\network_delegate.cc:38] NetworkDelegate::NotifyBeforeURLRequest: http://127.0.0.1:5173/src/pages/Shipping.mobile.css
[24916:21724:0702/130730.568:VERBOSE1:net\base\network_delegate.cc:38] NetworkDelegate::NotifyBeforeURLRequest: http://127.0.0.1:5173/src/pages/Products.mobile.css
[24916:21724:0702/130730.568:VERBOSE1:net\base\network_delegate.cc:38] NetworkDelegate::NotifyBeforeURLRequest: http://127.0.0.1:5173/src/pages/Suppliers.mobile.css
[22940:23272:0702/130730.568:VERBOSE1:third_party\blink\renderer\core\script\modulator_impl_base.cc:141] "Import Map: \"http://127.0.0.1:5173/node_modules/vite/dist/client/env.mjs\" matches with no entries and thus is not mapped."
[24916:21724:0702/130730.576:VERBOSE1:net\base\network_delegate.cc:38] NetworkDelegate::NotifyBeforeURLRequest: http://127.0.0.1:5173/manifest.webmanifest
[24916:21724:0702/130730.576:VERBOSE1:net\base\network_delegate.cc:38] NetworkDelegate::NotifyBeforeURLRequest: http://127.0.0.1:5173/node_modules/vite/dist/client/env.mjs
[22940:23272:0702/130730.576:VERBOSE1:third_party\blink\renderer\core\script\modulator_impl_base.cc:141] "Import Map: \"http://127.0.0.1:5173/@vite/client\" matches with no entries and thus is not mapped."
[24916:21724:0702/130730.582:VERBOSE1:net\third_party\quiche\src\quiche\quic\core\tls_handshaker.cc:109] TlsClient: Continuing handshake
[22940:23272:0702/130730.582:VERBOSE1:third_party\blink\renderer\core\script\modulator_impl_base.cc:141] "Import Map: \"http://127.0.0.1:5173/@vite/client\" matches with no entries and thus is not mapped."
[22940:23272:0702/130730.582:VERBOSE1:third_party\blink\renderer\core\script\modulator_impl_base.cc:141] "Import Map: \"http://127.0.0.1:5173/@vite/client\" matches with no entries and thus is not mapped."
[22940:23272:0702/130730.582:VERBOSE1:third_party\blink\renderer\core\script\modulator_impl_base.cc:141] "Import Map: \"http://127.0.0.1:5173/node_modules/.vite/deps/react.js?v=d132295d\" matches with no entries and thus is not mapped."
[22940:23272:0702/130730.582:VERBOSE1:third_party\blink\renderer\core\script\modulator_impl_base.cc:141] "Import Map: \"http://127.0.0.1:5173/src/App.css\" matches with no entries and thus is not mapped."
[22940:23272:0702/130730.582:VERBOSE1:third_party\blink\renderer\core\script\modulator_impl_base.cc:141] "Import Map: \"http://127.0.0.1:5173/src/api/api.js\" matches with no entries and thus is not mapped."
[22940:23272:0702/130730.582:VERBOSE1:third_party\blink\renderer\core\script\modulator_impl_base.cc:141] "Import Map: \"http://127.0.0.1:5173/src/components/sidebar.jsx?t=1782976963120\" matches with no entries and thus is not mapped."
[22940:23272:0702/130730.582:VERBOSE1:third_party\blink\renderer\core\script\modulator_impl_base.cc:141] "Import Map: \"http://127.0.0.1:5173/src/pages/Dashboard.jsx?t=1782979245000\" matches with no entries and thus is not mapped."
[22940:23272:0702/130730.582:VERBOSE1:third_party\blink\renderer\core\script\modulator_impl_base.cc:141] "Import Map: \"http://127.0.0.1:5173/src/pages/Products.jsx?t=1782916028006\" matches with no entries and thus is not mapped."
[22940:23272:0702/130730.582:VERBOSE1:third_party\blink\renderer\core\script\modulator_impl_base.cc:141] "Import Map: \"http://127.0.0.1:5173/src/pages/Inventory.jsx\" matches with no entries and thus is not mapped."
[22940:23272:0702/130730.582:VERBOSE1:third_party\blink\renderer\core\script\modulator_impl_base.cc:141] "Import Map: \"http://127.0.0.1:5173/src/pages/Inspiration.jsx\" matches with no entries and thus is not mapped."
[22940:23272:0702/130730.582:VERBOSE1:third_party\blink\renderer\core\script\modulator_impl_base.cc:141] "Import Map: \"http://127.0.0.1:5173/src/pages/AIStudio.jsx\" matches with no entries and thus is not mapped."
[22940:23272:0702/130730.582:VERBOSE1:third_party\blink\renderer\core\script\modulator_impl_base.cc:141] "Import Map: \"http://127.0.0.1:5173/src/pages/Customers.jsx?t=1782957716307\" matches with no entries and thus is not mapped."
[22940:23272:0702/130730.582:VERBOSE1:third_party\blink\renderer\core\script\modulator_impl_base.cc:141] "Import Map: \"http://127.0.0.1:5173/src/pages/Suppliers.jsx?t=1782954564569\" matches with no entries and thus is not mapped."
[22940:23272:0702/130730.582:VERBOSE1:third_party\blink\renderer\core\script\modulator_impl_base.cc:141] "Import Map: \"http://127.0.0.1:5173/src/pages/SupplierLedger.jsx?t=1782919063203\" matches with no entries and thus is not mapped."
[22940:23272:0702/130730.582:VERBOSE1:third_party\blink\renderer\core\script\modulator_impl_base.cc:141] "Import Map: \"http://127.0.0.1:5173/src/pages/Orders.jsx?t=1782958484941\" matches with no entries and thus is not mapped."
[22940:23272:0702/130730.582:VERBOSE1:third_party\blink\renderer\core\script\modulator_impl_base.cc:141] "Import Map: \"http://127.0.0.1:5173/src/pages/Manufacturing.jsx\" matches with no entries and thus is not mapped."
[22940:23272:0702/130730.582:VERBOSE1:third_party\blink\renderer\core\script\modulator_impl_base.cc:141] "Import Map: \"http://127.0.0.1:5173/src/pages/Workers.jsx\" matches with no entries and thus is not mapped."
[22940:23272:0702/130730.582:VERBOSE1:third_party\blink\renderer\core\script\modulator_impl_base.cc:141] "Import Map: \"http://127.0.0.1:5173/src/pages/Shipping.jsx\" matches with no entries and thus is not mapped."
[22940:23272:0702/130730.582:VERBOSE1:third_party\blink\renderer\core\script\modulator_impl_base.cc:141] "Import Map: \"http://127.0.0.1:5173/src/pages/ShippingBalance.jsx\" matches with no entries and thus is not mapped."
[22940:23272:0702/130730.582:VERBOSE1:third_party\blink\renderer\core\script\modulator_impl_base.cc:141] "Import Map: \"http://127.0.0.1:5173/src/pages/FollowUps.jsx\" matches with no entries and thus is not mapped."
[22940:23272:0702/130730.582:VERBOSE1:third_party\blink\renderer\core\script\modulator_impl_base.cc:141] "Import Map: \"http://127.0.0.1:5173/src/pages/Payouts.jsx\" matches with no entries and thus is not mapped."
[22940:23272:0702/130730.582:VERBOSE1:third_party\blink\renderer\core\script\modulator_impl_base.cc:141] "Import Map: \"http://127.0.0.1:5173/src/pages/Payments.jsx\" matches with no entries and thus is not mapped."
[22940:23272:0702/130730.582:VERBOSE1:third_party\blink\renderer\core\script\modulator_impl_base.cc:141] "Import Map: \"http://127.0.0.1:5173/src/pages/Accounting.jsx\" matches with no entries and thus is not mapped."
[22940:23272:0702/130730.582:VERBOSE1:third_party\blink\renderer\core\script\modulator_impl_base.cc:141] "Import Map: \"http://127.0.0.1:5173/src/pages/Production.jsx?t=1782977025717\" matches with no entries and thus is not mapped."
[22940:23272:0702/130730.582:VERBOSE1:third_party\blink\renderer\core\script\modulator_impl_base.cc:141] "Import Map: \"http://127.0.0.1:5173/src/pages/MyTasks.jsx?t=1782977340712\" matches with no entries and thus is not mapped."
[22940:23272:0702/130730.582:VERBOSE1:third_party\blink\renderer\core\script\modulator_impl_base.cc:141] "Import Map: \"http://127.0.0.1:5173/src/pages/Reports.jsx\" matches with no entries and thus is not mapped."
[22940:23272:0702/130730.582:VERBOSE1:third_party\blink\renderer\core\script\modulator_impl_base.cc:141] "Import Map: \"http://127.0.0.1:5173/src/pages/Settings.jsx\" matches with no entries and thus is not mapped."
[22940:23272:0702/130730.582:VERBOSE1:third_party\blink\renderer\core\script\modulator_impl_base.cc:141] "Import Map: \"http://127.0.0.1:5173/src/pages/Users.jsx\" matches with no entries and thus is not mapped."
[22940:23272:0702/130730.584:VERBOSE1:third_party\blink\renderer\core\script\modulator_impl_base.cc:141] "Import Map: \"http://127.0.0.1:5173/src/pages/Quotes.jsx\" matches with no entries and thus is not mapped."
[22940:23272:0702/130730.584:VERBOSE1:third_party\blink\renderer\core\script\modulator_impl_base.cc:141] "Import Map: \"http://127.0.0.1:5173/src/pages/TempData.jsx\" matches with no entries and thus is not mapped."
[22940:23272:0702/130730.584:VERBOSE1:third_party\blink\renderer\core\script\modulator_impl_base.cc:141] "Import Map: \"http://127.0.0.1:5173/src/pages/Messages.jsx\" matches with no entries and thus is not mapped."
[22940:23272:0702/130730.584:VERBOSE1:third_party\blink\renderer\core\script\modulator_impl_base.cc:141] "Import Map: \"http://127.0.0.1:5173/src/pages/Login.jsx\" matches with no entries and thus is not mapped."
[22940:23272:0702/130730.584:VERBOSE1:third_party\blink\renderer\core\script\modulator_impl_base.cc:141] "Import Map: \"http://127.0.0.1:5173/src/pages/OperationsSizing.css\" matches with no entries and thus is not mapped."
[22940:23272:0702/130730.584:VERBOSE1:third_party\blink\renderer\core\script\modulator_impl_base.cc:141] "Import Map: \"http://127.0.0.1:5173/src/pages/DashboardDesktop.css\" matches with no entries and thus is not mapped."
[22940:23272:0702/130730.584:VERBOSE1:third_party\blink\renderer\core\script\modulator_impl_base.cc:141] "Import Map: \"http://127.0.0.1:5173/node_modules/.vite/deps/react_jsx-dev-runtime.js?v=d132295d\" matches with no entries and thus is not mapped."
[22940:23272:0702/130730.584:VERBOSE1:third_party\blink\renderer\core\script\modulator_impl_base.cc:141] "Import Map: \"http://127.0.0.1:5173/@react-refresh\" matches with no entries and thus is not mapped."
[22940:23272:0702/130730.584:VERBOSE1:third_party\blink\renderer\core\script\modulator_impl_base.cc:141] "Import Map: \"http://127.0.0.1:5173/src/App.jsx?t=1782979245000\" matches with no entries and thus is not mapped."
[22940:23272:0702/130730.584:VERBOSE1:third_party\blink\renderer\core\script\modulator_impl_base.cc:141] "Import Map: \"http://127.0.0.1:5173/@vite/client\" matches with no entries and thus is not mapped."
[22940:23272:0702/130730.584:VERBOSE1:third_party\blink\renderer\core\script\modulator_impl_base.cc:141] "Import Map: \"http://127.0.0.1:5173/@vite/client\" matches with no entries and thus is not mapped."
[22940:23272:0702/130730.584:VERBOSE1:third_party\blink\renderer\core\script\modulator_impl_base.cc:141] "Import Map: \"http://127.0.0.1:5173/@vite/client\" matches with no entries and thus is not mapped."
[22940:23272:0702/130730.584:VERBOSE1:third_party\blink\renderer\core\script\modulator_impl_base.cc:141] "Import Map: \"http://127.0.0.1:5173/@vite/client\" matches with no entries and thus is not mapped."
[24916:21724:0702/130730.584:VERBOSE1:net\third_party\quiche\src\quiche\quic\core\tls_handshaker.cc:109] TlsClient: Continuing handshake
[22940:23272:0702/130730.584:VERBOSE1:third_party\blink\renderer\core\script\modulator_impl_base.cc:141] "Import Map: \"http://127.0.0.1:5173/@vite/client\" matches with no entries and thus is not mapped."
[24916:21724:0702/130730.584:VERBOSE1:net\base\network_delegate.cc:38] NetworkDelegate::NotifyBeforeURLRequest: http://127.0.0.1:5173/src/App.css
[24916:21724:0702/130730.588:VERBOSE1:net\base\network_delegate.cc:38] NetworkDelegate::NotifyBeforeURLRequest: http://127.0.0.1:5173/src/api/api.js
[24916:21724:0702/130730.588:VERBOSE1:net\base\network_delegate.cc:38] NetworkDelegate::NotifyBeforeURLRequest: http://127.0.0.1:5173/src/components/sidebar.jsx?t=1782976963120
[24916:21724:0702/130730.588:VERBOSE1:net\base\network_delegate.cc:38] NetworkDelegate::NotifyBeforeURLRequest: http://127.0.0.1:5173/src/pages/Dashboard.jsx?t=1782979245000
[22940:23272:0702/130730.588:VERBOSE1:third_party\blink\renderer\core\script\modulator_impl_base.cc:141] "Import Map: \"http://127.0.0.1:5173/@vite/client\" matches with no entries and thus is not mapped."
[24916:21724:0702/130730.588:VERBOSE1:net\base\network_delegate.cc:38] NetworkDelegate::NotifyBeforeURLRequest: http://127.0.0.1:5173/src/pages/Products.jsx?t=1782916028006
[24916:21724:0702/130730.588:VERBOSE1:net\base\network_delegate.cc:38] NetworkDelegate::NotifyBeforeURLRequest: http://127.0.0.1:5173/src/pages/Inventory.jsx
[24916:21724:0702/130730.588:VERBOSE1:net\base\network_delegate.cc:38] NetworkDelegate::NotifyBeforeURLRequest: http://127.0.0.1:5173/src/pages/Inspiration.jsx
[24916:21724:0702/130730.597:VERBOSE1:net\base\network_delegate.cc:38] NetworkDelegate::NotifyBeforeURLRequest: http://127.0.0.1:5173/src/pages/AIStudio.jsx
[24916:21724:0702/130730.597:VERBOSE1:net\base\network_delegate.cc:38] NetworkDelegate::NotifyBeforeURLRequest: http://127.0.0.1:5173/src/pages/Customers.jsx?t=1782957716307
[24916:21724:0702/130730.597:VERBOSE1:net\base\network_delegate.cc:38] NetworkDelegate::NotifyBeforeURLRequest: http://127.0.0.1:5173/src/pages/Suppliers.jsx?t=1782954564569
[23276:6260:0702/130730.598:VERBOSE1:chrome\browser\web_applications\locks\partitioned_lock_manager.cc:243] All locks acquired for TriggerManifestUpdateProcess@chrome\browser\web_applications\manifest_update_manager.cc:148
[23276:6260:0702/130730.598:VERBOSE1:chrome\browser\web_applications\locks\partitioned_lock_manager.cc:262] Acquiring <PartitionedLockId>{id: 0x31, partition: 0} for OnManifestFetchedAcquireAppLock@chrome\browser\web_applications\commands\manifest_silent_update_command.cc:214
[23276:6260:0702/130730.598:VERBOSE1:chrome\browser\web_applications\locks\partitioned_lock_manager.cc:262] Acquiring <PartitionedLockId>{id: 0x6d66616c64676c616b6a676661636f6d696763616e6f6f6a6f646a616f696e6c, partition: 1} for OnManifestFetchedAcquireAppLock@chrome\browser\web_applications\commands\manifest_silent_update_command.cc:214
[23276:6260:0702/130730.598:VERBOSE1:chrome\browser\web_applications\locks\partitioned_lock_manager.cc:243] All locks acquired for OnManifestFetchedAcquireAppLock@chrome\browser\web_applications\commands\manifest_silent_update_command.cc:214
[23276:6260:0702/130730.598:VERBOSE1:chrome\browser\web_applications\locks\partitioned_lock_manager.cc:286] Releasing <PartitionedLockId>{id: 0x6d66616c64676c616b6a676661636f6d696763616e6f6f6a6f646a616f696e6c, partition: 1} requested by OnManifestFetchedAcquireAppLock@chrome\browser\web_applications\commands\manifest_silent_update_command.cc:214
[23276:6260:0702/130730.598:VERBOSE1:chrome\browser\web_applications\locks\partitioned_lock_manager.cc:286] Releasing <PartitionedLockId>{id: 0x31, partition: 0} requested by OnManifestFetchedAcquireAppLock@chrome\browser\web_applications\commands\manifest_silent_update_command.cc:214
[24916:21724:0702/130730.598:VERBOSE1:net\base\network_delegate.cc:38] NetworkDelegate::NotifyBeforeURLRequest: http://127.0.0.1:5173/src/pages/SupplierLedger.jsx?t=1782919063203
[24916:21724:0702/130730.598:VERBOSE1:net\base\network_delegate.cc:38] NetworkDelegate::NotifyBeforeURLRequest: http://127.0.0.1:5173/src/pages/Orders.jsx?t=1782958484941
[24916:21724:0702/130730.601:VERBOSE1:net\base\network_delegate.cc:38] NetworkDelegate::NotifyBeforeURLRequest: http://127.0.0.1:5173/src/pages/Manufacturing.jsx
[24916:21724:0702/130730.601:VERBOSE1:net\base\network_delegate.cc:38] NetworkDelegate::NotifyBeforeURLRequest: http://127.0.0.1:5173/src/pages/Workers.jsx
[24916:21724:0702/130730.608:VERBOSE1:net\base\network_delegate.cc:38] NetworkDelegate::NotifyBeforeURLRequest: http://127.0.0.1:5173/src/pages/Shipping.jsx
[24916:21724:0702/130730.608:VERBOSE1:net\base\network_delegate.cc:38] NetworkDelegate::NotifyBeforeURLRequest: http://127.0.0.1:5173/src/pages/ShippingBalance.jsx
[24916:21724:0702/130730.608:VERBOSE1:net\base\network_delegate.cc:38] NetworkDelegate::NotifyBeforeURLRequest: http://127.0.0.1:5173/src/pages/FollowUps.jsx
[24916:21724:0702/130730.611:VERBOSE1:net\base\network_delegate.cc:38] NetworkDelegate::NotifyBeforeURLRequest: http://127.0.0.1:5173/src/pages/Payouts.jsx
[24916:21724:0702/130730.611:VERBOSE1:net\base\network_delegate.cc:38] NetworkDelegate::NotifyBeforeURLRequest: http://127.0.0.1:5173/src/pages/Payments.jsx
[24916:21724:0702/130730.614:VERBOSE1:net\base\network_delegate.cc:38] NetworkDelegate::NotifyBeforeURLRequest: http://127.0.0.1:5173/src/pages/Accounting.jsx
[24916:21724:0702/130730.614:VERBOSE1:net\base\network_delegate.cc:38] NetworkDelegate::NotifyBeforeURLRequest: http://127.0.0.1:5173/src/pages/Production.jsx?t=1782977025717
[24916:21724:0702/130730.614:VERBOSE1:net\base\network_delegate.cc:38] NetworkDelegate::NotifyBeforeURLRequest: http://127.0.0.1:5173/src/pages/MyTasks.jsx?t=1782977340712
[24916:21724:0702/130730.618:VERBOSE1:net\base\network_delegate.cc:38] NetworkDelegate::NotifyBeforeURLRequest: http://127.0.0.1:5173/src/pages/Reports.jsx
[24916:21724:0702/130730.618:VERBOSE1:net\base\network_delegate.cc:38] NetworkDelegate::NotifyBeforeURLRequest: http://127.0.0.1:5173/src/pages/Settings.jsx
[24916:21724:0702/130730.618:VERBOSE1:net\base\network_delegate.cc:38] NetworkDelegate::NotifyBeforeURLRequest: http://127.0.0.1:5173/src/pages/Users.jsx
[24916:21724:0702/130730.622:VERBOSE1:net\base\network_delegate.cc:38] NetworkDelegate::NotifyBeforeURLRequest: http://127.0.0.1:5173/src/pages/Quotes.jsx
[24916:21724:0702/130730.622:VERBOSE1:net\base\network_delegate.cc:38] NetworkDelegate::NotifyBeforeURLRequest: http://127.0.0.1:5173/src/pages/TempData.jsx
[24916:21724:0702/130730.622:VERBOSE1:net\base\network_delegate.cc:38] NetworkDelegate::NotifyBeforeURLRequest: http://127.0.0.1:5173/src/pages/Messages.jsx
[24916:21724:0702/130730.622:VERBOSE1:net\base\network_delegate.cc:38] NetworkDelegate::NotifyBeforeURLRequest: http://127.0.0.1:5173/src/pages/Login.jsx
[24916:21724:0702/130730.622:VERBOSE1:net\base\network_delegate.cc:38] NetworkDelegate::NotifyBeforeURLRequest: http://127.0.0.1:5173/src/pages/OperationsSizing.css
[24916:21724:0702/130730.622:VERBOSE1:net\base\network_delegate.cc:38] NetworkDelegate::NotifyBeforeURLRequest: http://127.0.0.1:5173/src/pages/DashboardDesktop.css
[24916:21724:0702/130730.650:VERBOSE1:net\third_party\quiche\src\quiche\quic\core\tls_handshaker.cc:109] TlsClient: Continuing handshake
[24916:21724:0702/130730.654:VERBOSE1:net\third_party\quiche\src\quiche\quic\core\tls_handshaker.cc:109] TlsClient: Continuing handshake
[22940:23272:0702/130730.657:VERBOSE1:third_party\blink\renderer\core\script\modulator_impl_base.cc:141] "Import Map: \"http://127.0.0.1:5173/@vite/client\" matches with no entries and thus is not mapped."
[22940:23272:0702/130730.657:VERBOSE1:third_party\blink\renderer\core\script\modulator_impl_base.cc:141] "Import Map: \"http://127.0.0.1:5173/node_modules/.vite/deps/axios.js?v=d132295d\" matches with no entries and thus is not mapped."
[22940:23272:0702/130730.657:VERBOSE1:third_party\blink\renderer\core\script\modulator_impl_base.cc:141] "Import Map: \"http://127.0.0.1:5173/@vite/client\" matches with no entries and thus is not mapped."
[22940:23272:0702/130730.657:VERBOSE1:third_party\blink\renderer\core\script\modulator_impl_base.cc:141] "Import Map: \"http://127.0.0.1:5173/node_modules/.vite/deps/react.js?v=d132295d\" matches with no entries and thus is not mapped."
[22940:23272:0702/130730.657:VERBOSE1:third_party\blink\renderer\core\script\modulator_impl_base.cc:141] "Import Map: \"http://127.0.0.1:5173/src/api/api.js\" matches with no entries and thus is not mapped."
[22940:23272:0702/130730.657:VERBOSE1:third_party\blink\renderer\core\script\modulator_impl_base.cc:141] "Import Map: \"http://127.0.0.1:5173/src/pages/Dashboard.css?t=1782979245000\" matches with no entries and thus is not mapped."
[22940:23272:0702/130730.657:VERBOSE1:third_party\blink\renderer\core\script\modulator_impl_base.cc:141] "Import Map: \"http://127.0.0.1:5173/node_modules/.vite/deps/react_jsx-dev-runtime.js?v=d132295d\" matches with no entries and thus is not mapped."
[22940:23272:0702/130730.657:VERBOSE1:third_party\blink\renderer\core\script\modulator_impl_base.cc:141] "Import Map: \"http://127.0.0.1:5173/@react-refresh\" matches with no entries and thus is not mapped."
[22940:23272:0702/130730.657:VERBOSE1:third_party\blink\renderer\core\script\modulator_impl_base.cc:141] "Import Map: \"http://127.0.0.1:5173/src/pages/Dashboard.jsx?t=1782979245000\" matches with no entries and thus is not mapped."
[22940:23272:0702/130730.657:VERBOSE1:third_party\blink\renderer\core\script\modulator_impl_base.cc:141] "Import Map: \"http://127.0.0.1:5173/node_modules/.vite/deps/chunk-EAsCxrDo.js?v=d132295d\" matches with no entries and thus is not mapped."
[24916:21724:0702/130730.658:VERBOSE1:net\third_party\quiche\src\quiche\quic\core\tls_handshaker.cc:109] TlsClient: Continuing handshake
[24916:21724:0702/130730.659:VERBOSE1:net\third_party\quiche\src\quiche\quic\core\tls_handshaker.cc:109] TlsClient: Continuing handshake
[22940:23272:0702/130730.659:VERBOSE1:third_party\blink\renderer\core\script\modulator_impl_base.cc:141] "Import Map: \"http://127.0.0.1:5173/@vite/client\" matches with no entries and thus is not mapped."
[22940:23272:0702/130730.659:VERBOSE1:third_party\blink\renderer\core\script\modulator_impl_base.cc:141] "Import Map: \"http://127.0.0.1:5173/node_modules/.vite/deps/react.js?v=d132295d\" matches with no entries and thus is not mapped."
[22940:23272:0702/130730.659:VERBOSE1:third_party\blink\renderer\core\script\modulator_impl_base.cc:141] "Import Map: \"http://127.0.0.1:5173/src/api/api.js\" matches with no entries and thus is not mapped."
[22940:23272:0702/130730.659:VERBOSE1:third_party\blink\renderer\core\script\modulator_impl_base.cc:141] "Import Map: \"http://127.0.0.1:5173/src/pages/AIStudio.css\" matches with no entries and thus is not mapped."
[22940:23272:0702/130730.659:VERBOSE1:third_party\blink\renderer\core\script\modulator_impl_base.cc:141] "Import Map: \"http://127.0.0.1:5173/node_modules/.vite/deps/react_jsx-dev-runtime.js?v=d132295d\" matches with no entries and thus is not mapped."
[22940:23272:0702/130730.659:VERBOSE1:third_party\blink\renderer\core\script\modulator_impl_base.cc:141] "Import Map: \"http://127.0.0.1:5173/@react-refresh\" matches with no entries and thus is not mapped."
[22940:23272:0702/130730.659:VERBOSE1:third_party\blink\renderer\core\script\modulator_impl_base.cc:141] "Import Map: \"http://127.0.0.1:5173/src/pages/AIStudio.jsx\" matches with no entries and thus is not mapped."
[22940:23272:0702/130730.659:VERBOSE1:third_party\blink\renderer\core\script\modulator_impl_base.cc:141] "Import Map: \"http://127.0.0.1:5173/@vite/client\" matches with no entries and thus is not mapped."
[22940:23272:0702/130730.659:VERBOSE1:third_party\blink\renderer\core\script\modulator_impl_base.cc:141] "Import Map: \"http://127.0.0.1:5173/node_modules/.vite/deps/react.js?v=d132295d\" matches with no entries and thus is not mapped."
[22940:23272:0702/130730.659:VERBOSE1:third_party\blink\renderer\core\script\modulator_impl_base.cc:141] "Import Map: \"http://127.0.0.1:5173/src/api/api.js\" matches with no entries and thus is not mapped."
[22940:23272:0702/130730.659:VERBOSE1:third_party\blink\renderer\core\script\modulator_impl_base.cc:141] "Import Map: \"http://127.0.0.1:5173/src/pages/Customers.css?t=1782957696158\" matches with no entries and thus is not mapped."
[22940:23272:0702/130730.659:VERBOSE1:third_party\blink\renderer\core\script\modulator_impl_base.cc:141] "Import Map: \"http://127.0.0.1:5173/node_modules/.vite/deps/react_jsx-dev-runtime.js?v=d132295d\" matches with no entries and thus is not mapped."
[22940:23272:0702/130730.659:VERBOSE1:third_party\blink\renderer\core\script\modulator_impl_base.cc:141] "Import Map: \"http://127.0.0.1:5173/@react-refresh\" matches with no entries and thus is not mapped."
[22940:23272:0702/130730.659:VERBOSE1:third_party\blink\renderer\core\script\modulator_impl_base.cc:141] "Import Map: \"http://127.0.0.1:5173/src/pages/Customers.jsx?t=1782957716307\" matches with no entries and thus is not mapped."
[22940:23272:0702/130730.659:VERBOSE1:third_party\blink\renderer\core\script\modulator_impl_base.cc:141] "Import Map: \"http://127.0.0.1:5173/@vite/client\" matches with no entries and thus is not mapped."
[22940:23272:0702/130730.659:VERBOSE1:third_party\blink\renderer\core\script\modulator_impl_base.cc:141] "Import Map: \"http://127.0.0.1:5173/node_modules/.vite/deps/react.js?v=d132295d\" matches with no entries and thus is not mapped."
[22940:23272:0702/130730.659:VERBOSE1:third_party\blink\renderer\core\script\modulator_impl_base.cc:141] "Import Map: \"http://127.0.0.1:5173/src/api/api.js\" matches with no entries and thus is not mapped."
[22940:23272:0702/130730.659:VERBOSE1:third_party\blink\renderer\core\script\modulator_impl_base.cc:141] "Import Map: \"http://127.0.0.1:5173/src/utils/dateUtils.js\" matches with no entries and thus is not mapped."
[22940:23272:0702/130730.659:VERBOSE1:third_party\blink\renderer\core\script\modulator_impl_base.cc:141] "Import Map: \"http://127.0.0.1:5173/src/pages/SupplierLedger.css?t=1782919063203\" matches with no entries and thus is not mapped."
[22940:23272:0702/130730.659:VERBOSE1:third_party\blink\renderer\core\script\modulator_impl_base.cc:141] "Import Map: \"http://127.0.0.1:5173/node_modules/.vite/deps/react_jsx-dev-runtime.js?v=d132295d\" matches with no entries and thus is not mapped."
[22940:23272:0702/130730.659:VERBOSE1:third_party\blink\renderer\core\script\modulator_impl_base.cc:141] "Import Map: \"http://127.0.0.1:5173/@react-refresh\" matches with no entries and thus is not mapped."
[22940:23272:0702/130730.659:VERBOSE1:third_party\blink\renderer\core\script\modulator_impl_base.cc:141] "Import Map: \"http://127.0.0.1:5173/src/pages/SupplierLedger.jsx?t=1782919063203\" matches with no entries and thus is not mapped."
[22940:23272:0702/130730.659:VERBOSE1:third_party\blink\renderer\core\script\modulator_impl_base.cc:141] "Import Map: \"http://127.0.0.1:5173/@vite/client\" matches with no entries and thus is not mapped."
[22940:23272:0702/130730.659:VERBOSE1:third_party\blink\renderer\core\script\modulator_impl_base.cc:141] "Import Map: \"http://127.0.0.1:5173/node_modules/.vite/deps/react.js?v=d132295d\" matches with no entries and thus is not mapped."
[22940:23272:0702/130730.659:VERBOSE1:third_party\blink\renderer\core\script\modulator_impl_base.cc:141] "Import Map: \"http://127.0.0.1:5173/src/api/api.js\" matches with no entries and thus is not mapped."
[22940:23272:0702/130730.659:VERBOSE1:third_party\blink\renderer\core\script\modulator_impl_base.cc:141] "Import Map: \"http://127.0.0.1:5173/src/pages/Products.css?t=1782916028006\" matches with no entries and thus is not mapped."
[22940:23272:0702/130730.659:VERBOSE1:third_party\blink\renderer\core\script\modulator_impl_base.cc:141] "Import Map: \"http://127.0.0.1:5173/node_modules/.vite/deps/react_jsx-dev-runtime.js?v=d132295d\" matches with no entries and thus is not mapped."
[22940:23272:0702/130730.659:VERBOSE1:third_party\blink\renderer\core\script\modulator_impl_base.cc:141] "Import Map: \"http://127.0.0.1:5173/@react-refresh\" matches with no entries and thus is not mapped."
[22940:23272:0702/130730.659:VERBOSE1:third_party\blink\renderer\core\script\modulator_impl_base.cc:141] "Import Map: \"http://127.0.0.1:5173/src/pages/Products.jsx?t=1782916028006\" matches with no entries and thus is not mapped."
[22940:23272:0702/130730.659:VERBOSE1:third_party\blink\renderer\core\script\modulator_impl_base.cc:141] "Import Map: \"http://127.0.0.1:5173/@vite/client\" matches with no entries and thus is not mapped."
[22940:23272:0702/130730.659:VERBOSE1:third_party\blink\renderer\core\script\modulator_impl_base.cc:141] "Import Map: \"http://127.0.0.1:5173/node_modules/.vite/deps/react.js?v=d132295d\" matches with no entries and thus is not mapped."
[22940:23272:0702/130730.659:VERBOSE1:third_party\blink\renderer\core\script\modulator_impl_base.cc:141] "Import Map: \"http://127.0.0.1:5173/src/api/api.js\" matches with no entries and thus is not mapped."
[22940:23272:0702/130730.659:VERBOSE1:third_party\blink\renderer\core\script\modulator_impl_base.cc:141] "Import Map: \"http://127.0.0.1:5173/src/pages/Manufacturing.css\" matches with no entries and thus is not mapped."
[22940:23272:0702/130730.659:VERBOSE1:third_party\blink\renderer\core\script\modulator_impl_base.cc:141] "Import Map: \"http://127.0.0.1:5173/node_modules/.vite/deps/react_jsx-dev-runtime.js?v=d132295d\" matches with no entries and thus is not mapped."
[22940:23272:0702/130730.659:VERBOSE1:third_party\blink\renderer\core\script\modulator_impl_base.cc:141] "Import Map: \"http://127.0.0.1:5173/@react-refresh\" matches with no entries and thus is not mapped."
[22940:23272:0702/130730.659:VERBOSE1:third_party\blink\renderer\core\script\modulator_impl_base.cc:141] "Import Map: \"http://127.0.0.1:5173/src/pages/Manufacturing.jsx\" matches with no entries and thus is not mapped."
[24916:21724:0702/130730.659:VERBOSE1:net\base\network_delegate.cc:38] NetworkDelegate::NotifyBeforeURLRequest: http://127.0.0.1:5173/src/pages/Dashboard.css?t=1782979245000
[22940:23272:0702/130730.667:VERBOSE1:third_party\blink\renderer\core\script\modulator_impl_base.cc:141] "Import Map: \"http://127.0.0.1:5173/@vite/client\" matches with no entries and thus is not mapped."
[22940:23272:0702/130730.667:VERBOSE1:third_party\blink\renderer\core\script\modulator_impl_base.cc:141] "Import Map: \"http://127.0.0.1:5173/node_modules/.vite/deps/react.js?v=d132295d\" matches with no entries and thus is not mapped."
[22940:23272:0702/130730.667:VERBOSE1:third_party\blink\renderer\core\script\modulator_impl_base.cc:141] "Import Map: \"http://127.0.0.1:5173/src/api/api.js\" matches with no entries and thus is not mapped."
[22940:23272:0702/130730.667:VERBOSE1:third_party\blink\renderer\core\script\modulator_impl_base.cc:141] "Import Map: \"http://127.0.0.1:5173/src/utils/dateUtils.js\" matches with no entries and thus is not mapped."
[22940:23272:0702/130730.667:VERBOSE1:third_party\blink\renderer\core\script\modulator_impl_base.cc:141] "Import Map: \"http://127.0.0.1:5173/src/pages/Suppliers.css?t=1782954564569\" matches with no entries and thus is not mapped."
[22940:23272:0702/130730.667:VERBOSE1:third_party\blink\renderer\core\script\modulator_impl_base.cc:141] "Import Map: \"http://127.0.0.1:5173/node_modules/.vite/deps/react_jsx-dev-runtime.js?v=d132295d\" matches with no entries and thus is not mapped."
[22940:23272:0702/130730.667:VERBOSE1:third_party\blink\renderer\core\script\modulator_impl_base.cc:141] "Import Map: \"http://127.0.0.1:5173/@react-refresh\" matches with no entries and thus is not mapped."
[22940:23272:0702/130730.667:VERBOSE1:third_party\blink\renderer\core\script\modulator_impl_base.cc:141] "Import Map: \"http://127.0.0.1:5173/src/pages/Suppliers.jsx?t=1782954564569\" matches with no entries and thus is not mapped."
[24916:21724:0702/130730.667:VERBOSE1:net\base\network_delegate.cc:38] NetworkDelegate::NotifyBeforeURLRequest: http://127.0.0.1:5173/src/pages/AIStudio.css
[24916:21724:0702/130730.667:VERBOSE1:net\base\network_delegate.cc:38] NetworkDelegate::NotifyBeforeURLRequest: http://127.0.0.1:5173/src/pages/Customers.css?t=1782957696158
[23276:6260:0702/130730.667:INFO:CONSOLE:851] "[vite] connecting...", source: http://127.0.0.1:5173/@vite/client (851)
[24916:21724:0702/130730.667:VERBOSE1:net\base\network_delegate.cc:38] NetworkDelegate::NotifyBeforeURLRequest: ws://127.0.0.1:5173/?token=Vif2Ls4_KXYV
[24916:21724:0702/130730.675:VERBOSE1:net\base\network_delegate.cc:38] NetworkDelegate::NotifyBeforeURLRequest: http://127.0.0.1:5173/src/utils/dateUtils.js
[24916:21724:0702/130730.676:VERBOSE1:net\base\network_delegate.cc:38] NetworkDelegate::NotifyBeforeURLRequest: http://127.0.0.1:5173/src/pages/SupplierLedger.css?t=1782919063203
[24916:21724:0702/130730.676:VERBOSE1:net\base\network_delegate.cc:38] NetworkDelegate::NotifyBeforeURLRequest: http://127.0.0.1:5173/src/pages/Products.css?t=1782916028006
[22940:23272:0702/130730.676:VERBOSE1:third_party\blink\renderer\core\script\modulator_impl_base.cc:141] "Import Map: \"http://127.0.0.1:5173/@vite/client\" matches with no entries and thus is not mapped."
[24916:21724:0702/130730.676:VERBOSE1:net\base\network_delegate.cc:38] NetworkDelegate::NotifyBeforeURLRequest: http://127.0.0.1:5173/src/pages/Manufacturing.css
[22940:23272:0702/130730.676:VERBOSE1:third_party\blink\renderer\core\script\modulator_impl_base.cc:141] "Import Map: \"http://127.0.0.1:5173/node_modules/.vite/deps/react.js?v=d132295d\" matches with no entries and thus is not mapped."
[22940:23272:0702/130730.676:VERBOSE1:third_party\blink\renderer\core\script\modulator_impl_base.cc:141] "Import Map: \"http://127.0.0.1:5173/src/components/sidebar.css?t=1782976963120\" matches with no entries and thus is not mapped."
[22940:23272:0702/130730.676:VERBOSE1:third_party\blink\renderer\core\script\modulator_impl_base.cc:141] "Import Map: \"http://127.0.0.1:5173/node_modules/.vite/deps/react_jsx-dev-runtime.js?v=d132295d\" matches with no entries and thus is not mapped."
[22940:23272:0702/130730.676:VERBOSE1:third_party\blink\renderer\core\script\modulator_impl_base.cc:141] "Import Map: \"http://127.0.0.1:5173/@react-refresh\" matches with no entries and thus is not mapped."
[22940:23272:0702/130730.676:VERBOSE1:third_party\blink\renderer\core\script\modulator_impl_base.cc:141] "Import Map: \"http://127.0.0.1:5173/src/components/sidebar.jsx?t=1782976963120\" matches with no entries and thus is not mapped."
[22940:23272:0702/130730.676:VERBOSE1:third_party\blink\renderer\core\script\modulator_impl_base.cc:141] "Import Map: \"http://127.0.0.1:5173/@vite/client\" matches with no entries and thus is not mapped."
[24916:21724:0702/130730.676:VERBOSE1:net\base\network_delegate.cc:38] NetworkDelegate::NotifyBeforeURLRequest: http://127.0.0.1:5173/src/pages/Suppliers.css?t=1782954564569
[22940:23272:0702/130730.676:VERBOSE1:third_party\blink\renderer\core\script\modulator_impl_base.cc:141] "Import Map: \"http://127.0.0.1:5173/node_modules/.vite/deps/react.js?v=d132295d\" matches with no entries and thus is not mapped."
[22940:23272:0702/130730.676:VERBOSE1:third_party\blink\renderer\core\script\modulator_impl_base.cc:141] "Import Map: \"http://127.0.0.1:5173/src/api/api.js\" matches with no entries and thus is not mapped."
[22940:23272:0702/130730.676:VERBOSE1:third_party\blink\renderer\core\script\modulator_impl_base.cc:141] "Import Map: \"http://127.0.0.1:5173/src/utils/dateUtils.js\" matches with no entries and thus is not mapped."
[22940:23272:0702/130730.676:VERBOSE1:third_party\blink\renderer\core\script\modulator_impl_base.cc:141] "Import Map: \"http://127.0.0.1:5173/src/pages/Inventory.css\" matches with no entries and thus is not mapped."
[22940:23272:0702/130730.676:VERBOSE1:third_party\blink\renderer\core\script\modulator_impl_base.cc:141] "Import Map: \"http://127.0.0.1:5173/node_modules/.vite/deps/react_jsx-dev-runtime.js?v=d132295d\" matches with no entries and thus is not mapped."
[22940:23272:0702/130730.676:VERBOSE1:third_party\blink\renderer\core\script\modulator_impl_base.cc:141] "Import Map: \"http://127.0.0.1:5173/@react-refresh\" matches with no entries and thus is not mapped."
[22940:23272:0702/130730.676:VERBOSE1:third_party\blink\renderer\core\script\modulator_impl_base.cc:141] "Import Map: \"http://127.0.0.1:5173/src/pages/Inventory.jsx\" matches with no entries and thus is not mapped."
[22940:23272:0702/130730.676:VERBOSE1:third_party\blink\renderer\core\script\modulator_impl_base.cc:141] "Import Map: \"http://127.0.0.1:5173/@vite/client\" matches with no entries and thus is not mapped."
[22940:23272:0702/130730.676:VERBOSE1:third_party\blink\renderer\core\script\modulator_impl_base.cc:141] "Import Map: \"http://127.0.0.1:5173/node_modules/.vite/deps/react.js?v=d132295d\" matches with no entries and thus is not mapped."
[22940:23272:0702/130730.676:VERBOSE1:third_party\blink\renderer\core\script\modulator_impl_base.cc:141] "Import Map: \"http://127.0.0.1:5173/src/api/api.js\" matches with no entries and thus is not mapped."
[22940:23272:0702/130730.676:VERBOSE1:third_party\blink\renderer\core\script\modulator_impl_base.cc:141] "Import Map: \"http://127.0.0.1:5173/src/pages/Orders.css?t=1782958484941\" matches with no entries and thus is not mapped."
[22940:23272:0702/130730.676:VERBOSE1:third_party\blink\renderer\core\script\modulator_impl_base.cc:141] "Import Map: \"http://127.0.0.1:5173/node_modules/.vite/deps/react_jsx-dev-runtime.js?v=d132295d\" matches with no entries and thus is not mapped."
[22940:23272:0702/130730.676:VERBOSE1:third_party\blink\renderer\core\script\modulator_impl_base.cc:141] "Import Map: \"http://127.0.0.1:5173/@react-refresh\" matches with no entries and thus is not mapped."
[22940:23272:0702/130730.676:VERBOSE1:third_party\blink\renderer\core\script\modulator_impl_base.cc:141] "Import Map: \"http://127.0.0.1:5173/src/pages/Orders.jsx?t=1782958484941\" matches with no entries and thus is not mapped."
[22940:23272:0702/130730.676:VERBOSE1:third_party\blink\renderer\core\script\modulator_impl_base.cc:141] "Import Map: \"http://127.0.0.1:5173/@vite/client\" matches with no entries and thus is not mapped."
[22940:23272:0702/130730.676:VERBOSE1:third_party\blink\renderer\core\script\modulator_impl_base.cc:141] "Import Map: \"http://127.0.0.1:5173/node_modules/.vite/deps/react.js?v=d132295d\" matches with no entries and thus is not mapped."
[22940:23272:0702/130730.676:VERBOSE1:third_party\blink\renderer\core\script\modulator_impl_base.cc:141] "Import Map: \"http://127.0.0.1:5173/src/api/api.js\" matches with no entries and thus is not mapped."
[22940:23272:0702/130730.676:VERBOSE1:third_party\blink\renderer\core\script\modulator_impl_base.cc:141] "Import Map: \"http://127.0.0.1:5173/src/utils/dateUtils.js\" matches with no entries and thus is not mapped."
[22940:23272:0702/130730.676:VERBOSE1:third_party\blink\renderer\core\script\modulator_impl_base.cc:141] "Import Map: \"http://127.0.0.1:5173/src/pages/FollowUps.css\" matches with no entries and thus is not mapped."
[22940:23272:0702/130730.676:VERBOSE1:third_party\blink\renderer\core\script\modulator_impl_base.cc:141] "Import Map: \"http://127.0.0.1:5173/node_modules/.vite/deps/react_jsx-dev-runtime.js?v=d132295d\" matches with no entries and thus is not mapped."
[22940:23272:0702/130730.676:VERBOSE1:third_party\blink\renderer\core\script\modulator_impl_base.cc:141] "Import Map: \"http://127.0.0.1:5173/@react-refresh\" matches with no entries and thus is not mapped."
[22940:23272:0702/130730.676:VERBOSE1:third_party\blink\renderer\core\script\modulator_impl_base.cc:141] "Import Map: \"http://127.0.0.1:5173/src/pages/FollowUps.jsx\" matches with no entries and thus is not mapped."
[22940:23272:0702/130730.678:VERBOSE1:third_party\blink\renderer\core\script\modulator_impl_base.cc:141] "Import Map: \"http://127.0.0.1:5173/@vite/client\" matches with no entries and thus is not mapped."
[22940:23272:0702/130730.678:VERBOSE1:third_party\blink\renderer\core\script\modulator_impl_base.cc:141] "Import Map: \"http://127.0.0.1:5173/node_modules/.vite/deps/react.js?v=d132295d\" matches with no entries and thus is not mapped."
[22940:23272:0702/130730.678:VERBOSE1:third_party\blink\renderer\core\script\modulator_impl_base.cc:141] "Import Map: \"http://127.0.0.1:5173/src/api/api.js\" matches with no entries and thus is not mapped."
[22940:23272:0702/130730.678:VERBOSE1:third_party\blink\renderer\core\script\modulator_impl_base.cc:141] "Import Map: \"http://127.0.0.1:5173/src/pages/Inspiration.css\" matches with no entries and thus is not mapped."
[22940:23272:0702/130730.678:VERBOSE1:third_party\blink\renderer\core\script\modulator_impl_base.cc:141] "Import Map: \"http://127.0.0.1:5173/node_modules/.vite/deps/react_jsx-dev-runtime.js?v=d132295d\" matches with no entries and thus is not mapped."
[22940:23272:0702/130730.678:VERBOSE1:third_party\blink\renderer\core\script\modulator_impl_base.cc:141] "Import Map: \"http://127.0.0.1:5173/@react-refresh\" matches with no entries and thus is not mapped."
[22940:23272:0702/130730.678:VERBOSE1:third_party\blink\renderer\core\script\modulator_impl_base.cc:141] "Import Map: \"http://127.0.0.1:5173/src/pages/Inspiration.jsx\" matches with no entries and thus is not mapped."
[22940:23272:0702/130730.678:VERBOSE1:third_party\blink\renderer\core\script\modulator_impl_base.cc:141] "Import Map: \"http://127.0.0.1:5173/@vite/client\" matches with no entries and thus is not mapped."
[22940:23272:0702/130730.678:VERBOSE1:third_party\blink\renderer\core\script\modulator_impl_base.cc:141] "Import Map: \"http://127.0.0.1:5173/node_modules/.vite/deps/react.js?v=d132295d\" matches with no entries and thus is not mapped."
[22940:23272:0702/130730.678:VERBOSE1:third_party\blink\renderer\core\script\modulator_impl_base.cc:141] "Import Map: \"http://127.0.0.1:5173/src/api/api.js\" matches with no entries and thus is not mapped."
[22940:23272:0702/130730.678:VERBOSE1:third_party\blink\renderer\core\script\modulator_impl_base.cc:141] "Import Map: \"http://127.0.0.1:5173/src/utils/dateUtils.js\" matches with no entries and thus is not mapped."
[22940:23272:0702/130730.678:VERBOSE1:third_party\blink\renderer\core\script\modulator_impl_base.cc:141] "Import Map: \"http://127.0.0.1:5173/src/pages/ShippingBalance.css\" matches with no entries and thus is not mapped."
[22940:23272:0702/130730.678:VERBOSE1:third_party\blink\renderer\core\script\modulator_impl_base.cc:141] "Import Map: \"http://127.0.0.1:5173/node_modules/.vite/deps/react_jsx-dev-runtime.js?v=d132295d\" matches with no entries and thus is not mapped."
[22940:23272:0702/130730.678:VERBOSE1:third_party\blink\renderer\core\script\modulator_impl_base.cc:141] "Import Map: \"http://127.0.0.1:5173/@react-refresh\" matches with no entries and thus is not mapped."
[22940:23272:0702/130730.678:VERBOSE1:third_party\blink\renderer\core\script\modulator_impl_base.cc:141] "Import Map: \"http://127.0.0.1:5173/src/pages/ShippingBalance.jsx\" matches with no entries and thus is not mapped."
[22940:23272:0702/130730.678:VERBOSE1:third_party\blink\renderer\core\script\modulator_impl_base.cc:141] "Import Map: \"http://127.0.0.1:5173/@vite/client\" matches with no entries and thus is not mapped."
[22940:23272:0702/130730.678:VERBOSE1:third_party\blink\renderer\core\script\modulator_impl_base.cc:141] "Import Map: \"http://127.0.0.1:5173/node_modules/.vite/deps/react.js?v=d132295d\" matches with no entries and thus is not mapped."
[22940:23272:0702/130730.678:VERBOSE1:third_party\blink\renderer\core\script\modulator_impl_base.cc:141] "Import Map: \"http://127.0.0.1:5173/src/api/api.js\" matches with no entries and thus is not mapped."
[22940:23272:0702/130730.678:VERBOSE1:third_party\blink\renderer\core\script\modulator_impl_base.cc:141] "Import Map: \"http://127.0.0.1:5173/src/pages/Payouts.css\" matches with no entries and thus is not mapped."
[22940:23272:0702/130730.678:VERBOSE1:third_party\blink\renderer\core\script\modulator_impl_base.cc:141] "Import Map: \"http://127.0.0.1:5173/node_modules/.vite/deps/react_jsx-dev-runtime.js?v=d132295d\" matches with no entries and thus is not mapped."
[22940:23272:0702/130730.678:VERBOSE1:third_party\blink\renderer\core\script\modulator_impl_base.cc:141] "Import Map: \"http://127.0.0.1:5173/@react-refresh\" matches with no entries and thus is not mapped."
[22940:23272:0702/130730.678:VERBOSE1:third_party\blink\renderer\core\script\modulator_impl_base.cc:141] "Import Map: \"http://127.0.0.1:5173/src/pages/Payouts.jsx\" matches with no entries and thus is not mapped."
[22940:23272:0702/130730.678:VERBOSE1:third_party\blink\renderer\core\script\modulator_impl_base.cc:141] "Import Map: \"http://127.0.0.1:5173/@vite/client\" matches with no entries and thus is not mapped."
[22940:23272:0702/130730.678:VERBOSE1:third_party\blink\renderer\core\script\modulator_impl_base.cc:141] "Import Map: \"http://127.0.0.1:5173/node_modules/.vite/deps/react.js?v=d132295d\" matches with no entries and thus is not mapped."
[22940:23272:0702/130730.678:VERBOSE1:third_party\blink\renderer\core\script\modulator_impl_base.cc:141] "Import Map: \"http://127.0.0.1:5173/src/api/api.js\" matches with no entries and thus is not mapped."
[22940:23272:0702/130730.678:VERBOSE1:third_party\blink\renderer\core\script\modulator_impl_base.cc:141] "Import Map: \"http://127.0.0.1:5173/src/utils/dateUtils.js\" matches with no entries and thus is not mapped."
[22940:23272:0702/130730.678:VERBOSE1:third_party\blink\renderer\core\script\modulator_impl_base.cc:141] "Import Map: \"http://127.0.0.1:5173/src/pages/Payments.css\" matches with no entries and thus is not mapped."
[22940:23272:0702/130730.678:VERBOSE1:third_party\blink\renderer\core\script\modulator_impl_base.cc:141] "Import Map: \"http://127.0.0.1:5173/node_modules/.vite/deps/react_jsx-dev-runtime.js?v=d132295d\" matches with no entries and thus is not mapped."
[22940:23272:0702/130730.678:VERBOSE1:third_party\blink\renderer\core\script\modulator_impl_base.cc:141] "Import Map: \"http://127.0.0.1:5173/@react-refresh\" matches with no entries and thus is not mapped."
[22940:23272:0702/130730.678:VERBOSE1:third_party\blink\renderer\core\script\modulator_impl_base.cc:141] "Import Map: \"http://127.0.0.1:5173/src/pages/Payments.jsx\" matches with no entries and thus is not mapped."
[22940:23272:0702/130730.678:VERBOSE1:third_party\blink\renderer\core\script\modulator_impl_base.cc:141] "Import Map: \"http://127.0.0.1:5173/@vite/client\" matches with no entries and thus is not mapped."
[22940:23272:0702/130730.678:VERBOSE1:third_party\blink\renderer\core\script\modulator_impl_base.cc:141] "Import Map: \"http://127.0.0.1:5173/node_modules/.vite/deps/react.js?v=d132295d\" matches with no entries and thus is not mapped."
[22940:23272:0702/130730.678:VERBOSE1:third_party\blink\renderer\core\script\modulator_impl_base.cc:141] "Import Map: \"http://127.0.0.1:5173/src/api/api.js\" matches with no entries and thus is not mapped."
[22940:23272:0702/130730.678:VERBOSE1:third_party\blink\renderer\core\script\modulator_impl_base.cc:141] "Import Map: \"http://127.0.0.1:5173/src/utils/dateUtils.js\" matches with no entries and thus is not mapped."
[22940:23272:0702/130730.678:VERBOSE1:third_party\blink\renderer\core\script\modulator_impl_base.cc:141] "Import Map: \"http://127.0.0.1:5173/src/pages/Production.css?t=1782977025717\" matches with no entries and thus is not mapped."
[22940:23272:0702/130730.678:VERBOSE1:third_party\blink\renderer\core\script\modulator_impl_base.cc:141] "Import Map: \"http://127.0.0.1:5173/node_modules/.vite/deps/react_jsx-dev-runtime.js?v=d132295d\" matches with no entries and thus is not mapped."
[22940:23272:0702/130730.678:VERBOSE1:third_party\blink\renderer\core\script\modulator_impl_base.cc:141] "Import Map: \"http://127.0.0.1:5173/@react-refresh\" matches with no entries and thus is not mapped."
[22940:23272:0702/130730.678:VERBOSE1:third_party\blink\renderer\core\script\modulator_impl_base.cc:141] "Import Map: \"http://127.0.0.1:5173/src/pages/MyTasks.jsx?t=1782977340712\" matches with no entries and thus is not mapped."
[22940:23272:0702/130730.678:VERBOSE1:third_party\blink\renderer\core\script\modulator_impl_base.cc:141] "Import Map: \"http://127.0.0.1:5173/@vite/client\" matches with no entries and thus is not mapped."
[22940:23272:0702/130730.678:VERBOSE1:third_party\blink\renderer\core\script\modulator_impl_base.cc:141] "Import Map: \"http://127.0.0.1:5173/node_modules/.vite/deps/react.js?v=d132295d\" matches with no entries and thus is not mapped."
[22940:23272:0702/130730.678:VERBOSE1:third_party\blink\renderer\core\script\modulator_impl_base.cc:141] "Import Map: \"http://127.0.0.1:5173/src/api/api.js\" matches with no entries and thus is not mapped."
[22940:23272:0702/130730.678:VERBOSE1:third_party\blink\renderer\core\script\modulator_impl_base.cc:141] "Import Map: \"http://127.0.0.1:5173/src/utils/dateUtils.js\" matches with no entries and thus is not mapped."
[22940:23272:0702/130730.678:VERBOSE1:third_party\blink\renderer\core\script\modulator_impl_base.cc:141] "Import Map: \"http://127.0.0.1:5173/src/pages/Shipping.css\" matches with no entries and thus is not mapped."
[22940:23272:0702/130730.678:VERBOSE1:third_party\blink\renderer\core\script\modulator_impl_base.cc:141] "Import Map: \"http://127.0.0.1:5173/node_modules/.vite/deps/react_jsx-dev-runtime.js?v=d132295d\" matches with no entries and thus is not mapped."
[22940:23272:0702/130730.678:VERBOSE1:third_party\blink\renderer\core\script\modulator_impl_base.cc:141] "Import Map: \"http://127.0.0.1:5173/@react-refresh\" matches with no entries and thus is not mapped."
[22940:23272:0702/130730.678:VERBOSE1:third_party\blink\renderer\core\script\modulator_impl_base.cc:141] "Import Map: \"http://127.0.0.1:5173/src/pages/Shipping.jsx\" matches with no entries and thus is not mapped."
[22940:23272:0702/130730.678:VERBOSE1:third_party\blink\renderer\core\script\modulator_impl_base.cc:141] "Import Map: \"http://127.0.0.1:5173/@vite/client\" matches with no entries and thus is not mapped."
[22940:23272:0702/130730.678:VERBOSE1:third_party\blink\renderer\core\script\modulator_impl_base.cc:141] "Import Map: \"http://127.0.0.1:5173/node_modules/.vite/deps/react.js?v=d132295d\" matches with no entries and thus is not mapped."
[22940:23272:0702/130730.678:VERBOSE1:third_party\blink\renderer\core\script\modulator_impl_base.cc:141] "Import Map: \"http://127.0.0.1:5173/src/api/api.js\" matches with no entries and thus is not mapped."
[22940:23272:0702/130730.678:VERBOSE1:third_party\blink\renderer\core\script\modulator_impl_base.cc:141] "Import Map: \"http://127.0.0.1:5173/src/utils/dateUtils.js\" matches with no entries and thus is not mapped."
[22940:23272:0702/130730.678:VERBOSE1:third_party\blink\renderer\core\script\modulator_impl_base.cc:141] "Import Map: \"http://127.0.0.1:5173/src/pages/Production.css?t=1782977025717\" matches with no entries and thus is not mapped."
[22940:23272:0702/130730.678:VERBOSE1:third_party\blink\renderer\core\script\modulator_impl_base.cc:141] "Import Map: \"http://127.0.0.1:5173/node_modules/.vite/deps/react_jsx-dev-runtime.js?v=d132295d\" matches with no entries and thus is not mapped."
[22940:23272:0702/130730.678:VERBOSE1:third_party\blink\renderer\core\script\modulator_impl_base.cc:141] "Import Map: \"http://127.0.0.1:5173/@react-refresh\" matches with no entries and thus is not mapped."
[22940:23272:0702/130730.678:VERBOSE1:third_party\blink\renderer\core\script\modulator_impl_base.cc:141] "Import Map: \"http://127.0.0.1:5173/src/pages/Production.jsx?t=1782977025717\" matches with no entries and thus is not mapped."
[22940:23272:0702/130730.678:VERBOSE1:third_party\blink\renderer\core\script\modulator_impl_base.cc:141] "Import Map: \"http://127.0.0.1:5173/@vite/client\" matches with no entries and thus is not mapped."
[22940:23272:0702/130730.678:VERBOSE1:third_party\blink\renderer\core\script\modulator_impl_base.cc:141] "Import Map: \"http://127.0.0.1:5173/node_modules/.vite/deps/react.js?v=d132295d\" matches with no entries and thus is not mapped."
[22940:23272:0702/130730.678:VERBOSE1:third_party\blink\renderer\core\script\modulator_impl_base.cc:141] "Import Map: \"http://127.0.0.1:5173/src/api/api.js\" matches with no entries and thus is not mapped."
[22940:23272:0702/130730.678:VERBOSE1:third_party\blink\renderer\core\script\modulator_impl_base.cc:141] "Import Map: \"http://127.0.0.1:5173/src/pages/Users.css\" matches with no entries and thus is not mapped."
[22940:23272:0702/130730.678:VERBOSE1:third_party\blink\renderer\core\script\modulator_impl_base.cc:141] "Import Map: \"http://127.0.0.1:5173/src/pages/Settings.css\" matches with no entries and thus is not mapped."
[22940:23272:0702/130730.678:VERBOSE1:third_party\blink\renderer\core\script\modulator_impl_base.cc:141] "Import Map: \"http://127.0.0.1:5173/node_modules/.vite/deps/react_jsx-dev-runtime.js?v=d132295d\" matches with no entries and thus is not mapped."
[22940:23272:0702/130730.678:VERBOSE1:third_party\blink\renderer\core\script\modulator_impl_base.cc:141] "Import Map: \"http://127.0.0.1:5173/@react-refresh\" matches with no entries and thus is not mapped."
[22940:23272:0702/130730.678:VERBOSE1:third_party\blink\renderer\core\script\modulator_impl_base.cc:141] "Import Map: \"http://127.0.0.1:5173/src/pages/Settings.jsx\" matches with no entries and thus is not mapped."
[22940:23272:0702/130730.678:VERBOSE1:third_party\blink\renderer\core\script\modulator_impl_base.cc:141] "Import Map: \"http://127.0.0.1:5173/@vite/client\" matches with no entries and thus is not mapped."
[22940:23272:0702/130730.678:VERBOSE1:third_party\blink\renderer\core\script\modulator_impl_base.cc:141] "Import Map: \"http://127.0.0.1:5173/node_modules/.vite/deps/react.js?v=d132295d\" matches with no entries and thus is not mapped."
[22940:23272:0702/130730.678:VERBOSE1:third_party\blink\renderer\core\script\modulator_impl_base.cc:141] "Import Map: \"http://127.0.0.1:5173/src/api/api.js\" matches with no entries and thus is not mapped."
[22940:23272:0702/130730.678:VERBOSE1:third_party\blink\renderer\core\script\modulator_impl_base.cc:141] "Import Map: \"http://127.0.0.1:5173/src/pages/Accounting.css\" matches with no entries and thus is not mapped."
[22940:23272:0702/130730.678:VERBOSE1:third_party\blink\renderer\core\script\modulator_impl_base.cc:141] "Import Map: \"http://127.0.0.1:5173/node_modules/.vite/deps/react_jsx-dev-runtime.js?v=d132295d\" matches with no entries and thus is not mapped."
[22940:23272:0702/130730.678:VERBOSE1:third_party\blink\renderer\core\script\modulator_impl_base.cc:141] "Import Map: \"http://127.0.0.1:5173/@react-refresh\" matches with no entries and thus is not mapped."
[22940:23272:0702/130730.678:VERBOSE1:third_party\blink\renderer\core\script\modulator_impl_base.cc:141] "Import Map: \"http://127.0.0.1:5173/src/pages/Accounting.jsx\" matches with no entries and thus is not mapped."
[22940:23272:0702/130730.678:VERBOSE1:third_party\blink\renderer\core\script\modulator_impl_base.cc:141] "Import Map: \"http://127.0.0.1:5173/@vite/client\" matches with no entries and thus is not mapped."
[22940:23272:0702/130730.678:VERBOSE1:third_party\blink\renderer\core\script\modulator_impl_base.cc:141] "Import Map: \"http://127.0.0.1:5173/node_modules/.vite/deps/react.js?v=d132295d\" matches with no entries and thus is not mapped."
[22940:23272:0702/130730.678:VERBOSE1:third_party\blink\renderer\core\script\modulator_impl_base.cc:141] "Import Map: \"http://127.0.0.1:5173/src/api/api.js\" matches with no entries and thus is not mapped."
[22940:23272:0702/130730.678:VERBOSE1:third_party\blink\renderer\core\script\modulator_impl_base.cc:141] "Import Map: \"http://127.0.0.1:5173/src/pages/Login.css\" matches with no entries and thus is not mapped."
[22940:23272:0702/130730.678:VERBOSE1:third_party\blink\renderer\core\script\modulator_impl_base.cc:141] "Import Map: \"http://127.0.0.1:5173/node_modules/.vite/deps/react_jsx-dev-runtime.js?v=d132295d\" matches with no entries and thus is not mapped."
[22940:23272:0702/130730.678:VERBOSE1:third_party\blink\renderer\core\script\modulator_impl_base.cc:141] "Import Map: \"http://127.0.0.1:5173/@react-refresh\" matches with no entries and thus is not mapped."
[22940:23272:0702/130730.678:VERBOSE1:third_party\blink\renderer\core\script\modulator_impl_base.cc:141] "Import Map: \"http://127.0.0.1:5173/src/pages/Login.jsx\" matches with no entries and thus is not mapped."
[22940:23272:0702/130730.678:VERBOSE1:third_party\blink\renderer\core\script\modulator_impl_base.cc:141] "Import Map: \"http://127.0.0.1:5173/@vite/client\" matches with no entries and thus is not mapped."
[22940:23272:0702/130730.678:VERBOSE1:third_party\blink\renderer\core\script\modulator_impl_base.cc:141] "Import Map: \"http://127.0.0.1:5173/node_modules/.vite/deps/react.js?v=d132295d\" matches with no entries and thus is not mapped."
[22940:23272:0702/130730.678:VERBOSE1:third_party\blink\renderer\core\script\modulator_impl_base.cc:141] "Import Map: \"http://127.0.0.1:5173/src/pages/Quotes.css\" matches with no entries and thus is not mapped."
[22940:23272:0702/130730.678:VERBOSE1:third_party\blink\renderer\core\script\modulator_impl_base.cc:141] "Import Map: \"http://127.0.0.1:5173/node_modules/.vite/deps/react_jsx-dev-runtime.js?v=d132295d\" matches with no entries and thus is not mapped."
[22940:23272:0702/130730.678:VERBOSE1:third_party\blink\renderer\core\script\modulator_impl_base.cc:141] "Import Map: \"http://127.0.0.1:5173/@react-refresh\" matches with no entries and thus is not mapped."
[22940:23272:0702/130730.678:VERBOSE1:third_party\blink\renderer\core\script\modulator_impl_base.cc:141] "Import Map: \"http://127.0.0.1:5173/src/pages/Quotes.jsx\" matches with no entries and thus is not mapped."
[22940:23272:0702/130730.678:VERBOSE1:third_party\blink\renderer\core\script\modulator_impl_base.cc:141] "Import Map: \"http://127.0.0.1:5173/@vite/client\" matches with no entries and thus is not mapped."
[22940:23272:0702/130730.678:VERBOSE1:third_party\blink\renderer\core\script\modulator_impl_base.cc:141] "Import Map: \"http://127.0.0.1:5173/node_modules/.vite/deps/react.js?v=d132295d\" matches with no entries and thus is not mapped."
[22940:23272:0702/130730.678:VERBOSE1:third_party\blink\renderer\core\script\modulator_impl_base.cc:141] "Import Map: \"http://127.0.0.1:5173/src/pages/TempData.css\" matches with no entries and thus is not mapped."
[22940:23272:0702/130730.678:VERBOSE1:third_party\blink\renderer\core\script\modulator_impl_base.cc:141] "Import Map: \"http://127.0.0.1:5173/node_modules/.vite/deps/react_jsx-dev-runtime.js?v=d132295d\" matches with no entries and thus is not mapped."
[22940:23272:0702/130730.678:VERBOSE1:third_party\blink\renderer\core\script\modulator_impl_base.cc:141] "Import Map: \"http://127.0.0.1:5173/@react-refresh\" matches with no entries and thus is not mapped."
[22940:23272:0702/130730.678:VERBOSE1:third_party\blink\renderer\core\script\modulator_impl_base.cc:141] "Import Map: \"http://127.0.0.1:5173/src/pages/TempData.jsx\" matches with no entries and thus is not mapped."
[22940:23272:0702/130730.678:VERBOSE1:third_party\blink\renderer\core\script\modulator_impl_base.cc:141] "Import Map: \"http://127.0.0.1:5173/@vite/client\" matches with no entries and thus is not mapped."
[22940:23272:0702/130730.678:VERBOSE1:third_party\blink\renderer\core\script\modulator_impl_base.cc:141] "Import Map: \"http://127.0.0.1:5173/@vite/client\" matches with no entries and thus is not mapped."
[22940:23272:0702/130730.678:VERBOSE1:third_party\blink\renderer\core\script\modulator_impl_base.cc:141] "Import Map: \"http://127.0.0.1:5173/node_modules/.vite/deps/react.js?v=d132295d\" matches with no entries and thus is not mapped."
[22940:23272:0702/130730.678:VERBOSE1:third_party\blink\renderer\core\script\modulator_impl_base.cc:141] "Import Map: \"http://127.0.0.1:5173/src/pages/Messages.css\" matches with no entries and thus is not mapped."
[22940:23272:0702/130730.678:VERBOSE1:third_party\blink\renderer\core\script\modulator_impl_base.cc:141] "Import Map: \"http://127.0.0.1:5173/node_modules/.vite/deps/react_jsx-dev-runtime.js?v=d132295d\" matches with no entries and thus is not mapped."
[22940:23272:0702/130730.683:VERBOSE1:third_party\blink\renderer\core\script\modulator_impl_base.cc:141] "Import Map: \"http://127.0.0.1:5173/@react-refresh\" matches with no entries and thus is not mapped."
[22940:23272:0702/130730.683:VERBOSE1:third_party\blink\renderer\core\script\modulator_impl_base.cc:141] "Import Map: \"http://127.0.0.1:5173/src/pages/Messages.jsx\" matches with no entries and thus is not mapped."
[22940:23272:0702/130730.683:VERBOSE1:third_party\blink\renderer\core\script\modulator_impl_base.cc:141] "Import Map: \"http://127.0.0.1:5173/@vite/client\" matches with no entries and thus is not mapped."
[22940:23272:0702/130730.683:VERBOSE1:third_party\blink\renderer\core\script\modulator_impl_base.cc:141] "Import Map: \"http://127.0.0.1:5173/node_modules/.vite/deps/react.js?v=d132295d\" matches with no entries and thus is not mapped."
[22940:23272:0702/130730.683:VERBOSE1:third_party\blink\renderer\core\script\modulator_impl_base.cc:141] "Import Map: \"http://127.0.0.1:5173/src/api/api.js\" matches with no entries and thus is not mapped."
[22940:23272:0702/130730.683:VERBOSE1:third_party\blink\renderer\core\script\modulator_impl_base.cc:141] "Import Map: \"http://127.0.0.1:5173/src/utils/dateUtils.js\" matches with no entries and thus is not mapped."
[22940:23272:0702/130730.683:VERBOSE1:third_party\blink\renderer\core\script\modulator_impl_base.cc:141] "Import Map: \"http://127.0.0.1:5173/src/pages/Users.css\" matches with no entries and thus is not mapped."
[22940:23272:0702/130730.683:VERBOSE1:third_party\blink\renderer\core\script\modulator_impl_base.cc:141] "Import Map: \"http://127.0.0.1:5173/node_modules/.vite/deps/react_jsx-dev-runtime.js?v=d132295d\" matches with no entries and thus is not mapped."
[22940:23272:0702/130730.683:VERBOSE1:third_party\blink\renderer\core\script\modulator_impl_base.cc:141] "Import Map: \"http://127.0.0.1:5173/@react-refresh\" matches with no entries and thus is not mapped."
[22940:23272:0702/130730.683:VERBOSE1:third_party\blink\renderer\core\script\modulator_impl_base.cc:141] "Import Map: \"http://127.0.0.1:5173/src/pages/Users.jsx\" matches with no entries and thus is not mapped."
[22940:23272:0702/130730.683:VERBOSE1:third_party\blink\renderer\core\script\modulator_impl_base.cc:141] "Import Map: \"http://127.0.0.1:5173/@vite/client\" matches with no entries and thus is not mapped."
[22940:23272:0702/130730.683:VERBOSE1:third_party\blink\renderer\core\script\modulator_impl_base.cc:141] "Import Map: \"http://127.0.0.1:5173/node_modules/.vite/deps/react.js?v=d132295d\" matches with no entries and thus is not mapped."
[22940:23272:0702/130730.683:VERBOSE1:third_party\blink\renderer\core\script\modulator_impl_base.cc:141] "Import Map: \"http://127.0.0.1:5173/src/api/api.js\" matches with no entries and thus is not mapped."
[22940:23272:0702/130730.683:VERBOSE1:third_party\blink\renderer\core\script\modulator_impl_base.cc:141] "Import Map: \"http://127.0.0.1:5173/src/utils/dateUtils.js\" matches with no entries and thus is not mapped."
[22940:23272:0702/130730.683:VERBOSE1:third_party\blink\renderer\core\script\modulator_impl_base.cc:141] "Import Map: \"http://127.0.0.1:5173/src/utils/reportPdf.js\" matches with no entries and thus is not mapped."
[22940:23272:0702/130730.683:VERBOSE1:third_party\blink\renderer\core\script\modulator_impl_base.cc:141] "Import Map: \"http://127.0.0.1:5173/src/pages/Reports.css\" matches with no entries and thus is not mapped."
[22940:23272:0702/130730.683:VERBOSE1:third_party\blink\renderer\core\script\modulator_impl_base.cc:141] "Import Map: \"http://127.0.0.1:5173/node_modules/.vite/deps/react_jsx-dev-runtime.js?v=d132295d\" matches with no entries and thus is not mapped."
[22940:23272:0702/130730.683:VERBOSE1:third_party\blink\renderer\core\script\modulator_impl_base.cc:141] "Import Map: \"http://127.0.0.1:5173/@react-refresh\" matches with no entries and thus is not mapped."
[22940:23272:0702/130730.683:VERBOSE1:third_party\blink\renderer\core\script\modulator_impl_base.cc:141] "Import Map: \"http://127.0.0.1:5173/src/pages/Reports.jsx\" matches with no entries and thus is not mapped."
[22940:23272:0702/130730.683:VERBOSE1:third_party\blink\renderer\core\script\modulator_impl_base.cc:141] "Import Map: \"http://127.0.0.1:5173/@vite/client\" matches with no entries and thus is not mapped."
[22940:23272:0702/130730.683:VERBOSE1:third_party\blink\renderer\core\script\modulator_impl_base.cc:141] "Import Map: \"http://127.0.0.1:5173/node_modules/.vite/deps/react.js?v=d132295d\" matches with no entries and thus is not mapped."
[22940:23272:0702/130730.683:VERBOSE1:third_party\blink\renderer\core\script\modulator_impl_base.cc:141] "Import Map: \"http://127.0.0.1:5173/src/api/api.js\" matches with no entries and thus is not mapped."
[22940:23272:0702/130730.683:VERBOSE1:third_party\blink\renderer\core\script\modulator_impl_base.cc:141] "Import Map: \"http://127.0.0.1:5173/src/utils/dateUtils.js\" matches with no entries and thus is not mapped."
[22940:23272:0702/130730.683:VERBOSE1:third_party\blink\renderer\core\script\modulator_impl_base.cc:141] "Import Map: \"http://127.0.0.1:5173/src/pages/Workers.css\" matches with no entries and thus is not mapped."
[22940:23272:0702/130730.683:VERBOSE1:third_party\blink\renderer\core\script\modulator_impl_base.cc:141] "Import Map: \"http://127.0.0.1:5173/node_modules/.vite/deps/react_jsx-dev-runtime.js?v=d132295d\" matches with no entries and thus is not mapped."
[22940:23272:0702/130730.683:VERBOSE1:third_party\blink\renderer\core\script\modulator_impl_base.cc:141] "Import Map: \"http://127.0.0.1:5173/@react-refresh\" matches with no entries and thus is not mapped."
[22940:23272:0702/130730.683:VERBOSE1:third_party\blink\renderer\core\script\modulator_impl_base.cc:141] "Import Map: \"http://127.0.0.1:5173/src/pages/Workers.jsx\" matches with no entries and thus is not mapped."
[22940:23272:0702/130730.683:VERBOSE1:third_party\blink\renderer\core\script\modulator_impl_base.cc:141] "Import Map: \"http://127.0.0.1:5173/@vite/client\" matches with no entries and thus is not mapped."
[22940:23272:0702/130730.683:VERBOSE1:third_party\blink\renderer\core\script\modulator_impl_base.cc:141] "Import Map: \"http://127.0.0.1:5173/@vite/client\" matches with no entries and thus is not mapped."
[24916:21724:0702/130730.683:VERBOSE1:net\base\network_delegate.cc:38] NetworkDelegate::NotifyBeforeURLRequest: http://127.0.0.1:5173/src/components/sidebar.css?t=1782976963120
[24916:21724:0702/130730.687:VERBOSE1:net\base\network_delegate.cc:38] NetworkDelegate::NotifyBeforeURLRequest: http://127.0.0.1:5173/src/pages/Inventory.css
[22940:23272:0702/130730.687:VERBOSE1:third_party\blink\renderer\core\script\modulator_impl_base.cc:141] "Import Map: \"http://127.0.0.1:5173/@vite/client\" matches with no entries and thus is not mapped."
[22940:23272:0702/130730.687:VERBOSE1:third_party\blink\renderer\core\script\modulator_impl_base.cc:141] "Import Map: \"http://127.0.0.1:5173/@vite/client\" matches with no entries and thus is not mapped."
[24916:21724:0702/130730.687:VERBOSE1:net\base\network_delegate.cc:38] NetworkDelegate::NotifyBeforeURLRequest: http://127.0.0.1:5173/src/pages/Orders.css?t=1782958484941
[22940:23272:0702/130730.687:VERBOSE1:third_party\blink\renderer\core\script\modulator_impl_base.cc:141] "Import Map: \"http://127.0.0.1:5173/@vite/client\" matches with no entries and thus is not mapped."
[22940:23272:0702/130730.690:VERBOSE1:third_party\blink\renderer\core\script\modulator_impl_base.cc:141] "Import Map: \"http://127.0.0.1:5173/@vite/client\" matches with no entries and thus is not mapped."
[22940:23272:0702/130730.690:VERBOSE1:third_party\blink\renderer\core\script\modulator_impl_base.cc:141] "Import Map: \"http://127.0.0.1:5173/@vite/client\" matches with no entries and thus is not mapped."
[22940:23272:0702/130730.691:VERBOSE1:third_party\blink\renderer\core\script\modulator_impl_base.cc:141] "Import Map: \"http://127.0.0.1:5173/@vite/client\" matches with no entries and thus is not mapped."
[23276:6260:0702/130730.691:INFO:CONSOLE:955] "[vite] connected.", source: http://127.0.0.1:5173/@vite/client (955)
[24916:21724:0702/130730.691:VERBOSE1:net\base\network_delegate.cc:38] NetworkDelegate::NotifyBeforeURLRequest: http://127.0.0.1:5173/src/pages/FollowUps.css
[24916:21724:0702/130730.693:VERBOSE1:net\base\network_delegate.cc:38] NetworkDelegate::NotifyBeforeURLRequest: http://127.0.0.1:5173/src/pages/Inspiration.css
[24916:21724:0702/130730.693:VERBOSE1:net\base\network_delegate.cc:38] NetworkDelegate::NotifyBeforeURLRequest: http://127.0.0.1:5173/src/pages/ShippingBalance.css
[24916:21724:0702/130730.693:VERBOSE1:net\base\network_delegate.cc:38] NetworkDelegate::NotifyBeforeURLRequest: http://127.0.0.1:5173/src/pages/Payouts.css
[24916:21724:0702/130730.693:VERBOSE1:net\base\network_delegate.cc:38] NetworkDelegate::NotifyBeforeURLRequest: http://127.0.0.1:5173/src/pages/Payments.css
[24916:21724:0702/130730.693:VERBOSE1:net\base\network_delegate.cc:38] NetworkDelegate::NotifyBeforeURLRequest: http://127.0.0.1:5173/src/pages/Production.css?t=1782977025717
[22940:23272:0702/130730.696:VERBOSE1:third_party\blink\renderer\core\script\modulator_impl_base.cc:141] "Import Map: \"http://127.0.0.1:5173/@vite/client\" matches with no entries and thus is not mapped."
[22940:23272:0702/130730.696:VERBOSE1:third_party\blink\renderer\core\script\modulator_impl_base.cc:141] "Import Map: \"http://127.0.0.1:5173/@vite/client\" matches with no entries and thus is not mapped."
[24916:21724:0702/130730.696:VERBOSE1:net\base\network_delegate.cc:38] NetworkDelegate::NotifyBeforeURLRequest: http://127.0.0.1:5173/src/pages/Shipping.css
[24916:21724:0702/130730.700:VERBOSE1:net\base\network_delegate.cc:38] NetworkDelegate::NotifyBeforeURLRequest: http://127.0.0.1:5173/src/pages/Users.css
[24916:21724:0702/130730.700:VERBOSE1:net\base\network_delegate.cc:38] NetworkDelegate::NotifyBeforeURLRequest: http://127.0.0.1:5173/src/pages/Settings.css
[24916:21724:0702/130730.700:VERBOSE1:net\base\network_delegate.cc:38] NetworkDelegate::NotifyBeforeURLRequest: http://127.0.0.1:5173/src/pages/Accounting.css
[24916:21724:0702/130730.700:VERBOSE1:net\base\network_delegate.cc:38] NetworkDelegate::NotifyBeforeURLRequest: http://127.0.0.1:5173/src/pages/Login.css
[24916:21724:0702/130730.700:VERBOSE1:net\base\network_delegate.cc:38] NetworkDelegate::NotifyBeforeURLRequest: http://127.0.0.1:5173/src/pages/Quotes.css
[22940:23272:0702/130730.700:VERBOSE1:third_party\blink\renderer\core\script\modulator_impl_base.cc:141] "Import Map: \"http://127.0.0.1:5173/@vite/client\" matches with no entries and thus is not mapped."
[24916:21724:0702/130730.702:VERBOSE1:net\base\network_delegate.cc:38] NetworkDelegate::NotifyBeforeURLRequest: http://127.0.0.1:5173/src/pages/TempData.css
[24916:21724:0702/130730.708:VERBOSE1:net\base\network_delegate.cc:38] NetworkDelegate::NotifyBeforeURLRequest: http://127.0.0.1:5173/src/pages/Messages.css
[24916:21724:0702/130730.708:VERBOSE1:net\base\network_delegate.cc:38] NetworkDelegate::NotifyBeforeURLRequest: http://127.0.0.1:5173/src/utils/reportPdf.js
[24916:21724:0702/130730.708:VERBOSE1:net\base\network_delegate.cc:38] NetworkDelegate::NotifyBeforeURLRequest: http://127.0.0.1:5173/src/pages/Reports.css
[24916:21724:0702/130730.709:VERBOSE1:net\base\network_delegate.cc:38] NetworkDelegate::NotifyBeforeURLRequest: http://127.0.0.1:5173/src/pages/Workers.css
[22940:23272:0702/130730.716:VERBOSE1:third_party\blink\renderer\core\script\modulator_impl_base.cc:141] "Import Map: \"http://127.0.0.1:5173/@vite/client\" matches with no entries and thus is not mapped."
[22940:23272:0702/130730.716:VERBOSE1:third_party\blink\renderer\core\script\modulator_impl_base.cc:141] "Import Map: \"http://127.0.0.1:5173/@vite/client\" matches with no entries and thus is not mapped."
[22940:23272:0702/130730.716:VERBOSE1:third_party\blink\renderer\core\script\modulator_impl_base.cc:141] "Import Map: \"http://127.0.0.1:5173/@vite/client\" matches with no entries and thus is not mapped."
[22940:23272:0702/130730.716:VERBOSE1:third_party\blink\renderer\core\script\modulator_impl_base.cc:141] "Import Map: \"http://127.0.0.1:5173/@vite/client\" matches with no entries and thus is not mapped."
[22940:23272:0702/130730.716:VERBOSE1:third_party\blink\renderer\core\script\modulator_impl_base.cc:141] "Import Map: \"http://127.0.0.1:5173/@vite/client\" matches with no entries and thus is not mapped."
[22940:23272:0702/130730.717:VERBOSE1:third_party\blink\renderer\core\script\modulator_impl_base.cc:141] "Import Map: \"http://127.0.0.1:5173/@vite/client\" matches with no entries and thus is not mapped."
[22940:23272:0702/130730.717:VERBOSE1:third_party\blink\renderer\core\script\modulator_impl_base.cc:141] "Import Map: \"http://127.0.0.1:5173/@vite/client\" matches with no entries and thus is not mapped."
[22940:23272:0702/130730.717:VERBOSE1:third_party\blink\renderer\core\script\modulator_impl_base.cc:141] "Import Map: \"http://127.0.0.1:5173/@vite/client\" matches with no entries and thus is not mapped."
[22940:23272:0702/130730.717:VERBOSE1:third_party\blink\renderer\core\script\modulator_impl_base.cc:141] "Import Map: \"http://127.0.0.1:5173/@vite/client\" matches with no entries and thus is not mapped."
[22940:23272:0702/130730.717:VERBOSE1:third_party\blink\renderer\core\script\modulator_impl_base.cc:141] "Import Map: \"http://127.0.0.1:5173/@vite/client\" matches with no entries and thus is not mapped."
[22940:23272:0702/130730.717:VERBOSE1:third_party\blink\renderer\core\script\modulator_impl_base.cc:141] "Import Map: \"http://127.0.0.1:5173/@vite/client\" matches with no entries and thus is not mapped."
[22940:23272:0702/130730.717:VERBOSE1:third_party\blink\renderer\core\script\modulator_impl_base.cc:141] "Import Map: \"http://127.0.0.1:5173/@vite/client\" matches with no entries and thus is not mapped."
[22940:23272:0702/130730.717:VERBOSE1:third_party\blink\renderer\core\script\modulator_impl_base.cc:141] "Import Map: \"http://127.0.0.1:5173/@vite/client\" matches with no entries and thus is not mapped."
[22940:23272:0702/130730.717:VERBOSE1:third_party\blink\renderer\core\script\modulator_impl_base.cc:141] "Import Map: \"http://127.0.0.1:5173/@vite/client\" matches with no entries and thus is not mapped."
[22940:23272:0702/130730.717:VERBOSE1:third_party\blink\renderer\core\script\modulator_impl_base.cc:141] "Import Map: \"http://127.0.0.1:5173/@vite/client\" matches with no entries and thus is not mapped."
[22940:23272:0702/130730.717:VERBOSE1:third_party\blink\renderer\core\script\modulator_impl_base.cc:141] "Import Map: \"http://127.0.0.1:5173/@vite/client\" matches with no entries and thus is not mapped."
[23276:6260:0702/130730.724:INFO:CONSOLE:14338] "%cDownload the React DevTools for a better development experience: https://react.dev/link/react-devtools font-weight:bold", source: http://127.0.0.1:5173/node_modules/.vite/deps/react-dom_client.js?v=d132295d (14338)
[24916:21724:0702/130730.765:VERBOSE1:net\third_party\quiche\src\quiche\quic\core\tls_handshaker.cc:109] TlsClient: Continuing handshake
[24916:21724:0702/130730.768:VERBOSE1:net\third_party\quiche\src\quiche\quic\core\tls_handshaker.cc:109] TlsClient: Continuing handshake
[24916:21724:0702/130730.768:VERBOSE1:net\third_party\quiche\src\quiche\quic\core\tls_handshaker.cc:109] TlsClient: Continuing handshake
[24916:21724:0702/130730.769:VERBOSE1:net\third_party\quiche\src\quiche\quic\core\tls_handshaker.cc:109] TlsClient: Continuing handshake
[24916:21724:0702/130730.774:VERBOSE1:net\third_party\quiche\src\quiche\quic\core\tls_handshaker.cc:109] TlsClient: Continuing handshake
[24916:21724:0702/130730.775:VERBOSE1:net\third_party\quiche\src\quiche\quic\core\tls_handshaker.cc:109] TlsClient: Continuing handshake
[24916:21724:0702/130730.775:VERBOSE1:net\third_party\quiche\src\quiche\quic\core\tls_handshaker.cc:109] TlsClient: Continuing handshake
[24916:21724:0702/130731.253:VERBOSE1:net\base\network_delegate.cc:38] NetworkDelegate::NotifyBeforeURLRequest: https://fonts.gstatic.com/s/opensans/v44/memvYaGs126MiZpBA-UvWbX2vVnXBbObj2OVTS-muw.woff2
[24916:21724:0702/130731.299:VERBOSE1:net\base\network_delegate.cc:38] NetworkDelegate::NotifyBeforeURLRequest: https://fonts.gstatic.com/s/opensans/v44/memvYaGs126MiZpBA-UvWbX2vVnXBbObj2OVTS-muw.woff2
[24916:21724:0702/130731.308:VERBOSE1:net\base\network_delegate.cc:38] NetworkDelegate::NotifyBeforeURLRequest: http://127.0.0.1:8000/users/7
[24916:21724:0702/130731.308:VERBOSE1:net\base\network_delegate.cc:38] NetworkDelegate::NotifyBeforeURLRequest: http://127.0.0.1:8000/activity-logs/page-view
[24916:21724:0702/130731.308:VERBOSE1:net\base\network_delegate.cc:38] NetworkDelegate::NotifyBeforeURLRequest: http://127.0.0.1:8000/users/7
[24916:21724:0702/130731.316:VERBOSE1:net\base\network_delegate.cc:38] NetworkDelegate::NotifyBeforeURLRequest: http://127.0.0.1:8000/dashboard-stats
[24916:21724:0702/130731.316:VERBOSE1:net\base\network_delegate.cc:38] NetworkDelegate::NotifyBeforeURLRequest: http://127.0.0.1:8000/dashboard-stats
[24916:21724:0702/130731.316:VERBOSE1:net\base\network_delegate.cc:38] NetworkDelegate::NotifyBeforeURLRequest: http://127.0.0.1:5173/favicon.svg
[24916:21724:0702/130731.316:VERBOSE1:net\base\network_delegate.cc:38] NetworkDelegate::NotifyBeforeURLRequest: http://127.0.0.1:8000/users/7
[24916:21724:0702/130731.316:VERBOSE1:net\base\network_delegate.cc:38] NetworkDelegate::NotifyBeforeURLRequest: http://127.0.0.1:8000/activity-logs/page-view
[24916:21724:0702/130731.326:VERBOSE1:net\base\network_delegate.cc:38] NetworkDelegate::NotifyBeforeURLRequest: http://127.0.0.1:8000/users/7
[24916:21724:0702/130731.332:VERBOSE1:net\base\network_delegate.cc:38] NetworkDelegate::NotifyBeforeURLRequest: http://127.0.0.1:8000/dashboard-stats
[24916:21724:0702/130731.898:VERBOSE1:net\base\network_delegate.cc:38] NetworkDelegate::NotifyBeforeURLRequest: http://127.0.0.1:8000/users/7
[24916:21724:0702/130731.907:VERBOSE1:net\base\network_delegate.cc:38] NetworkDelegate::NotifyBeforeURLRequest: http://127.0.0.1:8000/users/7
[24916:21724:0702/130732.168:VERBOSE1:net\base\network_delegate.cc:38] NetworkDelegate::NotifyBeforeURLRequest: https://content-autofill.googleapis.com/v1/pages/ChVDaHJvbWUvMTQ5LjAuNzgyNy4yMDESLglBe_P1qxnmEBIPDZFhlU4qCBgBIAMoBDgDIR7hl2i3EoDkKb8kmo5_AcrhMgA=?alt=proto
[24916:21724:0702/130732.177:VERBOSE1:net\third_party\quiche\src\quiche\quic\core\tls_handshaker.cc:109] TlsClient: Continuing handshake
[24916:21724:0702/130732.248:VERBOSE1:net\third_party\quiche\src\quiche\quic\core\tls_handshaker.cc:109] TlsClient: Continuing handshake
[24916:21724:0702/130732.257:VERBOSE1:net\third_party\quiche\src\quiche\quic\core\tls_handshaker.cc:109] TlsClient: Continuing handshake
[24916:21724:0702/130732.379:VERBOSE1:net\third_party\quiche\src\quiche\quic\core\tls_handshaker.cc:109] TlsClient: Continuing handshake
[24916:21724:0702/130732.379:VERBOSE1:net\third_party\quiche\src\quiche\quic\core\tls_handshaker.cc:109] TlsClient: Continuing handshake
[24916:21724:0702/130732.379:VERBOSE1:net\third_party\quiche\src\quiche\quic\core\tls_handshaker.cc:109] TlsClient: Continuing handshake
[24916:21724:0702/130732.379:VERBOSE1:net\third_party\quiche\src\quiche\quic\core\tls_handshaker.cc:109] TlsClient: Continuing handshake
[23276:5836:0702/130733.227:VERBOSE1:content\browser\renderer_host\media\media_stream_manager.cc:1499] MSPL::OnSpeedLimitChange({this=0x778400124dd8}, {new_limit=11})
[22940:23272:0702/130734.324:VERBOSE1:third_party\blink\renderer\modules\content_extraction\ai_page_content_agent.cc:1609] GetAIPageContent SYNC MainFrame: 1
[22940:23272:0702/130734.326:VERBOSE1:third_party\blink\renderer\modules\content_extraction\ai_page_content_agent.cc:1612] GetAIPageContent SYNC DONE
[23276:5836:0702/130743.319:VERBOSE1:content\browser\renderer_host\media\media_stream_manager.cc:1499] MSPL::OnSpeedLimitChange({this=0x778400124dd8}, {new_limit=10})
[23276:5836:0702/130746.343:VERBOSE1:content\browser\renderer_host\media\media_stream_manager.cc:1499] MSPL::OnSpeedLimitChange({this=0x778400124dd8}, {new_limit=11})
[24916:21724:0702/130746.918:VERBOSE1:net\base\network_delegate.cc:38] NetworkDelegate::NotifyBeforeURLRequest: http://127.0.0.1:8000/users/7
[23276:5836:0702/130748.354:VERBOSE1:content\browser\renderer_host\media\media_stream_manager.cc:1499] MSPL::OnSpeedLimitChange({this=0x778400124dd8}, {new_limit=10})
[23276:5836:0702/130749.367:VERBOSE1:content\browser\renderer_host\media\media_stream_manager.cc:1499] MSPL::OnSpeedLimitChange({this=0x778400124dd8}, {new_limit=12})
[23276:5836:0702/130750.379:VERBOSE1:content\browser\renderer_host\media\media_stream_manager.cc:1499] MSPL::OnSpeedLimitChange({this=0x778400124dd8}, {new_limit=13})
[23276:5836:0702/130751.390:VERBOSE1:content\browser\renderer_host\media\media_stream_manager.cc:1499] MSPL::OnSpeedLimitChange({this=0x778400124dd8}, {new_limit=15})
[23276:5836:0702/130754.401:VERBOSE1:content\browser\renderer_host\media\media_stream_manager.cc:1499] MSPL::OnSpeedLimitChange({this=0x778400124dd8}, {new_limit=16})
[23276:5836:0702/130755.404:VERBOSE1:content\browser\renderer_host\media\media_stream_manager.cc:1499] MSPL::OnSpeedLimitChange({this=0x778400124dd8}, {new_limit=17})
[23276:5836:0702/130756.413:VERBOSE1:content\browser\renderer_host\media\media_stream_manager.cc:1499] MSPL::OnSpeedLimitChange({this=0x778400124dd8}, {new_limit=19})
[23276:5836:0702/130757.414:VERBOSE1:content\browser\renderer_host\media\media_stream_manager.cc:1499] MSPL::OnSpeedLimitChange({this=0x778400124dd8}, {new_limit=21})
[24916:21724:0702/130801.315:VERBOSE1:net\base\network_delegate.cc:38] NetworkDelegate::NotifyBeforeURLRequest: http://127.0.0.1:8000/dashboard-stats
[23276:5836:0702/130801.443:VERBOSE1:content\browser\renderer_host\media\media_stream_manager.cc:1499] MSPL::OnSpeedLimitChange({this=0x778400124dd8}, {new_limit=20})
[24916:21724:0702/130801.908:VERBOSE1:net\base\network_delegate.cc:38] NetworkDelegate::NotifyBeforeURLRequest: http://127.0.0.1:8000/users/7
[23276:5836:0702/130802.446:VERBOSE1:content\browser\renderer_host\media\media_stream_manager.cc:1499] MSPL::OnSpeedLimitChange({this=0x778400124dd8}, {new_limit=22})
[23276:5836:0702/130803.454:VERBOSE1:content\browser\renderer_host\media\media_stream_manager.cc:1499] MSPL::OnSpeedLimitChange({this=0x778400124dd8}, {new_limit=23})
[23276:5836:0702/130804.466:VERBOSE1:content\browser\renderer_host\media\media_stream_manager.cc:1499] MSPL::OnSpeedLimitChange({this=0x778400124dd8}, {new_limit=24})
[23276:5836:0702/130807.493:VERBOSE1:content\browser\renderer_host\media\media_stream_manager.cc:1499] MSPL::OnSpeedLimitChange({this=0x778400124dd8}, {new_limit=22})
[23276:5836:0702/130811.535:VERBOSE1:content\browser\renderer_host\media\media_stream_manager.cc:1499] MSPL::OnSpeedLimitChange({this=0x778400124dd8}, {new_limit=23})
[23276:5836:0702/130814.564:VERBOSE1:content\browser\renderer_host\media\media_stream_manager.cc:1499] MSPL::OnSpeedLimitChange({this=0x778400124dd8}, {new_limit=22})
[23276:5836:0702/130816.571:VERBOSE1:content\browser\renderer_host\media\media_stream_manager.cc:1499] MSPL::OnSpeedLimitChange({this=0x778400124dd8}, {new_limit=21})
[24916:21724:0702/130816.923:VERBOSE1:net\base\network_delegate.cc:38] NetworkDelegate::NotifyBeforeURLRequest: http://127.0.0.1:8000/users/7
[23276:5836:0702/130817.573:VERBOSE1:content\browser\renderer_host\media\media_stream_manager.cc:1499] MSPL::OnSpeedLimitChange({this=0x778400124dd8}, {new_limit=23})
[23276:5836:0702/130818.578:VERBOSE1:content\browser\renderer_host\media\media_stream_manager.cc:1499] MSPL::OnSpeedLimitChange({this=0x778400124dd8}, {new_limit=24})
[23276:5836:0702/130820.597:VERBOSE1:content\browser\renderer_host\media\media_stream_manager.cc:1499] MSPL::OnSpeedLimitChange({this=0x778400124dd8}, {new_limit=23})
[23276:5836:0702/130821.606:VERBOSE1:content\browser\renderer_host\media\media_stream_manager.cc:1499] MSPL::OnSpeedLimitChange({this=0x778400124dd8}, {new_limit=22})
[23276:5836:0702/130825.664:VERBOSE1:content\browser\renderer_host\media\media_stream_manager.cc:1499] MSPL::OnSpeedLimitChange({this=0x778400124dd8}, {new_limit=23})
[23276:5836:0702/130826.668:VERBOSE1:content\browser\renderer_host\media\media_stream_manager.cc:1499] MSPL::OnSpeedLimitChange({this=0x778400124dd8}, {new_limit=24})
[23276:5836:0702/130828.676:VERBOSE1:content\browser\renderer_host\media\media_stream_manager.cc:1499] MSPL::OnSpeedLimitChange({this=0x778400124dd8}, {new_limit=22})
[23276:5836:0702/130830.691:VERBOSE1:content\browser\renderer_host\media\media_stream_manager.cc:1499] MSPL::OnSpeedLimitChange({this=0x778400124dd8}, {new_limit=23})
[24916:21724:0702/130831.315:VERBOSE1:net\base\network_delegate.cc:38] NetworkDelegate::NotifyBeforeURLRequest: http://127.0.0.1:8000/dashboard-stats
[24916:21724:0702/130831.316:VERBOSE1:net\base\network_delegate.cc:38] NetworkDelegate::NotifyBeforeURLRequest: http://127.0.0.1:8000/dashboard-stats
[23276:5836:0702/130831.692:VERBOSE1:content\browser\renderer_host\media\media_stream_manager.cc:1499] MSPL::OnSpeedLimitChange({this=0x778400124dd8}, {new_limit=24})
[24916:21724:0702/130831.920:VERBOSE1:net\base\network_delegate.cc:38] NetworkDelegate::NotifyBeforeURLRequest: http://127.0.0.1:8000/users/7
[23276:5836:0702/130832.700:VERBOSE1:content\browser\renderer_host\media\media_stream_manager.cc:1499] MSPL::OnSpeedLimitChange({this=0x778400124dd8}, {new_limit=25})
[23276:5836:0702/130836.738:VERBOSE1:content\browser\renderer_host\media\media_stream_manager.cc:1499] MSPL::OnSpeedLimitChange({this=0x778400124dd8}, {new_limit=24})
[23276:5836:0702/130838.758:VERBOSE1:content\browser\renderer_host\media\media_stream_manager.cc:1499] MSPL::OnSpeedLimitChange({this=0x778400124dd8}, {new_limit=26})
[23276:5836:0702/130843.807:VERBOSE1:content\browser\renderer_host\media\media_stream_manager.cc:1499] MSPL::OnSpeedLimitChange({this=0x778400124dd8}, {new_limit=25})
[23276:5836:0702/130844.823:VERBOSE1:content\browser\renderer_host\media\media_stream_manager.cc:1499] MSPL::OnSpeedLimitChange({this=0x778400124dd8}, {new_limit=24})
[23276:5836:0702/130846.838:VERBOSE1:content\browser\renderer_host\media\media_stream_manager.cc:1499] MSPL::OnSpeedLimitChange({this=0x778400124dd8}, {new_limit=23})
[24916:21724:0702/130846.911:VERBOSE1:net\base\network_delegate.cc:38] NetworkDelegate::NotifyBeforeURLRequest: http://127.0.0.1:8000/users/7
[23276:5836:0702/130847.846:VERBOSE1:content\browser\renderer_host\media\media_stream_manager.cc:1499] MSPL::OnSpeedLimitChange({this=0x778400124dd8}, {new_limit=22})
[23276:5836:0702/130853.896:VERBOSE1:content\browser\renderer_host\media\media_stream_manager.cc:1499] MSPL::OnSpeedLimitChange({this=0x778400124dd8}, {new_limit=23})
[23276:5836:0702/130854.903:VERBOSE1:content\browser\renderer_host\media\media_stream_manager.cc:1499] MSPL::OnSpeedLimitChange({this=0x778400124dd8}, {new_limit=24})
[23276:5836:0702/130856.917:VERBOSE1:content\browser\renderer_host\media\media_stream_manager.cc:1499] MSPL::OnSpeedLimitChange({this=0x778400124dd8}, {new_limit=26})
[23276:5836:0702/130857.926:VERBOSE1:content\browser\renderer_host\media\media_stream_manager.cc:1499] MSPL::OnSpeedLimitChange({this=0x778400124dd8}, {new_limit=27})
[24916:21724:0702/130858.220:VERBOSE1:net\base\network_delegate.cc:38] NetworkDelegate::NotifyBeforeURLRequest: https://android.clients.google.com/c2dm/register3
[24916:21724:0702/130858.221:VERBOSE1:net\third_party\quiche\src\quiche\quic\core\tls_handshaker.cc:109] TlsClient: Continuing handshake
[24916:21724:0702/130858.285:VERBOSE1:net\third_party\quiche\src\quiche\quic\core\tls_handshaker.cc:109] TlsClient: Continuing handshake
[24916:21724:0702/130858.285:VERBOSE1:net\third_party\quiche\src\quiche\quic\core\tls_handshaker.cc:109] TlsClient: Continuing handshake
[24916:21724:0702/130858.396:VERBOSE1:net\third_party\quiche\src\quiche\quic\core\tls_handshaker.cc:109] TlsClient: Continuing handshake
[24916:21724:0702/130858.399:VERBOSE1:net\third_party\quiche\src\quiche\quic\core\tls_handshaker.cc:109] TlsClient: Continuing handshake
[24916:21724:0702/130858.399:VERBOSE1:net\third_party\quiche\src\quiche\quic\core\tls_handshaker.cc:109] TlsClient: Continuing handshake
[23276:5836:0702/130858.824:ERROR:google_apis\gcm\engine\registration_request.cc:291] Registration response error message: DEPRECATED_ENDPOINT
[23276:5836:0702/130858.824:VERBOSE1:google_apis\gcm\engine\registration_request.cc:256] Delaying GCM registration of app: com.google.android.gms, for 166784 milliseconds.
[23276:5836:0702/130858.928:VERBOSE1:content\browser\renderer_host\media\media_stream_manager.cc:1499] MSPL::OnSpeedLimitChange({this=0x778400124dd8}, {new_limit=26})
[23276:5836:0702/130900.942:VERBOSE1:content\browser\renderer_host\media\media_stream_manager.cc:1499] MSPL::OnSpeedLimitChange({this=0x778400124dd8}, {new_limit=27})
[24916:21724:0702/130901.313:VERBOSE1:net\base\network_delegate.cc:38] NetworkDelegate::NotifyBeforeURLRequest: http://127.0.0.1:8000/dashboard-stats
[24916:21724:0702/130901.922:VERBOSE1:net\base\network_delegate.cc:38] NetworkDelegate::NotifyBeforeURLRequest: http://127.0.0.1:8000/users/7
[23276:5836:0702/130901.947:VERBOSE1:content\browser\renderer_host\media\media_stream_manager.cc:1499] MSPL::OnSpeedLimitChange({this=0x778400124dd8}, {new_limit=25})
[23276:5836:0702/130904.011:VERBOSE1:content\browser\renderer_host\media\media_stream_manager.cc:1499] MSPL::OnSpeedLimitChange({this=0x778400124dd8}, {new_limit=23})
[23276:5836:0702/130905.021:VERBOSE1:content\browser\renderer_host\media\media_stream_manager.cc:1499] MSPL::OnSpeedLimitChange({this=0x778400124dd8}, {new_limit=22})
[23276:5836:0702/130908.046:VERBOSE1:content\browser\renderer_host\media\media_stream_manager.cc:1499] MSPL::OnSpeedLimitChange({this=0x778400124dd8}, {new_limit=21})
[23276:5836:0702/130909.049:VERBOSE1:content\browser\renderer_host\media\media_stream_manager.cc:1499] MSPL::OnSpeedLimitChange({this=0x778400124dd8}, {new_limit=19})
[23276:5836:0702/130910.056:VERBOSE1:content\browser\renderer_host\media\media_stream_manager.cc:1499] MSPL::OnSpeedLimitChange({this=0x778400124dd8}, {new_limit=18})
[23276:8364:0702/130911.177:VERBOSE1:chrome\updater\ipc\update_service_dialer_win.cc:71] Failed to connect to remote mojo service, is_internal_service: 0, scope: System, connection timed out.
[23276:5836:0702/130912.064:VERBOSE1:content\browser\renderer_host\media\media_stream_manager.cc:1499] MSPL::OnSpeedLimitChange({this=0x778400124dd8}, {new_limit=19})
[23276:5836:0702/130914.068:VERBOSE1:content\browser\renderer_host\media\media_stream_manager.cc:1499] MSPL::OnSpeedLimitChange({this=0x778400124dd8}, {new_limit=21})
[23276:5836:0702/130915.069:VERBOSE1:content\browser\renderer_host\media\media_stream_manager.cc:1499] MSPL::OnSpeedLimitChange({this=0x778400124dd8}, {new_limit=22})
[23276:5836:0702/130916.078:VERBOSE1:content\browser\renderer_host\media\media_stream_manager.cc:1499] MSPL::OnSpeedLimitChange({this=0x778400124dd8}, {new_limit=23})
[24916:21724:0702/130916.916:VERBOSE1:net\base\network_delegate.cc:38] NetworkDelegate::NotifyBeforeURLRequest: http://127.0.0.1:8000/users/7
[23276:5836:0702/130919.097:VERBOSE1:content\browser\renderer_host\media\media_stream_manager.cc:1499] MSPL::OnSpeedLimitChange({this=0x778400124dd8}, {new_limit=24})
[23276:5836:0702/130920.105:VERBOSE1:content\browser\renderer_host\media\media_stream_manager.cc:1499] MSPL::OnSpeedLimitChange({this=0x778400124dd8}, {new_limit=23})
[23276:5836:0702/130922.117:VERBOSE1:content\browser\renderer_host\media\media_stream_manager.cc:1499] MSPL::OnSpeedLimitChange({this=0x778400124dd8}, {new_limit=24})
[23276:5836:0702/130924.130:VERBOSE1:content\browser\renderer_host\media\media_stream_manager.cc:1499] MSPL::OnSpeedLimitChange({this=0x778400124dd8}, {new_limit=23})
[23276:5836:0702/130928.160:VERBOSE1:content\browser\renderer_host\media\media_stream_manager.cc:1499] MSPL::OnSpeedLimitChange({this=0x778400124dd8}, {new_limit=22})
[23276:8364:0702/130928.689:VERBOSE1:chrome\updater\ipc\update_service_dialer_win.cc:71] Failed to connect to remote mojo service, is_internal_service: 0, scope: System, connection timed out.
[23276:5836:0702/130929.171:VERBOSE1:content\browser\renderer_host\media\media_stream_manager.cc:1499] MSPL::OnSpeedLimitChange({this=0x778400124dd8}, {new_limit=21})
[23276:5836:0702/130930.176:VERBOSE1:content\browser\renderer_host\media\media_stream_manager.cc:1499] MSPL::OnSpeedLimitChange({this=0x778400124dd8}, {new_limit=23})
[23276:5836:0702/130931.198:VERBOSE1:content\browser\renderer_host\media\media_stream_manager.cc:1499] MSPL::OnSpeedLimitChange({this=0x778400124dd8}, {new_limit=22})
[24916:21724:0702/130931.320:VERBOSE1:net\base\network_delegate.cc:38] NetworkDelegate::NotifyBeforeURLRequest: http://127.0.0.1:8000/dashboard-stats
[24916:21724:0702/130931.320:VERBOSE1:net\base\network_delegate.cc:38] NetworkDelegate::NotifyBeforeURLRequest: http://127.0.0.1:8000/dashboard-stats
[24916:21724:0702/130931.917:VERBOSE1:net\base\network_delegate.cc:38] NetworkDelegate::NotifyBeforeURLRequest: http://127.0.0.1:8000/users/7
[23276:5836:0702/130935.246:VERBOSE1:content\browser\renderer_host\media\media_stream_manager.cc:1499] MSPL::OnSpeedLimitChange({this=0x778400124dd8}, {new_limit=21})
[23276:5836:0702/130938.274:VERBOSE1:content\browser\renderer_host\media\media_stream_manager.cc:1499] MSPL::OnSpeedLimitChange({this=0x778400124dd8}, {new_limit=23})
[23276:5836:0702/130939.280:VERBOSE1:content\browser\renderer_host\media\media_stream_manager.cc:1499] MSPL::OnSpeedLimitChange({this=0x778400124dd8}, {new_limit=24})
[23276:8364:0702/130940.939:VERBOSE1:chrome\updater\ipc\update_service_dialer_win.cc:71] Failed to connect to remote mojo service, is_internal_service: 0, scope: System, connection timed out.
[23276:5836:0702/130941.291:VERBOSE1:content\browser\renderer_host\media\media_stream_manager.cc:1499] MSPL::OnSpeedLimitChange({this=0x778400124dd8}, {new_limit=25})
[23276:5836:0702/130945.317:VERBOSE1:content\browser\renderer_host\media\media_stream_manager.cc:1499] MSPL::OnSpeedLimitChange({this=0x778400124dd8}, {new_limit=27})
[23276:5836:0702/130946.328:VERBOSE1:content\browser\renderer_host\media\media_stream_manager.cc:1499] MSPL::OnSpeedLimitChange({this=0x778400124dd8}, {new_limit=25})
[24916:21724:0702/130946.909:VERBOSE1:net\base\network_delegate.cc:38] NetworkDelegate::NotifyBeforeURLRequest: http://127.0.0.1:8000/users/7
[23276:5836:0702/130947.342:VERBOSE1:content\browser\renderer_host\media\media_stream_manager.cc:1499] MSPL::OnSpeedLimitChange({this=0x778400124dd8}, {new_limit=23})
[23276:5836:0702/130948.349:VERBOSE1:content\browser\renderer_host\media\media_stream_manager.cc:1499] MSPL::OnSpeedLimitChange({this=0x778400124dd8}, {new_limit=22})
[23276:5836:0702/130949.358:VERBOSE1:content\browser\renderer_host\media\media_stream_manager.cc:1499] MSPL::OnSpeedLimitChange({this=0x778400124dd8}, {new_limit=20})
[23276:5836:0702/130950.368:VERBOSE1:content\browser\renderer_host\media\media_stream_manager.cc:1499] MSPL::OnSpeedLimitChange({this=0x778400124dd8}, {new_limit=19})
[23276:5836:0702/130951.381:VERBOSE1:content\browser\renderer_host\media\media_stream_manager.cc:1499] MSPL::OnSpeedLimitChange({this=0x778400124dd8}, {new_limit=17})
[23276:5836:0702/130952.390:VERBOSE1:content\browser\renderer_host\media\media_stream_manager.cc:1499] MSPL::OnSpeedLimitChange({this=0x778400124dd8}, {new_limit=16})
[23276:5836:0702/130953.396:VERBOSE1:content\browser\renderer_host\media\media_stream_manager.cc:1499] MSPL::OnSpeedLimitChange({this=0x778400124dd8}, {new_limit=14})
[23276:5836:0702/130954.400:VERBOSE1:content\browser\renderer_host\media\media_stream_manager.cc:1499] MSPL::OnSpeedLimitChange({this=0x778400124dd8}, {new_limit=13})
[23276:5836:0702/130955.413:VERBOSE1:content\browser\renderer_host\media\media_stream_manager.cc:1499] MSPL::OnSpeedLimitChange({this=0x778400124dd8}, {new_limit=11})
[24916:21724:0702/131001.313:VERBOSE1:net\base\network_delegate.cc:38] NetworkDelegate::NotifyBeforeURLRequest: http://127.0.0.1:8000/dashboard-stats
[24916:21724:0702/131001.910:VERBOSE1:net\base\network_delegate.cc:38] NetworkDelegate::NotifyBeforeURLRequest: http://127.0.0.1:8000/users/7
[23276:5836:0702/131005.509:VERBOSE1:content\browser\renderer_host\media\media_stream_manager.cc:1499] MSPL::OnSpeedLimitChange({this=0x778400124dd8}, {new_limit=12})
[23276:5836:0702/131006.515:VERBOSE1:content\browser\renderer_host\media\media_stream_manager.cc:1499] MSPL::OnSpeedLimitChange({this=0x778400124dd8}, {new_limit=13})
[23276:5836:0702/131007.521:VERBOSE1:content\browser\renderer_host\media\media_stream_manager.cc:1499] MSPL::OnSpeedLimitChange({this=0x778400124dd8}, {new_limit=15})
[23276:5836:0702/131008.522:VERBOSE1:content\browser\renderer_host\media\media_stream_manager.cc:1499] MSPL::OnSpeedLimitChange({this=0x778400124dd8}, {new_limit=16})
[23276:5836:0702/131011.534:VERBOSE1:content\browser\renderer_host\media\media_stream_manager.cc:1499] MSPL::OnSpeedLimitChange({this=0x778400124dd8}, {new_limit=17})
[23276:5836:0702/131012.540:VERBOSE1:content\browser\renderer_host\media\media_stream_manager.cc:1499] MSPL::OnSpeedLimitChange({this=0x778400124dd8}, {new_limit=19})
[23276:5836:0702/131013.553:VERBOSE1:content\browser\renderer_host\media\media_stream_manager.cc:1499] MSPL::OnSpeedLimitChange({this=0x778400124dd8}, {new_limit=18})
[23276:5836:0702/131015.577:VERBOSE1:content\browser\renderer_host\media\media_stream_manager.cc:1499] MSPL::OnSpeedLimitChange({this=0x778400124dd8}, {new_limit=17})
[23276:5836:0702/131016.579:VERBOSE1:content\browser\renderer_host\media\media_stream_manager.cc:1499] MSPL::OnSpeedLimitChange({this=0x778400124dd8}, {new_limit=15})
[24916:21724:0702/131016.912:VERBOSE1:net\base\network_delegate.cc:38] NetworkDelegate::NotifyBeforeURLRequest: http://127.0.0.1:8000/users/7
[23276:5836:0702/131017.592:VERBOSE1:content\browser\renderer_host\media\media_stream_manager.cc:1499] MSPL::OnSpeedLimitChange({this=0x778400124dd8}, {new_limit=14})
[23276:5836:0702/131018.594:VERBOSE1:content\browser\renderer_host\media\media_stream_manager.cc:1499] MSPL::OnSpeedLimitChange({this=0x778400124dd8}, {new_limit=13})
[23276:5836:0702/131020.604:VERBOSE1:content\browser\renderer_host\media\media_stream_manager.cc:1499] MSPL::OnSpeedLimitChange({this=0x778400124dd8}, {new_limit=12})
[23276:5836:0702/131021.614:VERBOSE1:content\browser\renderer_host\media\media_stream_manager.cc:1499] MSPL::OnSpeedLimitChange({this=0x778400124dd8}, {new_limit=13})
[23276:5836:0702/131023.630:VERBOSE1:content\browser\renderer_host\media\media_stream_manager.cc:1499] MSPL::OnSpeedLimitChange({this=0x778400124dd8}, {new_limit=14})
[23276:5836:0702/131026.654:VERBOSE1:content\browser\renderer_host\media\media_stream_manager.cc:1499] MSPL::OnSpeedLimitChange({this=0x778400124dd8}, {new_limit=16})
[24916:21724:0702/131028.722:VERBOSE1:net\base\network_delegate.cc:38] NetworkDelegate::NotifyBeforeURLRequest: https://safebrowsing.googleapis.com/v4/threatListUpdates:fetch?$req=Ch4KDGdvb2dsZWNocm9tZRIOMTQ5LjAuNzgyNy4yMDEaDAgFEAEiBCABIAIoARoMCBAQASIEIAEgAigBGgwIARABIgQgASACKAEaDAgDEAEiBCABIAIoARoMCA4QASIEIAEgAigBGgwIBxABIgQgASACKAEaDAgBEAgiBCABIAIoBBoMCA8QASIEIAEgAigBGgwICRABIgQgASACKAEaDAgIEAEiBCABIAIoARoMCA0QASIEIAEgAigBIgIIAQ==&$ct=application/x-protobuf&key=AIzaSyA2KlwBX3mkFo30om9LUFYQhpqLoa_BNhE
[24916:21724:0702/131031.311:VERBOSE1:net\base\network_delegate.cc:38] NetworkDelegate::NotifyBeforeURLRequest: http://127.0.0.1:8000/dashboard-stats
[24916:21724:0702/131031.311:VERBOSE1:net\base\network_delegate.cc:38] NetworkDelegate::NotifyBeforeURLRequest: http://127.0.0.1:8000/dashboard-stats
[23276:5836:0702/131031.700:VERBOSE1:content\browser\renderer_host\media\media_stream_manager.cc:1499] MSPL::OnSpeedLimitChange({this=0x778400124dd8}, {new_limit=14})
[24916:21724:0702/131031.910:VERBOSE1:net\base\network_delegate.cc:38] NetworkDelegate::NotifyBeforeURLRequest: http://127.0.0.1:8000/users/7
[23276:5836:0702/131032.708:VERBOSE1:content\browser\renderer_host\media\media_stream_manager.cc:1499] MSPL::OnSpeedLimitChange({this=0x778400124dd8}, {new_limit=12})
[22940:23272:0702/131034.145:VERBOSE1:third_party\blink\renderer\core\script\modulator_impl_base.cc:141] "Import Map: \"http://127.0.0.1:5173/src/pages/Dashboard.jsx?t=1782979834130\" matches with no entries and thus is not mapped."
[24916:21724:0702/131034.150:VERBOSE1:net\base\network_delegate.cc:38] NetworkDelegate::NotifyBeforeURLRequest: http://127.0.0.1:5173/src/pages/Dashboard.jsx?t=1782979834130
[22940:23272:0702/131034.404:VERBOSE1:third_party\blink\renderer\core\script\modulator_impl_base.cc:141] "Import Map: \"http://127.0.0.1:5173/@vite/client\" matches with no entries and thus is not mapped."
[22940:23272:0702/131034.404:VERBOSE1:third_party\blink\renderer\core\script\modulator_impl_base.cc:141] "Import Map: \"http://127.0.0.1:5173/node_modules/.vite/deps/react.js?v=d132295d\" matches with no entries and thus is not mapped."
[22940:23272:0702/131034.404:VERBOSE1:third_party\blink\renderer\core\script\modulator_impl_base.cc:141] "Import Map: \"http://127.0.0.1:5173/src/api/api.js\" matches with no entries and thus is not mapped."
[22940:23272:0702/131034.404:VERBOSE1:third_party\blink\renderer\core\script\modulator_impl_base.cc:141] "Import Map: \"http://127.0.0.1:5173/src/pages/Dashboard.css?t=1782979245000\" matches with no entries and thus is not mapped."
[22940:23272:0702/131034.404:VERBOSE1:third_party\blink\renderer\core\script\modulator_impl_base.cc:141] "Import Map: \"http://127.0.0.1:5173/node_modules/.vite/deps/react_jsx-dev-runtime.js?v=d132295d\" matches with no entries and thus is not mapped."
[22940:23272:0702/131034.404:VERBOSE1:third_party\blink\renderer\core\script\modulator_impl_base.cc:141] "Import Map: \"http://127.0.0.1:5173/@react-refresh\" matches with no entries and thus is not mapped."
[22940:23272:0702/131034.404:VERBOSE1:third_party\blink\renderer\core\script\modulator_impl_base.cc:141] "Import Map: \"http://127.0.0.1:5173/src/pages/Dashboard.jsx?t=1782979834130\" matches with no entries and thus is not mapped."
[23276:6260:0702/131034.408:INFO:CONSOLE:930] "[vite] hot updated: /src/pages/Dashboard.jsx", source: http://127.0.0.1:5173/@vite/client (930)
[24916:21724:0702/131034.609:VERBOSE1:net\base\network_delegate.cc:38] NetworkDelegate::NotifyBeforeURLRequest: http://127.0.0.1:8000/dashboard-stats
[23276:5836:0702/131035.729:VERBOSE1:content\browser\renderer_host\media\media_stream_manager.cc:1499] MSPL::OnSpeedLimitChange({this=0x778400124dd8}, {new_limit=11})
[23276:5836:0702/131037.736:VERBOSE1:content\browser\renderer_host\media\media_stream_manager.cc:1499] MSPL::OnSpeedLimitChange({this=0x778400124dd8}, {new_limit=12})
[23276:5836:0702/131038.746:VERBOSE1:content\browser\renderer_host\media\media_stream_manager.cc:1499] MSPL::OnSpeedLimitChange({this=0x778400124dd8}, {new_limit=14})
[23276:5836:0702/131040.765:VERBOSE1:content\browser\renderer_host\media\media_stream_manager.cc:1499] MSPL::OnSpeedLimitChange({this=0x778400124dd8}, {new_limit=15})
[23276:5836:0702/131041.774:VERBOSE1:content\browser\renderer_host\media\media_stream_manager.cc:1499] MSPL::OnSpeedLimitChange({this=0x778400124dd8}, {new_limit=17})
[23276:5836:0702/131042.782:VERBOSE1:content\browser\renderer_host\media\media_stream_manager.cc:1499] MSPL::OnSpeedLimitChange({this=0x778400124dd8}, {new_limit=18})
[23276:5836:0702/131043.794:VERBOSE1:content\browser\renderer_host\media\media_stream_manager.cc:1499] MSPL::OnSpeedLimitChange({this=0x778400124dd8}, {new_limit=20})
[23276:5836:0702/131045.812:VERBOSE1:content\browser\renderer_host\media\media_stream_manager.cc:1499] MSPL::OnSpeedLimitChange({this=0x778400124dd8}, {new_limit=21})
[23276:5836:0702/131046.818:VERBOSE1:content\browser\renderer_host\media\media_stream_manager.cc:1499] MSPL::OnSpeedLimitChange({this=0x778400124dd8}, {new_limit=20})
[24916:21724:0702/131046.910:VERBOSE1:net\base\network_delegate.cc:38] NetworkDelegate::NotifyBeforeURLRequest: http://127.0.0.1:8000/users/7
[23276:5836:0702/131047.826:VERBOSE1:content\browser\renderer_host\media\media_stream_manager.cc:1499] MSPL::OnSpeedLimitChange({this=0x778400124dd8}, {new_limit=19})
[23276:5836:0702/131049.836:VERBOSE1:content\browser\renderer_host\media\media_stream_manager.cc:1499] MSPL::OnSpeedLimitChange({this=0x778400124dd8}, {new_limit=20})
[23276:5836:0702/131050.844:VERBOSE1:content\browser\renderer_host\media\media_stream_manager.cc:1499] MSPL::OnSpeedLimitChange({this=0x778400124dd8}, {new_limit=21})
[23276:5836:0702/131051.853:VERBOSE1:content\browser\renderer_host\media\media_stream_manager.cc:1499] MSPL::OnSpeedLimitChange({this=0x778400124dd8}, {new_limit=19})
[23276:5836:0702/131052.856:VERBOSE1:content\browser\renderer_host\media\media_stream_manager.cc:1499] MSPL::OnSpeedLimitChange({this=0x778400124dd8}, {new_limit=18})
[23276:5836:0702/131053.858:VERBOSE1:content\browser\renderer_host\media\media_stream_manager.cc:1499] MSPL::OnSpeedLimitChange({this=0x778400124dd8}, {new_limit=17})
[23276:5836:0702/131054.862:VERBOSE1:content\browser\renderer_host\media\media_stream_manager.cc:1499] MSPL::OnSpeedLimitChange({this=0x778400124dd8}, {new_limit=18})
[23276:5836:0702/131055.862:VERBOSE1:content\browser\renderer_host\media\media_stream_manager.cc:1499] MSPL::OnSpeedLimitChange({this=0x778400124dd8}, {new_limit=19})
[23276:5836:0702/131056.869:VERBOSE1:content\browser\renderer_host\media\media_stream_manager.cc:1499] MSPL::OnSpeedLimitChange({this=0x778400124dd8}, {new_limit=21})
[23276:5836:0702/131059.898:VERBOSE1:content\browser\renderer_host\media\media_stream_manager.cc:1499] MSPL::OnSpeedLimitChange({this=0x778400124dd8}, {new_limit=19})
[23276:5836:0702/131100.902:VERBOSE1:content\browser\renderer_host\media\media_stream_manager.cc:1499] MSPL::OnSpeedLimitChange({this=0x778400124dd8}, {new_limit=18})
[24916:21724:0702/131101.315:VERBOSE1:net\base\network_delegate.cc:38] NetworkDelegate::NotifyBeforeURLRequest: http://127.0.0.1:8000/dashboard-stats
[24916:21724:0702/131101.920:VERBOSE1:net\base\network_delegate.cc:38] NetworkDelegate::NotifyBeforeURLRequest: http://127.0.0.1:8000/users/7
[23276:5836:0702/131102.920:VERBOSE1:content\browser\renderer_host\media\media_stream_manager.cc:1499] MSPL::OnSpeedLimitChange({this=0x778400124dd8}, {new_limit=19})
[23276:5836:0702/131103.923:VERBOSE1:content\browser\renderer_host\media\media_stream_manager.cc:1499] MSPL::OnSpeedLimitChange({this=0x778400124dd8}, {new_limit=21})
[23276:5836:0702/131105.932:VERBOSE1:content\browser\renderer_host\media\media_stream_manager.cc:1499] MSPL::OnSpeedLimitChange({this=0x778400124dd8}, {new_limit=20})
[23276:5836:0702/131106.936:VERBOSE1:content\browser\renderer_host\media\media_stream_manager.cc:1499] MSPL::OnSpeedLimitChange({this=0x778400124dd8}, {new_limit=19})
[23276:5836:0702/131109.951:VERBOSE1:content\browser\renderer_host\media\media_stream_manager.cc:1499] MSPL::OnSpeedLimitChange({this=0x778400124dd8}, {new_limit=20})
[23276:5836:0702/131110.954:VERBOSE1:content\browser\renderer_host\media\media_stream_manager.cc:1499] MSPL::OnSpeedLimitChange({this=0x778400124dd8}, {new_limit=21})
[23276:5836:0702/131111.957:VERBOSE1:content\browser\renderer_host\media\media_stream_manager.cc:1499] MSPL::OnSpeedLimitChange({this=0x778400124dd8}, {new_limit=23})
[24916:21724:0702/131116.922:VERBOSE1:net\base\network_delegate.cc:38] NetworkDelegate::NotifyBeforeURLRequest: http://127.0.0.1:8000/users/7
[23276:5836:0702/131118.003:VERBOSE1:content\browser\renderer_host\media\media_stream_manager.cc:1499] MSPL::OnSpeedLimitChange({this=0x778400124dd8}, {new_limit=24})
[23276:5836:0702/131119.018:VERBOSE1:content\browser\renderer_host\media\media_stream_manager.cc:1499] MSPL::OnSpeedLimitChange({this=0x778400124dd8}, {new_limit=22})
[23276:5836:0702/131120.026:VERBOSE1:content\browser\renderer_host\media\media_stream_manager.cc:1499] MSPL::OnSpeedLimitChange({this=0x778400124dd8}, {new_limit=23})
[23276:5836:0702/131121.033:VERBOSE1:content\browser\renderer_host\media\media_stream_manager.cc:1499] MSPL::OnSpeedLimitChange({this=0x778400124dd8}, {new_limit=22})
[23276:5836:0702/131126.061:VERBOSE1:content\browser\renderer_host\media\media_stream_manager.cc:1499] MSPL::OnSpeedLimitChange({this=0x778400124dd8}, {new_limit=21})
[23276:5836:0702/131128.069:VERBOSE1:content\browser\renderer_host\media\media_stream_manager.cc:1499] MSPL::OnSpeedLimitChange({this=0x778400124dd8}, {new_limit=20})
[23276:5836:0702/131129.082:VERBOSE1:content\browser\renderer_host\media\media_stream_manager.cc:1499] MSPL::OnSpeedLimitChange({this=0x778400124dd8}, {new_limit=21})
[23276:5836:0702/131131.100:VERBOSE1:content\browser\renderer_host\media\media_stream_manager.cc:1499] MSPL::OnSpeedLimitChange({this=0x778400124dd8}, {new_limit=23})
[24916:21724:0702/131131.315:VERBOSE1:net\base\network_delegate.cc:38] NetworkDelegate::NotifyBeforeURLRequest: http://127.0.0.1:8000/dashboard-stats
[24916:21724:0702/131131.913:VERBOSE1:net\base\network_delegate.cc:38] NetworkDelegate::NotifyBeforeURLRequest: http://127.0.0.1:8000/users/7
[23276:5836:0702/131133.108:VERBOSE1:content\browser\renderer_host\media\media_stream_manager.cc:1499] MSPL::OnSpeedLimitChange({this=0x778400124dd8}, {new_limit=22})
[23276:5836:0702/131134.115:VERBOSE1:content\browser\renderer_host\media\media_stream_manager.cc:1499] MSPL::OnSpeedLimitChange({this=0x778400124dd8}, {new_limit=21})
[24916:21724:0702/131134.491:VERBOSE1:net\base\network_delegate.cc:38] NetworkDelegate::NotifyBeforeURLRequest: http://127.0.0.1:8000/dashboard-stats
[23276:5836:0702/131135.130:VERBOSE1:content\browser\renderer_host\media\media_stream_manager.cc:1499] MSPL::OnSpeedLimitChange({this=0x778400124dd8}, {new_limit=22})
[23276:5836:0702/131136.136:VERBOSE1:content\browser\renderer_host\media\media_stream_manager.cc:1499] MSPL::OnSpeedLimitChange({this=0x778400124dd8}, {new_limit=24})
[23276:5836:0702/131137.150:VERBOSE1:content\browser\renderer_host\media\media_stream_manager.cc:1499] MSPL::OnSpeedLimitChange({this=0x778400124dd8}, {new_limit=23})
[23276:5836:0702/131138.155:VERBOSE1:content\browser\renderer_host\media\media_stream_manager.cc:1499] MSPL::OnSpeedLimitChange({this=0x778400124dd8}, {new_limit=22})
[23276:5836:0702/131139.157:VERBOSE1:content\browser\renderer_host\media\media_stream_manager.cc:1499] MSPL::OnSpeedLimitChange({this=0x778400124dd8}, {new_limit=23})
[23276:5836:0702/131144.210:VERBOSE1:content\browser\renderer_host\media\media_stream_manager.cc:1499] MSPL::OnSpeedLimitChange({this=0x778400124dd8}, {new_limit=22})
[23276:5836:0702/131145.223:VERBOSE1:content\browser\renderer_host\media\media_stream_manager.cc:1499] MSPL::OnSpeedLimitChange({this=0x778400124dd8}, {new_limit=21})
[24916:21724:0702/131145.614:VERBOSE1:net\base\network_delegate.cc:38] NetworkDelegate::NotifyBeforeURLRequest: https://android.clients.google.com/c2dm/register3
[24916:21724:0702/131145.614:VERBOSE1:net\third_party\quiche\src\quiche\quic\core\tls_handshaker.cc:109] TlsClient: Continuing handshake
[24916:21724:0702/131145.618:VERBOSE1:net\third_party\quiche\src\quiche\quic\core\tls_handshaker.cc:130] TlsClient: SSL_do_handshake returned when entering early data. After retry, rv=-1, SSL_in_early_data=1
[24916:21724:0702/131145.792:VERBOSE1:net\third_party\quiche\src\quiche\quic\core\tls_handshaker.cc:109] TlsClient: Continuing handshake
[24916:21724:0702/131145.792:VERBOSE1:net\third_party\quiche\src\quiche\quic\core\tls_handshaker.cc:109] TlsClient: Continuing handshake
[23276:5836:0702/131145.983:ERROR:google_apis\gcm\engine\registration_request.cc:291] Registration response error message: QUOTA_EXCEEDED
[23276:5836:0702/131146.232:VERBOSE1:content\browser\renderer_host\media\media_stream_manager.cc:1499] MSPL::OnSpeedLimitChange({this=0x778400124dd8}, {new_limit=19})
[24916:21724:0702/131146.937:VERBOSE1:net\base\network_delegate.cc:38] NetworkDelegate::NotifyBeforeURLRequest: http://127.0.0.1:8000/users/7
[23276:5836:0702/131148.241:VERBOSE1:content\browser\renderer_host\media\media_stream_manager.cc:1499] MSPL::OnSpeedLimitChange({this=0x778400124dd8}, {new_limit=21})
[23276:5836:0702/131149.251:VERBOSE1:content\browser\renderer_host\media\media_stream_manager.cc:1499] MSPL::OnSpeedLimitChange({this=0x778400124dd8}, {new_limit=20})
[23276:5836:0702/131154.285:VERBOSE1:content\browser\renderer_host\media\media_stream_manager.cc:1499] MSPL::OnSpeedLimitChange({this=0x778400124dd8}, {new_limit=22})
[23276:5836:0702/131156.288:VERBOSE1:content\browser\renderer_host\media\media_stream_manager.cc:1499] MSPL::OnSpeedLimitChange({this=0x778400124dd8}, {new_limit=24})
[23276:5836:0702/131157.302:VERBOSE1:content\browser\renderer_host\media\media_stream_manager.cc:1499] MSPL::OnSpeedLimitChange({this=0x778400124dd8}, {new_limit=25})
[23276:5836:0702/131159.315:VERBOSE1:content\browser\renderer_host\media\media_stream_manager.cc:1499] MSPL::OnSpeedLimitChange({this=0x778400124dd8}, {new_limit=26})
[24916:21724:0702/131201.323:VERBOSE1:net\base\network_delegate.cc:38] NetworkDelegate::NotifyBeforeURLRequest: http://127.0.0.1:8000/dashboard-stats
[24916:21724:0702/131201.911:VERBOSE1:net\base\network_delegate.cc:38] NetworkDelegate::NotifyBeforeURLRequest: http://127.0.0.1:8000/users/7
[23276:5836:0702/131205.361:VERBOSE1:content\browser\renderer_host\media\media_stream_manager.cc:1499] MSPL::OnSpeedLimitChange({this=0x778400124dd8}, {new_limit=27})
[23276:5836:0702/131206.365:VERBOSE1:content\browser\renderer_host\media\media_stream_manager.cc:1499] MSPL::OnSpeedLimitChange({this=0x778400124dd8}, {new_limit=26})
[23276:5836:0702/131207.372:VERBOSE1:content\browser\renderer_host\media\media_stream_manager.cc:1499] MSPL::OnSpeedLimitChange({this=0x778400124dd8}, {new_limit=25})
[23276:5836:0702/131208.373:VERBOSE1:content\browser\renderer_host\media\media_stream_manager.cc:1499] MSPL::OnSpeedLimitChange({this=0x778400124dd8}, {new_limit=23})
[22940:23272:0702/131208.842:VERBOSE1:third_party\blink\renderer\core\script\modulator_impl_base.cc:141] "Import Map: \"http://127.0.0.1:5173/src/pages/Dashboard.css?t=1782979928836\" matches with no entries and thus is not mapped."
[24916:21724:0702/131208.842:VERBOSE1:net\base\network_delegate.cc:38] NetworkDelegate::NotifyBeforeURLRequest: http://127.0.0.1:5173/src/pages/Dashboard.css?t=1782979928836
[22940:23272:0702/131208.898:VERBOSE1:third_party\blink\renderer\core\script\modulator_impl_base.cc:141] "Import Map: \"http://127.0.0.1:5173/@vite/client\" matches with no entries and thus is not mapped."
[23276:6260:0702/131208.900:INFO:CONSOLE:930] "[vite] hot updated: /src/pages/Dashboard.css", source: http://127.0.0.1:5173/@vite/client (930)
[23276:5836:0702/131216.465:VERBOSE1:content\browser\renderer_host\media\media_stream_manager.cc:1499] MSPL::OnSpeedLimitChange({this=0x778400124dd8}, {new_limit=22})
[24916:21724:0702/131216.909:VERBOSE1:net\base\network_delegate.cc:38] NetworkDelegate::NotifyBeforeURLRequest: http://127.0.0.1:8000/users/7
[23276:5836:0702/131217.480:VERBOSE1:content\browser\renderer_host\media\media_stream_manager.cc:1499] MSPL::OnSpeedLimitChange({this=0x778400124dd8}, {new_limit=23})
[23276:5836:0702/131218.482:VERBOSE1:content\browser\renderer_host\media\media_stream_manager.cc:1499] MSPL::OnSpeedLimitChange({this=0x778400124dd8}, {new_limit=25})
[23276:5836:0702/131219.488:VERBOSE1:content\browser\renderer_host\media\media_stream_manager.cc:1499] MSPL::OnSpeedLimitChange({this=0x778400124dd8}, {new_limit=24})
[23276:5836:0702/131220.497:VERBOSE1:content\browser\renderer_host\media\media_stream_manager.cc:1499] MSPL::OnSpeedLimitChange({this=0x778400124dd8}, {new_limit=22})
[23276:5836:0702/131224.517:VERBOSE1:content\browser\renderer_host\media\media_stream_manager.cc:1499] MSPL::OnSpeedLimitChange({this=0x778400124dd8}, {new_limit=21})
[23276:5836:0702/131225.523:VERBOSE1:content\browser\renderer_host\media\media_stream_manager.cc:1499] MSPL::OnSpeedLimitChange({this=0x778400124dd8}, {new_limit=19})
[23276:5836:0702/131226.533:VERBOSE1:content\browser\renderer_host\media\media_stream_manager.cc:1499] MSPL::OnSpeedLimitChange({this=0x778400124dd8}, {new_limit=20})
[23276:5836:0702/131229.545:VERBOSE1:content\browser\renderer_host\media\media_stream_manager.cc:1499] MSPL::OnSpeedLimitChange({this=0x778400124dd8}, {new_limit=21})
[23276:5836:0702/131230.558:VERBOSE1:content\browser\renderer_host\media\media_stream_manager.cc:1499] MSPL::OnSpeedLimitChange({this=0x778400124dd8}, {new_limit=23})
[24916:21724:0702/131231.315:VERBOSE1:net\base\network_delegate.cc:38] NetworkDelegate::NotifyBeforeURLRequest: http://127.0.0.1:8000/dashboard-stats
[23276:5836:0702/131231.568:VERBOSE1:content\browser\renderer_host\media\media_stream_manager.cc:1499] MSPL::OnSpeedLimitChange({this=0x778400124dd8}, {new_limit=22})
[24916:21724:0702/131231.922:VERBOSE1:net\base\network_delegate.cc:38] NetworkDelegate::NotifyBeforeURLRequest: http://127.0.0.1:8000/users/7
[24916:21724:0702/131234.482:VERBOSE1:net\base\network_delegate.cc:38] NetworkDelegate::NotifyBeforeURLRequest: http://127.0.0.1:8000/dashboard-stats
[23276:5836:0702/131234.595:VERBOSE1:content\browser\renderer_host\media\media_stream_manager.cc:1499] MSPL::OnSpeedLimitChange({this=0x778400124dd8}, {new_limit=23})
[23276:5836:0702/131235.603:VERBOSE1:content\browser\renderer_host\media\media_stream_manager.cc:1499] MSPL::OnSpeedLimitChange({this=0x778400124dd8}, {new_limit=25})
[23276:5836:0702/131243.669:VERBOSE1:content\browser\renderer_host\media\media_stream_manager.cc:1499] MSPL::OnSpeedLimitChange({this=0x778400124dd8}, {new_limit=26})
[23276:5836:0702/131246.684:VERBOSE1:content\browser\renderer_host\media\media_stream_manager.cc:1499] MSPL::OnSpeedLimitChange({this=0x778400124dd8}, {new_limit=25})
[24916:21724:0702/131246.923:VERBOSE1:net\base\network_delegate.cc:38] NetworkDelegate::NotifyBeforeURLRequest: http://127.0.0.1:8000/users/7
[23276:5836:0702/131247.690:VERBOSE1:content\browser\renderer_host\media\media_stream_manager.cc:1499] MSPL::OnSpeedLimitChange({this=0x778400124dd8}, {new_limit=23})
[23276:5836:0702/131248.701:VERBOSE1:content\browser\renderer_host\media\media_stream_manager.cc:1499] MSPL::OnSpeedLimitChange({this=0x778400124dd8}, {new_limit=22})
[23276:5836:0702/131249.714:VERBOSE1:content\browser\renderer_host\media\media_stream_manager.cc:1499] MSPL::OnSpeedLimitChange({this=0x778400124dd8}, {new_limit=20})
[23276:5836:0702/131251.733:VERBOSE1:content\browser\renderer_host\media\media_stream_manager.cc:1499] MSPL::OnSpeedLimitChange({this=0x778400124dd8}, {new_limit=19})
[23276:5836:0702/131253.750:VERBOSE1:content\browser\renderer_host\media\media_stream_manager.cc:1499] MSPL::OnSpeedLimitChange({this=0x778400124dd8}, {new_limit=18})
[23276:5836:0702/131254.771:VERBOSE1:content\browser\renderer_host\media\media_stream_manager.cc:1499] MSPL::OnSpeedLimitChange({this=0x778400124dd8}, {new_limit=17})
[23276:5836:0702/131255.775:VERBOSE1:content\browser\renderer_host\media\media_stream_manager.cc:1499] MSPL::OnSpeedLimitChange({this=0x778400124dd8}, {new_limit=16})
[23276:5836:0702/131257.793:VERBOSE1:content\browser\renderer_host\media\media_stream_manager.cc:1499] MSPL::OnSpeedLimitChange({this=0x778400124dd8}, {new_limit=17})
[23276:5836:0702/131259.805:VERBOSE1:content\browser\renderer_host\media\media_stream_manager.cc:1499] MSPL::OnSpeedLimitChange({this=0x778400124dd8}, {new_limit=18})
[23276:5836:0702/131300.815:VERBOSE1:content\browser\renderer_host\media\media_stream_manager.cc:1499] MSPL::OnSpeedLimitChange({this=0x778400124dd8}, {new_limit=19})
[24916:21724:0702/131301.309:VERBOSE1:net\base\network_delegate.cc:38] NetworkDelegate::NotifyBeforeURLRequest: http://127.0.0.1:8000/dashboard-stats
[24916:21724:0702/131301.913:VERBOSE1:net\base\network_delegate.cc:38] NetworkDelegate::NotifyBeforeURLRequest: http://127.0.0.1:8000/users/7
[23276:5836:0702/131303.841:VERBOSE1:content\browser\renderer_host\media\media_stream_manager.cc:1499] MSPL::OnSpeedLimitChange({this=0x778400124dd8}, {new_limit=20})
[23276:5836:0702/131305.851:VERBOSE1:content\browser\renderer_host\media\media_stream_manager.cc:1499] MSPL::OnSpeedLimitChange({this=0x778400124dd8}, {new_limit=21})
[23276:5836:0702/131306.855:VERBOSE1:content\browser\renderer_host\media\media_stream_manager.cc:1499] MSPL::OnSpeedLimitChange({this=0x778400124dd8}, {new_limit=23})
[23276:5836:0702/131308.868:VERBOSE1:content\browser\renderer_host\media\media_stream_manager.cc:1499] MSPL::OnSpeedLimitChange({this=0x778400124dd8}, {new_limit=24})
[23276:5836:0702/131315.914:VERBOSE1:content\browser\renderer_host\media\media_stream_manager.cc:1499] MSPL::OnSpeedLimitChange({this=0x778400124dd8}, {new_limit=25})
[24916:21724:0702/131316.913:VERBOSE1:net\base\network_delegate.cc:38] NetworkDelegate::NotifyBeforeURLRequest: http://127.0.0.1:8000/users/7
[23276:5836:0702/131316.934:VERBOSE1:content\browser\renderer_host\media\media_stream_manager.cc:1499] MSPL::OnSpeedLimitChange({this=0x778400124dd8}, {new_limit=24})
[23276:5836:0702/131317.943:VERBOSE1:content\browser\renderer_host\media\media_stream_manager.cc:1499] MSPL::OnSpeedLimitChange({this=0x778400124dd8}, {new_limit=23})
[23276:5836:0702/131320.951:VERBOSE1:content\browser\renderer_host\media\media_stream_manager.cc:1499] MSPL::OnSpeedLimitChange({this=0x778400124dd8}, {new_limit=22})
[23276:5836:0702/131321.962:VERBOSE1:content\browser\renderer_host\media\media_stream_manager.cc:1499] MSPL::OnSpeedLimitChange({this=0x778400124dd8}, {new_limit=21})
[23276:5836:0702/131323.971:VERBOSE1:content\browser\renderer_host\media\media_stream_manager.cc:1499] MSPL::OnSpeedLimitChange({this=0x778400124dd8}, {new_limit=22})
[23276:5836:0702/131327.995:VERBOSE1:content\browser\renderer_host\media\media_stream_manager.cc:1499] MSPL::OnSpeedLimitChange({this=0x778400124dd8}, {new_limit=24})
[23276:5836:0702/131329.004:VERBOSE1:content\browser\renderer_host\media\media_stream_manager.cc:1499] MSPL::OnSpeedLimitChange({this=0x778400124dd8}, {new_limit=25})
[23276:5836:0702/131331.013:VERBOSE1:content\browser\renderer_host\media\media_stream_manager.cc:1499] MSPL::OnSpeedLimitChange({this=0x778400124dd8}, {new_limit=26})
[24916:21724:0702/131331.322:VERBOSE1:net\base\network_delegate.cc:38] NetworkDelegate::NotifyBeforeURLRequest: http://127.0.0.1:8000/dashboard-stats
[24916:21724:0702/131331.913:VERBOSE1:net\base\network_delegate.cc:38] NetworkDelegate::NotifyBeforeURLRequest: http://127.0.0.1:8000/users/7
[24916:21724:0702/131334.483:VERBOSE1:net\base\network_delegate.cc:38] NetworkDelegate::NotifyBeforeURLRequest: http://127.0.0.1:8000/dashboard-stats
[23276:5836:0702/131335.044:VERBOSE1:content\browser\renderer_host\media\media_stream_manager.cc:1499] MSPL::OnSpeedLimitChange({this=0x778400124dd8}, {new_limit=27})
[23276:5836:0702/131340.066:VERBOSE1:content\browser\renderer_host\media\media_stream_manager.cc:1499] MSPL::OnSpeedLimitChange({this=0x778400124dd8}, {new_limit=26})
[23276:5836:0702/131344.097:VERBOSE1:content\browser\renderer_host\media\media_stream_manager.cc:1499] MSPL::OnSpeedLimitChange({this=0x778400124dd8}, {new_limit=25})
[23276:5836:0702/131345.102:VERBOSE1:content\browser\renderer_host\media\media_stream_manager.cc:1499] MSPL::OnSpeedLimitChange({this=0x778400124dd8}, {new_limit=23})
[24916:21724:0702/131346.913:VERBOSE1:net\base\network_delegate.cc:38] NetworkDelegate::NotifyBeforeURLRequest: http://127.0.0.1:8000/users/7
[23276:5836:0702/131348.136:VERBOSE1:content\browser\renderer_host\media\media_stream_manager.cc:1499] MSPL::OnSpeedLimitChange({this=0x778400124dd8}, {new_limit=22})
[23276:5836:0702/131349.137:VERBOSE1:content\browser\renderer_host\media\media_stream_manager.cc:1499] MSPL::OnSpeedLimitChange({this=0x778400124dd8}, {new_limit=21})
[22940:23272:0702/131349.702:VERBOSE1:third_party\blink\renderer\core\script\modulator_impl_base.cc:141] "Import Map: \"http://127.0.0.1:5173/src/pages/Dashboard.css?t=1782980029694\" matches with no entries and thus is not mapped."
[24916:21724:0702/131349.703:VERBOSE1:net\base\network_delegate.cc:38] NetworkDelegate::NotifyBeforeURLRequest: http://127.0.0.1:5173/src/pages/Dashboard.css?t=1782980029694
[22940:23272:0702/131349.794:VERBOSE1:third_party\blink\renderer\core\script\modulator_impl_base.cc:141] "Import Map: \"http://127.0.0.1:5173/@vite/client\" matches with no entries and thus is not mapped."
[23276:6260:0702/131349.802:INFO:CONSOLE:930] "[vite] hot updated: /src/pages/Dashboard.css", source: http://127.0.0.1:5173/@vite/client (930)
[23276:5836:0702/131350.141:VERBOSE1:content\browser\renderer_host\media\media_stream_manager.cc:1499] MSPL::OnSpeedLimitChange({this=0x778400124dd8}, {new_limit=20})
[23276:5836:0702/131351.144:VERBOSE1:content\browser\renderer_host\media\media_stream_manager.cc:1499] MSPL::OnSpeedLimitChange({this=0x778400124dd8}, {new_limit=21})
[23276:5836:0702/131354.159:VERBOSE1:content\browser\renderer_host\media\media_stream_manager.cc:1499] MSPL::OnSpeedLimitChange({this=0x778400124dd8}, {new_limit=22})
[23276:5836:0702/131355.172:VERBOSE1:content\browser\renderer_host\media\media_stream_manager.cc:1499] MSPL::OnSpeedLimitChange({this=0x778400124dd8}, {new_limit=24})
[23276:5836:0702/131356.185:VERBOSE1:content\browser\renderer_host\media\media_stream_manager.cc:1499] MSPL::OnSpeedLimitChange({this=0x778400124dd8}, {new_limit=23})
[23276:5836:0702/131358.201:VERBOSE1:content\browser\renderer_host\media\media_stream_manager.cc:1499] MSPL::OnSpeedLimitChange({this=0x778400124dd8}, {new_limit=24})
[24916:21724:0702/131401.322:VERBOSE1:net\base\network_delegate.cc:38] NetworkDelegate::NotifyBeforeURLRequest: http://127.0.0.1:8000/dashboard-stats
[24916:21724:0702/131401.911:VERBOSE1:net\base\network_delegate.cc:38] NetworkDelegate::NotifyBeforeURLRequest: http://127.0.0.1:8000/users/7
[23276:5836:0702/131402.233:VERBOSE1:content\browser\renderer_host\media\media_stream_manager.cc:1499] MSPL::OnSpeedLimitChange({this=0x778400124dd8}, {new_limit=23})
[23276:5836:0702/131403.238:VERBOSE1:content\browser\renderer_host\media\media_stream_manager.cc:1499] MSPL::OnSpeedLimitChange({this=0x778400124dd8}, {new_limit=22})
[23276:5836:0702/131404.241:VERBOSE1:content\browser\renderer_host\media\media_stream_manager.cc:1499] MSPL::OnSpeedLimitChange({this=0x778400124dd8}, {new_limit=21})
[23276:5836:0702/131406.257:VERBOSE1:content\browser\renderer_host\media\media_stream_manager.cc:1499] MSPL::OnSpeedLimitChange({this=0x778400124dd8}, {new_limit=23})
[23276:5836:0702/131409.268:VERBOSE1:content\browser\renderer_host\media\media_stream_manager.cc:1499] MSPL::OnSpeedLimitChange({this=0x778400124dd8}, {new_limit=22})
[23276:5836:0702/131411.282:VERBOSE1:content\browser\renderer_host\media\media_stream_manager.cc:1499] MSPL::OnSpeedLimitChange({this=0x778400124dd8}, {new_limit=23})
[23276:5836:0702/131412.292:VERBOSE1:content\browser\renderer_host\media\media_stream_manager.cc:1499] MSPL::OnSpeedLimitChange({this=0x778400124dd8}, {new_limit=22})
[23276:5836:0702/131414.302:VERBOSE1:content\browser\renderer_host\media\media_stream_manager.cc:1499] MSPL::OnSpeedLimitChange({this=0x778400124dd8}, {new_limit=21})
[24916:21724:0702/131416.921:VERBOSE1:net\base\network_delegate.cc:38] NetworkDelegate::NotifyBeforeURLRequest: http://127.0.0.1:8000/users/7
[23276:5836:0702/131419.332:VERBOSE1:content\browser\renderer_host\media\media_stream_manager.cc:1499] MSPL::OnSpeedLimitChange({this=0x778400124dd8}, {new_limit=22})
[23276:5836:0702/131420.344:VERBOSE1:content\browser\renderer_host\media\media_stream_manager.cc:1499] MSPL::OnSpeedLimitChange({this=0x778400124dd8}, {new_limit=23})
[23276:5836:0702/131422.352:VERBOSE1:content\browser\renderer_host\media\media_stream_manager.cc:1499] MSPL::OnSpeedLimitChange({this=0x778400124dd8}, {new_limit=24})
[23276:5836:0702/131423.365:VERBOSE1:content\browser\renderer_host\media\media_stream_manager.cc:1499] MSPL::OnSpeedLimitChange({this=0x778400124dd8}, {new_limit=26})
[23276:5836:0702/131427.389:VERBOSE1:content\browser\renderer_host\media\media_stream_manager.cc:1499] MSPL::OnSpeedLimitChange({this=0x778400124dd8}, {new_limit=24})
[23276:5836:0702/131428.391:VERBOSE1:content\browser\renderer_host\media\media_stream_manager.cc:1499] MSPL::OnSpeedLimitChange({this=0x778400124dd8}, {new_limit=23})
[23276:5836:0702/131429.394:VERBOSE1:content\browser\renderer_host\media\media_stream_manager.cc:1499] MSPL::OnSpeedLimitChange({this=0x778400124dd8}, {new_limit=21})
[23276:5836:0702/131430.406:VERBOSE1:content\browser\renderer_host\media\media_stream_manager.cc:1499] MSPL::OnSpeedLimitChange({this=0x778400124dd8}, {new_limit=20})
[23276:6260:0702/131431.090:VERBOSE1:chrome\browser\enterprise\data_protection\data_protection_navigation_observer.cc:227] enterprise.data_protection: same document navigation: 0
[23276:6260:0702/131431.090:VERBOSE1:chrome\browser\enterprise\data_protection\data_protection_navigation_observer.cc:229] enterprise.data_protection: URL to scan: http://127.0.0.1:5173/portal
[23276:6260:0702/131431.093:VERBOSE1:components\signin\internal\identity_manager\mutable_profile_oauth2_token_service_delegate.cc:443] MutablePO2TS::RefreshTokenIsAvailable
[24916:21724:0702/131431.093:VERBOSE1:net\base\network_delegate.cc:38] NetworkDelegate::NotifyBeforeURLRequest: http://127.0.0.1:5173/portal
[22940:23272:0702/131431.116:VERBOSE1:extensions\renderer\dispatcher.cc:688] Num tracked contexts: 0
[24916:21724:0702/131431.120:VERBOSE1:net\base\network_delegate.cc:38] NetworkDelegate::NotifyBeforeURLRequest: http://127.0.0.1:5173/@vite/client
[23276:6260:0702/131431.120:VERBOSE1:content\browser\back_forward_cache\back_forward_cache_impl.cc:853] BackForwardCacheImpl::GetCurrentBackForwardCacheEligibility: http://127.0.0.1:5173/portal : No: Browsing instance is not swapped
[24916:21724:0702/131431.121:VERBOSE1:net\base\network_delegate.cc:38] NetworkDelegate::NotifyBeforeURLRequest: https://fonts.googleapis.com/css2?family=Open+Sans:wght@400;500;600;700;800&family=Roboto:wght@400;500;600&display=swap
[23276:6260:0702/131431.121:VERBOSE1:content\browser\back_forward_cache\back_forward_cache_impl.cc:853] BackForwardCacheImpl::GetCompleteBackForwardCacheEligibilityForReporting: http://127.0.0.1:5173/portal : No: blocklisted features: WebSocket live connection, Browsing instance is not swapped
[24916:21724:0702/131431.121:VERBOSE1:net\base\network_delegate.cc:38] NetworkDelegate::NotifyBeforeURLRequest: http://127.0.0.1:5173/src/main.jsx?t=1782980029694
[22940:23272:0702/131431.122:VERBOSE1:extensions\renderer\script_context.cc:150] Created context:
  extension id:           (none)
  frame:                  0x138c02abaf70
  URL:                    
  context_type:           WEB_PAGE
  effective extension id: (none)
  effective context type: WEB_PAGE
[22940:23272:0702/131431.122:VERBOSE1:extensions\renderer\script_context.cc:150] Created context:
  extension id:           (none)
  frame:                  (nil)
  URL:                    
  context_type:           UNSPECIFIED
  effective extension id: (none)
  effective context type: UNSPECIFIED
[22940:23272:0702/131431.122:VERBOSE1:extensions\renderer\dispatcher.cc:493] Num tracked contexts: 1
[22940:23272:0702/131431.122:VERBOSE1:extensions\renderer\script_context.cc:163] Destroyed context for extension
  extension id: 
  effective extension id: 
[22940:23272:0702/131431.122:VERBOSE1:extensions\renderer\script_context.cc:163] Destroyed context for extension
  extension id: 
  effective extension id: 
[22940:23272:0702/131431.125:VERBOSE1:third_party\blink\renderer\core\script\modulator_impl_base.cc:141] "Import Map: \"http://127.0.0.1:5173/@react-refresh\" matches with no entries and thus is not mapped."
[24916:21724:0702/131431.125:VERBOSE1:net\base\network_delegate.cc:38] NetworkDelegate::NotifyBeforeURLRequest: http://127.0.0.1:5173/@react-refresh
[22940:23272:0702/131431.125:VERBOSE1:third_party\blink\renderer\core\script\modulator_impl_base.cc:141] "Import Map: \"http://127.0.0.1:5173/node_modules/.vite/deps/react.js?v=d132295d\" matches with no entries and thus is not mapped."
[22940:23272:0702/131431.125:VERBOSE1:third_party\blink\renderer\core\script\modulator_impl_base.cc:141] "Import Map: \"http://127.0.0.1:5173/node_modules/.vite/deps/react-dom_client.js?v=d132295d\" matches with no entries and thus is not mapped."
[22940:23272:0702/131431.125:VERBOSE1:third_party\blink\renderer\core\script\modulator_impl_base.cc:141] "Import Map: \"http://127.0.0.1:5173/src/index.css\" matches with no entries and thus is not mapped."
[22940:23272:0702/131431.125:VERBOSE1:third_party\blink\renderer\core\script\modulator_impl_base.cc:141] "Import Map: \"http://127.0.0.1:5173/src/App.jsx?t=1782980029694\" matches with no entries and thus is not mapped."
[22940:23272:0702/131431.125:VERBOSE1:third_party\blink\renderer\core\script\modulator_impl_base.cc:141] "Import Map: \"http://127.0.0.1:5173/src/pages/MobileApp.css\" matches with no entries and thus is not mapped."
[22940:23272:0702/131431.125:VERBOSE1:third_party\blink\renderer\core\script\modulator_impl_base.cc:141] "Import Map: \"http://127.0.0.1:5173/src/pages/Orders.mobile.css\" matches with no entries and thus is not mapped."
[22940:23272:0702/131431.125:VERBOSE1:third_party\blink\renderer\core\script\modulator_impl_base.cc:141] "Import Map: \"http://127.0.0.1:5173/src/pages/Customers.mobile.css\" matches with no entries and thus is not mapped."
[22940:23272:0702/131431.125:VERBOSE1:third_party\blink\renderer\core\script\modulator_impl_base.cc:141] "Import Map: \"http://127.0.0.1:5173/src/pages/Shipping.mobile.css\" matches with no entries and thus is not mapped."
[22940:23272:0702/131431.125:VERBOSE1:third_party\blink\renderer\core\script\modulator_impl_base.cc:141] "Import Map: \"http://127.0.0.1:5173/src/pages/Products.mobile.css\" matches with no entries and thus is not mapped."
[22940:23272:0702/131431.125:VERBOSE1:third_party\blink\renderer\core\script\modulator_impl_base.cc:141] "Import Map: \"http://127.0.0.1:5173/src/pages/Suppliers.mobile.css\" matches with no entries and thus is not mapped."
[22940:23272:0702/131431.125:VERBOSE1:third_party\blink\renderer\core\script\modulator_impl_base.cc:141] "Import Map: \"http://127.0.0.1:5173/node_modules/.vite/deps/react_jsx-dev-runtime.js?v=d132295d\" matches with no entries and thus is not mapped."
[24916:21724:0702/131431.128:VERBOSE1:net\base\network_delegate.cc:38] NetworkDelegate::NotifyBeforeURLRequest: http://127.0.0.1:5173/node_modules/.vite/deps/react.js?v=d132295d
[24916:21724:0702/131431.129:VERBOSE1:net\base\network_delegate.cc:38] NetworkDelegate::NotifyBeforeURLRequest: http://127.0.0.1:5173/node_modules/.vite/deps/react-dom_client.js?v=d132295d
[24916:21724:0702/131431.129:VERBOSE1:net\base\network_delegate.cc:38] NetworkDelegate::NotifyBeforeURLRequest: http://127.0.0.1:5173/src/index.css
[24916:21724:0702/131431.129:VERBOSE1:net\base\network_delegate.cc:38] NetworkDelegate::NotifyBeforeURLRequest: http://127.0.0.1:5173/src/App.jsx?t=1782980029694
[24916:21724:0702/131431.129:VERBOSE1:net\base\network_delegate.cc:38] NetworkDelegate::NotifyBeforeURLRequest: http://127.0.0.1:5173/src/pages/MobileApp.css
[24916:21724:0702/131431.129:VERBOSE1:net\base\network_delegate.cc:38] NetworkDelegate::NotifyBeforeURLRequest: http://127.0.0.1:5173/src/pages/Orders.mobile.css
[24916:21724:0702/131431.133:VERBOSE1:net\base\network_delegate.cc:38] NetworkDelegate::NotifyBeforeURLRequest: http://127.0.0.1:5173/src/pages/Customers.mobile.css
[24916:21724:0702/131431.133:VERBOSE1:net\base\network_delegate.cc:38] NetworkDelegate::NotifyBeforeURLRequest: http://127.0.0.1:5173/src/pages/Shipping.mobile.css
[24916:21724:0702/131431.133:VERBOSE1:net\base\network_delegate.cc:38] NetworkDelegate::NotifyBeforeURLRequest: http://127.0.0.1:5173/src/pages/Products.mobile.css
[24916:21724:0702/131431.133:VERBOSE1:net\base\network_delegate.cc:38] NetworkDelegate::NotifyBeforeURLRequest: http://127.0.0.1:5173/src/pages/Suppliers.mobile.css
[24916:21724:0702/131431.145:VERBOSE1:net\base\network_delegate.cc:38] NetworkDelegate::NotifyBeforeURLRequest: http://127.0.0.1:5173/node_modules/.vite/deps/react_jsx-dev-runtime.js?v=d132295d
[24916:21724:0702/131431.148:VERBOSE1:net\base\network_delegate.cc:38] NetworkDelegate::NotifyBeforeURLRequest: http://127.0.0.1:5173/manifest.webmanifest
[24916:21724:0702/131431.153:VERBOSE1:net\third_party\quiche\src\quiche\quic\core\tls_handshaker.cc:109] TlsClient: Continuing handshake
[24916:21724:0702/131431.156:VERBOSE1:net\third_party\quiche\src\quiche\quic\core\tls_handshaker.cc:130] TlsClient: SSL_do_handshake returned when entering early data. After retry, rv=-1, SSL_in_early_data=1
[22940:23272:0702/131431.156:VERBOSE1:third_party\blink\renderer\core\script\modulator_impl_base.cc:141] "Import Map: \"http://127.0.0.1:5173/node_modules/vite/dist/client/env.mjs\" matches with no entries and thus is not mapped."
[22940:23272:0702/131431.156:VERBOSE1:third_party\blink\renderer\core\script\modulator_impl_base.cc:141] "Import Map: \"http://127.0.0.1:5173/@vite/client\" matches with no entries and thus is not mapped."
[22940:23272:0702/131431.156:VERBOSE1:third_party\blink\renderer\core\script\modulator_impl_base.cc:141] "Import Map: \"http://127.0.0.1:5173/@vite/client\" matches with no entries and thus is not mapped."
[24916:21724:0702/131431.156:VERBOSE1:net\third_party\quiche\src\quiche\quic\core\tls_handshaker.cc:109] TlsClient: Continuing handshake
[22940:23272:0702/131431.156:VERBOSE1:third_party\blink\renderer\core\script\modulator_impl_base.cc:141] "Import Map: \"http://127.0.0.1:5173/node_modules/.vite/deps/chunk-EAsCxrDo.js?v=d132295d\" matches with no entries and thus is not mapped."
[22940:23272:0702/131431.156:VERBOSE1:third_party\blink\renderer\core\script\modulator_impl_base.cc:141] "Import Map: \"http://127.0.0.1:5173/@vite/client\" matches with no entries and thus is not mapped."
[22940:23272:0702/131431.156:VERBOSE1:third_party\blink\renderer\core\script\modulator_impl_base.cc:141] "Import Map: \"http://127.0.0.1:5173/@vite/client\" matches with no entries and thus is not mapped."
[22940:23272:0702/131431.156:VERBOSE1:third_party\blink\renderer\core\script\modulator_impl_base.cc:141] "Import Map: \"http://127.0.0.1:5173/@vite/client\" matches with no entries and thus is not mapped."
[22940:23272:0702/131431.156:VERBOSE1:third_party\blink\renderer\core\script\modulator_impl_base.cc:141] "Import Map: \"http://127.0.0.1:5173/@vite/client\" matches with no entries and thus is not mapped."
[22940:23272:0702/131431.156:VERBOSE1:third_party\blink\renderer\core\script\modulator_impl_base.cc:141] "Import Map: \"http://127.0.0.1:5173/@vite/client\" matches with no entries and thus is not mapped."
[22940:23272:0702/131431.156:VERBOSE1:third_party\blink\renderer\core\script\modulator_impl_base.cc:141] "Import Map: \"http://127.0.0.1:5173/@vite/client\" matches with no entries and thus is not mapped."
[22940:23272:0702/131431.156:VERBOSE1:third_party\blink\renderer\core\script\modulator_impl_base.cc:141] "Import Map: \"http://127.0.0.1:5173/node_modules/.vite/deps/react.js?v=d132295d\" matches with no entries and thus is not mapped."
[22940:23272:0702/131431.156:VERBOSE1:third_party\blink\renderer\core\script\modulator_impl_base.cc:141] "Import Map: \"http://127.0.0.1:5173/src/App.css\" matches with no entries and thus is not mapped."
[22940:23272:0702/131431.156:VERBOSE1:third_party\blink\renderer\core\script\modulator_impl_base.cc:141] "Import Map: \"http://127.0.0.1:5173/src/api/api.js\" matches with no entries and thus is not mapped."
[22940:23272:0702/131431.156:VERBOSE1:third_party\blink\renderer\core\script\modulator_impl_base.cc:141] "Import Map: \"http://127.0.0.1:5173/src/components/sidebar.jsx?t=1782976963120\" matches with no entries and thus is not mapped."
[22940:23272:0702/131431.156:VERBOSE1:third_party\blink\renderer\core\script\modulator_impl_base.cc:141] "Import Map: \"http://127.0.0.1:5173/src/pages/Dashboard.jsx?t=1782980029694\" matches with no entries and thus is not mapped."
[22940:23272:0702/131431.156:VERBOSE1:third_party\blink\renderer\core\script\modulator_impl_base.cc:141] "Import Map: \"http://127.0.0.1:5173/src/pages/Products.jsx?t=1782916028006\" matches with no entries and thus is not mapped."
[22940:23272:0702/131431.156:VERBOSE1:third_party\blink\renderer\core\script\modulator_impl_base.cc:141] "Import Map: \"http://127.0.0.1:5173/src/pages/Inventory.jsx\" matches with no entries and thus is not mapped."
[22940:23272:0702/131431.156:VERBOSE1:third_party\blink\renderer\core\script\modulator_impl_base.cc:141] "Import Map: \"http://127.0.0.1:5173/src/pages/Inspiration.jsx\" matches with no entries and thus is not mapped."
[22940:23272:0702/131431.156:VERBOSE1:third_party\blink\renderer\core\script\modulator_impl_base.cc:141] "Import Map: \"http://127.0.0.1:5173/src/pages/AIStudio.jsx\" matches with no entries and thus is not mapped."
[22940:23272:0702/131431.156:VERBOSE1:third_party\blink\renderer\core\script\modulator_impl_base.cc:141] "Import Map: \"http://127.0.0.1:5173/src/pages/Customers.jsx?t=1782957716307\" matches with no entries and thus is not mapped."
[22940:23272:0702/131431.156:VERBOSE1:third_party\blink\renderer\core\script\modulator_impl_base.cc:141] "Import Map: \"http://127.0.0.1:5173/src/pages/Suppliers.jsx?t=1782954564569\" matches with no entries and thus is not mapped."
[22940:23272:0702/131431.156:VERBOSE1:third_party\blink\renderer\core\script\modulator_impl_base.cc:141] "Import Map: \"http://127.0.0.1:5173/src/pages/SupplierLedger.jsx?t=1782919063203\" matches with no entries and thus is not mapped."
[22940:23272:0702/131431.156:VERBOSE1:third_party\blink\renderer\core\script\modulator_impl_base.cc:141] "Import Map: \"http://127.0.0.1:5173/src/pages/Orders.jsx?t=1782958484941\" matches with no entries and thus is not mapped."
[22940:23272:0702/131431.156:VERBOSE1:third_party\blink\renderer\core\script\modulator_impl_base.cc:141] "Import Map: \"http://127.0.0.1:5173/src/pages/Manufacturing.jsx\" matches with no entries and thus is not mapped."
[24916:21724:0702/131431.156:VERBOSE1:net\third_party\quiche\src\quiche\quic\core\tls_handshaker.cc:130] TlsClient: SSL_do_handshake returned when entering early data. After retry, rv=-1, SSL_in_early_data=1
[22940:23272:0702/131431.156:VERBOSE1:third_party\blink\renderer\core\script\modulator_impl_base.cc:141] "Import Map: \"http://127.0.0.1:5173/src/pages/Workers.jsx\" matches with no entries and thus is not mapped."
[22940:23272:0702/131431.156:VERBOSE1:third_party\blink\renderer\core\script\modulator_impl_base.cc:141] "Import Map: \"http://127.0.0.1:5173/src/pages/Shipping.jsx\" matches with no entries and thus is not mapped."
[22940:23272:0702/131431.156:VERBOSE1:third_party\blink\renderer\core\script\modulator_impl_base.cc:141] "Import Map: \"http://127.0.0.1:5173/src/pages/ShippingBalance.jsx\" matches with no entries and thus is not mapped."
[22940:23272:0702/131431.156:VERBOSE1:third_party\blink\renderer\core\script\modulator_impl_base.cc:141] "Import Map: \"http://127.0.0.1:5173/src/pages/FollowUps.jsx\" matches with no entries and thus is not mapped."
[22940:23272:0702/131431.160:VERBOSE1:third_party\blink\renderer\core\script\modulator_impl_base.cc:141] "Import Map: \"http://127.0.0.1:5173/src/pages/Payouts.jsx\" matches with no entries and thus is not mapped."
[22940:23272:0702/131431.160:VERBOSE1:third_party\blink\renderer\core\script\modulator_impl_base.cc:141] "Import Map: \"http://127.0.0.1:5173/src/pages/Payments.jsx\" matches with no entries and thus is not mapped."
[22940:23272:0702/131431.160:VERBOSE1:third_party\blink\renderer\core\script\modulator_impl_base.cc:141] "Import Map: \"http://127.0.0.1:5173/src/pages/Accounting.jsx\" matches with no entries and thus is not mapped."
[22940:23272:0702/131431.160:VERBOSE1:third_party\blink\renderer\core\script\modulator_impl_base.cc:141] "Import Map: \"http://127.0.0.1:5173/src/pages/Production.jsx?t=1782977025717\" matches with no entries and thus is not mapped."
[22940:23272:0702/131431.160:VERBOSE1:third_party\blink\renderer\core\script\modulator_impl_base.cc:141] "Import Map: \"http://127.0.0.1:5173/src/pages/MyTasks.jsx?t=1782977340712\" matches with no entries and thus is not mapped."
[22940:23272:0702/131431.160:VERBOSE1:third_party\blink\renderer\core\script\modulator_impl_base.cc:141] "Import Map: \"http://127.0.0.1:5173/src/pages/Reports.jsx\" matches with no entries and thus is not mapped."
[22940:23272:0702/131431.160:VERBOSE1:third_party\blink\renderer\core\script\modulator_impl_base.cc:141] "Import Map: \"http://127.0.0.1:5173/src/pages/Settings.jsx\" matches with no entries and thus is not mapped."
[22940:23272:0702/131431.160:VERBOSE1:third_party\blink\renderer\core\script\modulator_impl_base.cc:141] "Import Map: \"http://127.0.0.1:5173/src/pages/Users.jsx\" matches with no entries and thus is not mapped."
[22940:23272:0702/131431.160:VERBOSE1:third_party\blink\renderer\core\script\modulator_impl_base.cc:141] "Import Map: \"http://127.0.0.1:5173/src/pages/Quotes.jsx\" matches with no entries and thus is not mapped."
[24916:21724:0702/131431.160:VERBOSE1:net\base\network_delegate.cc:38] NetworkDelegate::NotifyBeforeURLRequest: http://127.0.0.1:5173/node_modules/vite/dist/client/env.mjs
[22940:23272:0702/131431.160:VERBOSE1:third_party\blink\renderer\core\script\modulator_impl_base.cc:141] "Import Map: \"http://127.0.0.1:5173/src/pages/TempData.jsx\" matches with no entries and thus is not mapped."
[22940:23272:0702/131431.160:VERBOSE1:third_party\blink\renderer\core\script\modulator_impl_base.cc:141] "Import Map: \"http://127.0.0.1:5173/src/pages/Messages.jsx\" matches with no entries and thus is not mapped."
[22940:23272:0702/131431.160:VERBOSE1:third_party\blink\renderer\core\script\modulator_impl_base.cc:141] "Import Map: \"http://127.0.0.1:5173/src/pages/Login.jsx\" matches with no entries and thus is not mapped."
[22940:23272:0702/131431.160:VERBOSE1:third_party\blink\renderer\core\script\modulator_impl_base.cc:141] "Import Map: \"http://127.0.0.1:5173/src/pages/OperationsSizing.css\" matches with no entries and thus is not mapped."
[22940:23272:0702/131431.160:VERBOSE1:third_party\blink\renderer\core\script\modulator_impl_base.cc:141] "Import Map: \"http://127.0.0.1:5173/src/pages/DashboardDesktop.css\" matches with no entries and thus is not mapped."
[22940:23272:0702/131431.160:VERBOSE1:third_party\blink\renderer\core\script\modulator_impl_base.cc:141] "Import Map: \"http://127.0.0.1:5173/node_modules/.vite/deps/react_jsx-dev-runtime.js?v=d132295d\" matches with no entries and thus is not mapped."
[22940:23272:0702/131431.160:VERBOSE1:third_party\blink\renderer\core\script\modulator_impl_base.cc:141] "Import Map: \"http://127.0.0.1:5173/@react-refresh\" matches with no entries and thus is not mapped."
[22940:23272:0702/131431.160:VERBOSE1:third_party\blink\renderer\core\script\modulator_impl_base.cc:141] "Import Map: \"http://127.0.0.1:5173/src/App.jsx?t=1782980029694\" matches with no entries and thus is not mapped."
[22940:23272:0702/131431.160:VERBOSE1:third_party\blink\renderer\core\script\modulator_impl_base.cc:141] "Import Map: \"http://127.0.0.1:5173/@vite/client\" matches with no entries and thus is not mapped."
[24916:21724:0702/131431.160:VERBOSE1:net\base\network_delegate.cc:38] NetworkDelegate::NotifyBeforeURLRequest: http://127.0.0.1:5173/node_modules/.vite/deps/chunk-EAsCxrDo.js?v=d132295d
[24916:21724:0702/131431.160:VERBOSE1:net\base\network_delegate.cc:38] NetworkDelegate::NotifyBeforeURLRequest: http://127.0.0.1:5173/src/App.css
[24916:21724:0702/131431.160:VERBOSE1:net\base\network_delegate.cc:38] NetworkDelegate::NotifyBeforeURLRequest: http://127.0.0.1:5173/src/api/api.js
[24916:21724:0702/131431.160:VERBOSE1:net\base\network_delegate.cc:38] NetworkDelegate::NotifyBeforeURLRequest: http://127.0.0.1:5173/src/components/sidebar.jsx?t=1782976963120
[24916:21724:0702/131431.160:VERBOSE1:net\base\network_delegate.cc:38] NetworkDelegate::NotifyBeforeURLRequest: http://127.0.0.1:5173/src/pages/Dashboard.jsx?t=1782980029694
[24916:21724:0702/131431.160:VERBOSE1:net\base\network_delegate.cc:38] NetworkDelegate::NotifyBeforeURLRequest: http://127.0.0.1:5173/src/pages/Products.jsx?t=1782916028006
[24916:21724:0702/131431.163:VERBOSE1:net\base\network_delegate.cc:38] NetworkDelegate::NotifyBeforeURLRequest: http://127.0.0.1:5173/src/pages/Inventory.jsx
[24916:21724:0702/131431.163:VERBOSE1:net\base\network_delegate.cc:38] NetworkDelegate::NotifyBeforeURLRequest: http://127.0.0.1:5173/src/pages/Inspiration.jsx
[24916:21724:0702/131431.163:VERBOSE1:net\base\network_delegate.cc:38] NetworkDelegate::NotifyBeforeURLRequest: http://127.0.0.1:5173/src/pages/AIStudio.jsx
[24916:21724:0702/131431.165:VERBOSE1:net\third_party\quiche\src\quiche\quic\core\tls_handshaker.cc:109] TlsClient: Continuing handshake
[24916:21724:0702/131431.165:VERBOSE1:net\third_party\quiche\src\quiche\quic\core\tls_handshaker.cc:130] TlsClient: SSL_do_handshake returned when entering early data. After retry, rv=-1, SSL_in_early_data=1
[24916:21724:0702/131431.165:VERBOSE1:net\base\network_delegate.cc:38] NetworkDelegate::NotifyBeforeURLRequest: http://127.0.0.1:5173/src/pages/Customers.jsx?t=1782957716307
[24916:21724:0702/131431.165:VERBOSE1:net\base\network_delegate.cc:38] NetworkDelegate::NotifyBeforeURLRequest: http://127.0.0.1:5173/src/pages/Suppliers.jsx?t=1782954564569
[24916:21724:0702/131431.165:VERBOSE1:net\base\network_delegate.cc:38] NetworkDelegate::NotifyBeforeURLRequest: http://127.0.0.1:5173/src/pages/SupplierLedger.jsx?t=1782919063203
[24916:21724:0702/131431.165:VERBOSE1:net\base\network_delegate.cc:38] NetworkDelegate::NotifyBeforeURLRequest: http://127.0.0.1:5173/src/pages/Orders.jsx?t=1782958484941
[24916:21724:0702/131431.165:VERBOSE1:net\base\network_delegate.cc:38] NetworkDelegate::NotifyBeforeURLRequest: http://127.0.0.1:5173/src/pages/Manufacturing.jsx
[24916:21724:0702/131431.165:VERBOSE1:net\base\network_delegate.cc:38] NetworkDelegate::NotifyBeforeURLRequest: http://127.0.0.1:5173/src/pages/Workers.jsx
[24916:21724:0702/131431.165:VERBOSE1:net\base\network_delegate.cc:38] NetworkDelegate::NotifyBeforeURLRequest: http://127.0.0.1:5173/src/pages/Shipping.jsx
[24916:21724:0702/131431.165:VERBOSE1:net\base\network_delegate.cc:38] NetworkDelegate::NotifyBeforeURLRequest: http://127.0.0.1:5173/src/pages/ShippingBalance.jsx
[24916:21724:0702/131431.165:VERBOSE1:net\base\network_delegate.cc:38] NetworkDelegate::NotifyBeforeURLRequest: http://127.0.0.1:5173/src/pages/FollowUps.jsx
[24916:21724:0702/131431.165:VERBOSE1:net\base\network_delegate.cc:38] NetworkDelegate::NotifyBeforeURLRequest: http://127.0.0.1:5173/src/pages/Payouts.jsx
[24916:21724:0702/131431.165:VERBOSE1:net\base\network_delegate.cc:38] NetworkDelegate::NotifyBeforeURLRequest: http://127.0.0.1:5173/src/pages/Payments.jsx
[24916:21724:0702/131431.165:VERBOSE1:net\base\network_delegate.cc:38] NetworkDelegate::NotifyBeforeURLRequest: http://127.0.0.1:5173/src/pages/Accounting.jsx
[24916:21724:0702/131431.189:VERBOSE1:net\base\network_delegate.cc:38] NetworkDelegate::NotifyBeforeURLRequest: http://127.0.0.1:5173/src/pages/Production.jsx?t=1782977025717
[24916:21724:0702/131431.197:VERBOSE1:net\base\network_delegate.cc:38] NetworkDelegate::NotifyBeforeURLRequest: http://127.0.0.1:5173/src/pages/MyTasks.jsx?t=1782977340712
[24916:21724:0702/131431.197:VERBOSE1:net\base\network_delegate.cc:38] NetworkDelegate::NotifyBeforeURLRequest: http://127.0.0.1:5173/src/pages/Reports.jsx
[24916:21724:0702/131431.199:VERBOSE1:net\base\network_delegate.cc:38] NetworkDelegate::NotifyBeforeURLRequest: http://127.0.0.1:5173/src/pages/Settings.jsx
[24916:21724:0702/131431.199:VERBOSE1:net\base\network_delegate.cc:38] NetworkDelegate::NotifyBeforeURLRequest: http://127.0.0.1:5173/src/pages/Users.jsx
[24916:21724:0702/131431.199:VERBOSE1:net\base\network_delegate.cc:38] NetworkDelegate::NotifyBeforeURLRequest: http://127.0.0.1:5173/src/pages/Quotes.jsx
[24916:21724:0702/131431.199:VERBOSE1:net\base\network_delegate.cc:38] NetworkDelegate::NotifyBeforeURLRequest: http://127.0.0.1:5173/src/pages/TempData.jsx
[22940:23272:0702/131431.202:VERBOSE1:third_party\blink\renderer\core\script\modulator_impl_base.cc:141] "Import Map: \"http://127.0.0.1:5173/node_modules/.vite/deps/chunk-EAsCxrDo.js?v=d132295d\" matches with no entries and thus is not mapped."
[22940:23272:0702/131431.202:VERBOSE1:third_party\blink\renderer\core\script\modulator_impl_base.cc:141] "Import Map: \"http://127.0.0.1:5173/node_modules/.vite/deps/react.js?v=d132295d\" matches with no entries and thus is not mapped."
[24916:21724:0702/131431.202:VERBOSE1:net\base\network_delegate.cc:38] NetworkDelegate::NotifyBeforeURLRequest: http://127.0.0.1:5173/src/pages/Messages.jsx
[24916:21724:0702/131431.202:VERBOSE1:net\base\network_delegate.cc:38] NetworkDelegate::NotifyBeforeURLRequest: http://127.0.0.1:5173/src/pages/Login.jsx
[24916:21724:0702/131431.203:VERBOSE1:net\base\network_delegate.cc:38] NetworkDelegate::NotifyBeforeURLRequest: http://127.0.0.1:5173/src/pages/OperationsSizing.css
[24916:21724:0702/131431.203:VERBOSE1:net\base\network_delegate.cc:38] NetworkDelegate::NotifyBeforeURLRequest: http://127.0.0.1:5173/src/pages/DashboardDesktop.css
[23276:6260:0702/131431.227:VERBOSE1:chrome\browser\web_applications\locks\partitioned_lock_manager.cc:243] All locks acquired for TriggerManifestUpdateProcess@chrome\browser\web_applications\manifest_update_manager.cc:148
[23276:6260:0702/131431.227:VERBOSE1:chrome\browser\web_applications\locks\partitioned_lock_manager.cc:262] Acquiring <PartitionedLockId>{id: 0x31, partition: 0} for OnManifestFetchedAcquireAppLock@chrome\browser\web_applications\commands\manifest_silent_update_command.cc:214
[23276:6260:0702/131431.227:VERBOSE1:chrome\browser\web_applications\locks\partitioned_lock_manager.cc:262] Acquiring <PartitionedLockId>{id: 0x6d66616c64676c616b6a676661636f6d696763616e6f6f6a6f646a616f696e6c, partition: 1} for OnManifestFetchedAcquireAppLock@chrome\browser\web_applications\commands\manifest_silent_update_command.cc:214
[23276:6260:0702/131431.227:VERBOSE1:chrome\browser\web_applications\locks\partitioned_lock_manager.cc:243] All locks acquired for OnManifestFetchedAcquireAppLock@chrome\browser\web_applications\commands\manifest_silent_update_command.cc:214
[23276:6260:0702/131431.227:VERBOSE1:chrome\browser\web_applications\locks\partitioned_lock_manager.cc:286] Releasing <PartitionedLockId>{id: 0x6d66616c64676c616b6a676661636f6d696763616e6f6f6a6f646a616f696e6c, partition: 1} requested by OnManifestFetchedAcquireAppLock@chrome\browser\web_applications\commands\manifest_silent_update_command.cc:214
[23276:6260:0702/131431.227:VERBOSE1:chrome\browser\web_applications\locks\partitioned_lock_manager.cc:286] Releasing <PartitionedLockId>{id: 0x31, partition: 0} requested by OnManifestFetchedAcquireAppLock@chrome\browser\web_applications\commands\manifest_silent_update_command.cc:214
[22940:23272:0702/131431.233:VERBOSE1:third_party\blink\renderer\core\script\modulator_impl_base.cc:141] "Import Map: \"http://127.0.0.1:5173/@vite/client\" matches with no entries and thus is not mapped."
[22940:23272:0702/131431.233:VERBOSE1:third_party\blink\renderer\core\script\modulator_impl_base.cc:141] "Import Map: \"http://127.0.0.1:5173/@vite/client\" matches with no entries and thus is not mapped."
[22940:23272:0702/131431.233:VERBOSE1:third_party\blink\renderer\core\script\modulator_impl_base.cc:141] "Import Map: \"http://127.0.0.1:5173/node_modules/.vite/deps/react.js?v=d132295d\" matches with no entries and thus is not mapped."
[22940:23272:0702/131431.233:VERBOSE1:third_party\blink\renderer\core\script\modulator_impl_base.cc:141] "Import Map: \"http://127.0.0.1:5173/src/api/api.js\" matches with no entries and thus is not mapped."
[22940:23272:0702/131431.233:VERBOSE1:third_party\blink\renderer\core\script\modulator_impl_base.cc:141] "Import Map: \"http://127.0.0.1:5173/src/pages/Inspiration.css\" matches with no entries and thus is not mapped."
[22940:23272:0702/131431.235:VERBOSE1:third_party\blink\renderer\core\script\modulator_impl_base.cc:141] "Import Map: \"http://127.0.0.1:5173/node_modules/.vite/deps/react_jsx-dev-runtime.js?v=d132295d\" matches with no entries and thus is not mapped."
[22940:23272:0702/131431.235:VERBOSE1:third_party\blink\renderer\core\script\modulator_impl_base.cc:141] "Import Map: \"http://127.0.0.1:5173/@react-refresh\" matches with no entries and thus is not mapped."
[22940:23272:0702/131431.235:VERBOSE1:third_party\blink\renderer\core\script\modulator_impl_base.cc:141] "Import Map: \"http://127.0.0.1:5173/src/pages/Inspiration.jsx\" matches with no entries and thus is not mapped."
[22940:23272:0702/131431.235:VERBOSE1:third_party\blink\renderer\core\script\modulator_impl_base.cc:141] "Import Map: \"http://127.0.0.1:5173/node_modules/.vite/deps/axios.js?v=d132295d\" matches with no entries and thus is not mapped."
[22940:23272:0702/131431.235:VERBOSE1:third_party\blink\renderer\core\script\modulator_impl_base.cc:141] "Import Map: \"http://127.0.0.1:5173/@vite/client\" matches with no entries and thus is not mapped."
[22940:23272:0702/131431.235:VERBOSE1:third_party\blink\renderer\core\script\modulator_impl_base.cc:141] "Import Map: \"http://127.0.0.1:5173/node_modules/.vite/deps/react.js?v=d132295d\" matches with no entries and thus is not mapped."
[22940:23272:0702/131431.235:VERBOSE1:third_party\blink\renderer\core\script\modulator_impl_base.cc:141] "Import Map: \"http://127.0.0.1:5173/src/components/sidebar.css?t=1782976963120\" matches with no entries and thus is not mapped."
[22940:23272:0702/131431.235:VERBOSE1:third_party\blink\renderer\core\script\modulator_impl_base.cc:141] "Import Map: \"http://127.0.0.1:5173/node_modules/.vite/deps/react_jsx-dev-runtime.js?v=d132295d\" matches with no entries and thus is not mapped."
[22940:23272:0702/131431.235:VERBOSE1:third_party\blink\renderer\core\script\modulator_impl_base.cc:141] "Import Map: \"http://127.0.0.1:5173/@react-refresh\" matches with no entries and thus is not mapped."
[22940:23272:0702/131431.235:VERBOSE1:third_party\blink\renderer\core\script\modulator_impl_base.cc:141] "Import Map: \"http://127.0.0.1:5173/src/components/sidebar.jsx?t=1782976963120\" matches with no entries and thus is not mapped."
[22940:23272:0702/131431.235:VERBOSE1:third_party\blink\renderer\core\script\modulator_impl_base.cc:141] "Import Map: \"http://127.0.0.1:5173/@vite/client\" matches with no entries and thus is not mapped."
[22940:23272:0702/131431.235:VERBOSE1:third_party\blink\renderer\core\script\modulator_impl_base.cc:141] "Import Map: \"http://127.0.0.1:5173/node_modules/.vite/deps/react.js?v=d132295d\" matches with no entries and thus is not mapped."
[22940:23272:0702/131431.235:VERBOSE1:third_party\blink\renderer\core\script\modulator_impl_base.cc:141] "Import Map: \"http://127.0.0.1:5173/src/api/api.js\" matches with no entries and thus is not mapped."
[22940:23272:0702/131431.235:VERBOSE1:third_party\blink\renderer\core\script\modulator_impl_base.cc:141] "Import Map: \"http://127.0.0.1:5173/src/pages/Dashboard.css?t=1782980029694\" matches with no entries and thus is not mapped."
[22940:23272:0702/131431.235:VERBOSE1:third_party\blink\renderer\core\script\modulator_impl_base.cc:141] "Import Map: \"http://127.0.0.1:5173/node_modules/.vite/deps/react_jsx-dev-runtime.js?v=d132295d\" matches with no entries and thus is not mapped."
[22940:23272:0702/131431.235:VERBOSE1:third_party\blink\renderer\core\script\modulator_impl_base.cc:141] "Import Map: \"http://127.0.0.1:5173/@react-refresh\" matches with no entries and thus is not mapped."
[22940:23272:0702/131431.235:VERBOSE1:third_party\blink\renderer\core\script\modulator_impl_base.cc:141] "Import Map: \"http://127.0.0.1:5173/src/pages/Dashboard.jsx?t=1782980029694\" matches with no entries and thus is not mapped."
[23276:6260:0702/131431.235:INFO:CONSOLE:851] "[vite] connecting...", source: http://127.0.0.1:5173/@vite/client (851)
[24916:21724:0702/131431.239:VERBOSE1:net\base\network_delegate.cc:38] NetworkDelegate::NotifyBeforeURLRequest: ws://127.0.0.1:5173/?token=Vif2Ls4_KXYV
[22940:23272:0702/131431.239:VERBOSE1:third_party\blink\renderer\core\script\modulator_impl_base.cc:141] "Import Map: \"http://127.0.0.1:5173/@vite/client\" matches with no entries and thus is not mapped."
[22940:23272:0702/131431.239:VERBOSE1:third_party\blink\renderer\core\script\modulator_impl_base.cc:141] "Import Map: \"http://127.0.0.1:5173/node_modules/.vite/deps/react.js?v=d132295d\" matches with no entries and thus is not mapped."
[22940:23272:0702/131431.239:VERBOSE1:third_party\blink\renderer\core\script\modulator_impl_base.cc:141] "Import Map: \"http://127.0.0.1:5173/src/api/api.js\" matches with no entries and thus is not mapped."
[22940:23272:0702/131431.239:VERBOSE1:third_party\blink\renderer\core\script\modulator_impl_base.cc:141] "Import Map: \"http://127.0.0.1:5173/src/pages/Products.css?t=1782916028006\" matches with no entries and thus is not mapped."
[22940:23272:0702/131431.239:VERBOSE1:third_party\blink\renderer\core\script\modulator_impl_base.cc:141] "Import Map: \"http://127.0.0.1:5173/node_modules/.vite/deps/react_jsx-dev-runtime.js?v=d132295d\" matches with no entries and thus is not mapped."
[22940:23272:0702/131431.239:VERBOSE1:third_party\blink\renderer\core\script\modulator_impl_base.cc:141] "Import Map: \"http://127.0.0.1:5173/@react-refresh\" matches with no entries and thus is not mapped."
[22940:23272:0702/131431.239:VERBOSE1:third_party\blink\renderer\core\script\modulator_impl_base.cc:141] "Import Map: \"http://127.0.0.1:5173/src/pages/Products.jsx?t=1782916028006\" matches with no entries and thus is not mapped."
[23276:6260:0702/131431.241:INFO:CONSOLE:955] "[vite] connected.", source: http://127.0.0.1:5173/@vite/client (955)
[22940:23272:0702/131431.247:VERBOSE1:third_party\blink\renderer\core\script\modulator_impl_base.cc:141] "Import Map: \"http://127.0.0.1:5173/@vite/client\" matches with no entries and thus is not mapped."
[22940:23272:0702/131431.247:VERBOSE1:third_party\blink\renderer\core\script\modulator_impl_base.cc:141] "Import Map: \"http://127.0.0.1:5173/node_modules/.vite/deps/react.js?v=d132295d\" matches with no entries and thus is not mapped."
[22940:23272:0702/131431.247:VERBOSE1:third_party\blink\renderer\core\script\modulator_impl_base.cc:141] "Import Map: \"http://127.0.0.1:5173/src/api/api.js\" matches with no entries and thus is not mapped."
[22940:23272:0702/131431.247:VERBOSE1:third_party\blink\renderer\core\script\modulator_impl_base.cc:141] "Import Map: \"http://127.0.0.1:5173/src/pages/AIStudio.css\" matches with no entries and thus is not mapped."
[22940:23272:0702/131431.247:VERBOSE1:third_party\blink\renderer\core\script\modulator_impl_base.cc:141] "Import Map: \"http://127.0.0.1:5173/node_modules/.vite/deps/react_jsx-dev-runtime.js?v=d132295d\" matches with no entries and thus is not mapped."
[22940:23272:0702/131431.247:VERBOSE1:third_party\blink\renderer\core\script\modulator_impl_base.cc:141] "Import Map: \"http://127.0.0.1:5173/@react-refresh\" matches with no entries and thus is not mapped."
[22940:23272:0702/131431.247:VERBOSE1:third_party\blink\renderer\core\script\modulator_impl_base.cc:141] "Import Map: \"http://127.0.0.1:5173/src/pages/AIStudio.jsx\" matches with no entries and thus is not mapped."
[24916:21724:0702/131431.250:VERBOSE1:net\base\network_delegate.cc:38] NetworkDelegate::NotifyBeforeURLRequest: http://127.0.0.1:5173/src/pages/Inspiration.css
[24916:21724:0702/131431.250:VERBOSE1:net\base\network_delegate.cc:38] NetworkDelegate::NotifyBeforeURLRequest: http://127.0.0.1:5173/node_modules/.vite/deps/axios.js?v=d132295d
[24916:21724:0702/131431.250:VERBOSE1:net\base\network_delegate.cc:38] NetworkDelegate::NotifyBeforeURLRequest: http://127.0.0.1:5173/src/components/sidebar.css?t=1782976963120
[24916:21724:0702/131431.250:VERBOSE1:net\base\network_delegate.cc:38] NetworkDelegate::NotifyBeforeURLRequest: http://127.0.0.1:5173/src/pages/Dashboard.css?t=1782980029694
[24916:21724:0702/131431.250:VERBOSE1:net\base\network_delegate.cc:38] NetworkDelegate::NotifyBeforeURLRequest: http://127.0.0.1:5173/src/pages/Products.css?t=1782916028006
[22940:23272:0702/131431.255:VERBOSE1:third_party\blink\renderer\core\script\modulator_impl_base.cc:141] "Import Map: \"http://127.0.0.1:5173/@vite/client\" matches with no entries and thus is not mapped."
[22940:23272:0702/131431.255:VERBOSE1:third_party\blink\renderer\core\script\modulator_impl_base.cc:141] "Import Map: \"http://127.0.0.1:5173/node_modules/.vite/deps/react.js?v=d132295d\" matches with no entries and thus is not mapped."
[22940:23272:0702/131431.255:VERBOSE1:third_party\blink\renderer\core\script\modulator_impl_base.cc:141] "Import Map: \"http://127.0.0.1:5173/src/api/api.js\" matches with no entries and thus is not mapped."
[22940:23272:0702/131431.255:VERBOSE1:third_party\blink\renderer\core\script\modulator_impl_base.cc:141] "Import Map: \"http://127.0.0.1:5173/src/utils/dateUtils.js\" matches with no entries and thus is not mapped."
[22940:23272:0702/131431.255:VERBOSE1:third_party\blink\renderer\core\script\modulator_impl_base.cc:141] "Import Map: \"http://127.0.0.1:5173/src/pages/SupplierLedger.css?t=1782919063203\" matches with no entries and thus is not mapped."
[22940:23272:0702/131431.255:VERBOSE1:third_party\blink\renderer\core\script\modulator_impl_base.cc:141] "Import Map: \"http://127.0.0.1:5173/node_modules/.vite/deps/react_jsx-dev-runtime.js?v=d132295d\" matches with no entries and thus is not mapped."
[22940:23272:0702/131431.255:VERBOSE1:third_party\blink\renderer\core\script\modulator_impl_base.cc:141] "Import Map: \"http://127.0.0.1:5173/@react-refresh\" matches with no entries and thus is not mapped."
[22940:23272:0702/131431.255:VERBOSE1:third_party\blink\renderer\core\script\modulator_impl_base.cc:141] "Import Map: \"http://127.0.0.1:5173/src/pages/SupplierLedger.jsx?t=1782919063203\" matches with no entries and thus is not mapped."
[24916:21724:0702/131431.255:VERBOSE1:net\base\network_delegate.cc:38] NetworkDelegate::NotifyBeforeURLRequest: http://127.0.0.1:5173/src/pages/AIStudio.css
[22940:23272:0702/131431.256:VERBOSE1:third_party\blink\renderer\core\script\modulator_impl_base.cc:141] "Import Map: \"http://127.0.0.1:5173/@vite/client\" matches with no entries and thus is not mapped."
[22940:23272:0702/131431.256:VERBOSE1:third_party\blink\renderer\core\script\modulator_impl_base.cc:141] "Import Map: \"http://127.0.0.1:5173/node_modules/.vite/deps/react.js?v=d132295d\" matches with no entries and thus is not mapped."
[22940:23272:0702/131431.256:VERBOSE1:third_party\blink\renderer\core\script\modulator_impl_base.cc:141] "Import Map: \"http://127.0.0.1:5173/src/api/api.js\" matches with no entries and thus is not mapped."
[22940:23272:0702/131431.256:VERBOSE1:third_party\blink\renderer\core\script\modulator_impl_base.cc:141] "Import Map: \"http://127.0.0.1:5173/src/utils/dateUtils.js\" matches with no entries and thus is not mapped."
[22940:23272:0702/131431.256:VERBOSE1:third_party\blink\renderer\core\script\modulator_impl_base.cc:141] "Import Map: \"http://127.0.0.1:5173/src/pages/Inventory.css\" matches with no entries and thus is not mapped."
[22940:23272:0702/131431.256:VERBOSE1:third_party\blink\renderer\core\script\modulator_impl_base.cc:141] "Import Map: \"http://127.0.0.1:5173/node_modules/.vite/deps/react_jsx-dev-runtime.js?v=d132295d\" matches with no entries and thus is not mapped."
[22940:23272:0702/131431.256:VERBOSE1:third_party\blink\renderer\core\script\modulator_impl_base.cc:141] "Import Map: \"http://127.0.0.1:5173/@react-refresh\" matches with no entries and thus is not mapped."
[22940:23272:0702/131431.256:VERBOSE1:third_party\blink\renderer\core\script\modulator_impl_base.cc:141] "Import Map: \"http://127.0.0.1:5173/src/pages/Inventory.jsx\" matches with no entries and thus is not mapped."
[22940:23272:0702/131431.256:VERBOSE1:third_party\blink\renderer\core\script\modulator_impl_base.cc:141] "Import Map: \"http://127.0.0.1:5173/@vite/client\" matches with no entries and thus is not mapped."
[22940:23272:0702/131431.256:VERBOSE1:third_party\blink\renderer\core\script\modulator_impl_base.cc:141] "Import Map: \"http://127.0.0.1:5173/node_modules/.vite/deps/react.js?v=d132295d\" matches with no entries and thus is not mapped."
[22940:23272:0702/131431.256:VERBOSE1:third_party\blink\renderer\core\script\modulator_impl_base.cc:141] "Import Map: \"http://127.0.0.1:5173/src/api/api.js\" matches with no entries and thus is not mapped."
[22940:23272:0702/131431.256:VERBOSE1:third_party\blink\renderer\core\script\modulator_impl_base.cc:141] "Import Map: \"http://127.0.0.1:5173/src/pages/Manufacturing.css\" matches with no entries and thus is not mapped."
[22940:23272:0702/131431.256:VERBOSE1:third_party\blink\renderer\core\script\modulator_impl_base.cc:141] "Import Map: \"http://127.0.0.1:5173/node_modules/.vite/deps/react_jsx-dev-runtime.js?v=d132295d\" matches with no entries and thus is not mapped."
[22940:23272:0702/131431.256:VERBOSE1:third_party\blink\renderer\core\script\modulator_impl_base.cc:141] "Import Map: \"http://127.0.0.1:5173/@react-refresh\" matches with no entries and thus is not mapped."
[22940:23272:0702/131431.256:VERBOSE1:third_party\blink\renderer\core\script\modulator_impl_base.cc:141] "Import Map: \"http://127.0.0.1:5173/src/pages/Manufacturing.jsx\" matches with no entries and thus is not mapped."
[22940:23272:0702/131431.256:VERBOSE1:third_party\blink\renderer\core\script\modulator_impl_base.cc:141] "Import Map: \"http://127.0.0.1:5173/@vite/client\" matches with no entries and thus is not mapped."
[22940:23272:0702/131431.256:VERBOSE1:third_party\blink\renderer\core\script\modulator_impl_base.cc:141] "Import Map: \"http://127.0.0.1:5173/node_modules/.vite/deps/react.js?v=d132295d\" matches with no entries and thus is not mapped."
[22940:23272:0702/131431.256:VERBOSE1:third_party\blink\renderer\core\script\modulator_impl_base.cc:141] "Import Map: \"http://127.0.0.1:5173/src/api/api.js\" matches with no entries and thus is not mapped."
[22940:23272:0702/131431.256:VERBOSE1:third_party\blink\renderer\core\script\modulator_impl_base.cc:141] "Import Map: \"http://127.0.0.1:5173/src/utils/dateUtils.js\" matches with no entries and thus is not mapped."
[22940:23272:0702/131431.256:VERBOSE1:third_party\blink\renderer\core\script\modulator_impl_base.cc:141] "Import Map: \"http://127.0.0.1:5173/src/pages/Workers.css\" matches with no entries and thus is not mapped."
[22940:23272:0702/131431.256:VERBOSE1:third_party\blink\renderer\core\script\modulator_impl_base.cc:141] "Import Map: \"http://127.0.0.1:5173/node_modules/.vite/deps/react_jsx-dev-runtime.js?v=d132295d\" matches with no entries and thus is not mapped."
[22940:23272:0702/131431.256:VERBOSE1:third_party\blink\renderer\core\script\modulator_impl_base.cc:141] "Import Map: \"http://127.0.0.1:5173/@react-refresh\" matches with no entries and thus is not mapped."
[22940:23272:0702/131431.256:VERBOSE1:third_party\blink\renderer\core\script\modulator_impl_base.cc:141] "Import Map: \"http://127.0.0.1:5173/src/pages/Workers.jsx\" matches with no entries and thus is not mapped."
[22940:23272:0702/131431.257:VERBOSE1:third_party\blink\renderer\core\script\modulator_impl_base.cc:141] "Import Map: \"http://127.0.0.1:5173/@vite/client\" matches with no entries and thus is not mapped."
[22940:23272:0702/131431.257:VERBOSE1:third_party\blink\renderer\core\script\modulator_impl_base.cc:141] "Import Map: \"http://127.0.0.1:5173/node_modules/.vite/deps/react.js?v=d132295d\" matches with no entries and thus is not mapped."
[22940:23272:0702/131431.257:VERBOSE1:third_party\blink\renderer\core\script\modulator_impl_base.cc:141] "Import Map: \"http://127.0.0.1:5173/src/api/api.js\" matches with no entries and thus is not mapped."
[22940:23272:0702/131431.257:VERBOSE1:third_party\blink\renderer\core\script\modulator_impl_base.cc:141] "Import Map: \"http://127.0.0.1:5173/src/utils/dateUtils.js\" matches with no entries and thus is not mapped."
[22940:23272:0702/131431.257:VERBOSE1:third_party\blink\renderer\core\script\modulator_impl_base.cc:141] "Import Map: \"http://127.0.0.1:5173/src/pages/ShippingBalance.css\" matches with no entries and thus is not mapped."
[22940:23272:0702/131431.257:VERBOSE1:third_party\blink\renderer\core\script\modulator_impl_base.cc:141] "Import Map: \"http://127.0.0.1:5173/node_modules/.vite/deps/react_jsx-dev-runtime.js?v=d132295d\" matches with no entries and thus is not mapped."
[22940:23272:0702/131431.257:VERBOSE1:third_party\blink\renderer\core\script\modulator_impl_base.cc:141] "Import Map: \"http://127.0.0.1:5173/@react-refresh\" matches with no entries and thus is not mapped."
[22940:23272:0702/131431.257:VERBOSE1:third_party\blink\renderer\core\script\modulator_impl_base.cc:141] "Import Map: \"http://127.0.0.1:5173/src/pages/ShippingBalance.jsx\" matches with no entries and thus is not mapped."
[22940:23272:0702/131431.258:VERBOSE1:third_party\blink\renderer\core\script\modulator_impl_base.cc:141] "Import Map: \"http://127.0.0.1:5173/@vite/client\" matches with no entries and thus is not mapped."
[22940:23272:0702/131431.258:VERBOSE1:third_party\blink\renderer\core\script\modulator_impl_base.cc:141] "Import Map: \"http://127.0.0.1:5173/node_modules/.vite/deps/react.js?v=d132295d\" matches with no entries and thus is not mapped."
[22940:23272:0702/131431.258:VERBOSE1:third_party\blink\renderer\core\script\modulator_impl_base.cc:141] "Import Map: \"http://127.0.0.1:5173/src/api/api.js\" matches with no entries and thus is not mapped."
[22940:23272:0702/131431.258:VERBOSE1:third_party\blink\renderer\core\script\modulator_impl_base.cc:141] "Import Map: \"http://127.0.0.1:5173/src/utils/dateUtils.js\" matches with no entries and thus is not mapped."
[22940:23272:0702/131431.258:VERBOSE1:third_party\blink\renderer\core\script\modulator_impl_base.cc:141] "Import Map: \"http://127.0.0.1:5173/src/pages/Shipping.css\" matches with no entries and thus is not mapped."
[22940:23272:0702/131431.258:VERBOSE1:third_party\blink\renderer\core\script\modulator_impl_base.cc:141] "Import Map: \"http://127.0.0.1:5173/node_modules/.vite/deps/react_jsx-dev-runtime.js?v=d132295d\" matches with no entries and thus is not mapped."
[22940:23272:0702/131431.258:VERBOSE1:third_party\blink\renderer\core\script\modulator_impl_base.cc:141] "Import Map: \"http://127.0.0.1:5173/@react-refresh\" matches with no entries and thus is not mapped."
[22940:23272:0702/131431.258:VERBOSE1:third_party\blink\renderer\core\script\modulator_impl_base.cc:141] "Import Map: \"http://127.0.0.1:5173/src/pages/Shipping.jsx\" matches with no entries and thus is not mapped."
[22940:23272:0702/131431.258:VERBOSE1:third_party\blink\renderer\core\script\modulator_impl_base.cc:141] "Import Map: \"http://127.0.0.1:5173/@vite/client\" matches with no entries and thus is not mapped."
[22940:23272:0702/131431.258:VERBOSE1:third_party\blink\renderer\core\script\modulator_impl_base.cc:141] "Import Map: \"http://127.0.0.1:5173/node_modules/.vite/deps/react.js?v=d132295d\" matches with no entries and thus is not mapped."
[22940:23272:0702/131431.258:VERBOSE1:third_party\blink\renderer\core\script\modulator_impl_base.cc:141] "Import Map: \"http://127.0.0.1:5173/src/api/api.js\" matches with no entries and thus is not mapped."
[22940:23272:0702/131431.258:VERBOSE1:third_party\blink\renderer\core\script\modulator_impl_base.cc:141] "Import Map: \"http://127.0.0.1:5173/src/pages/Payouts.css\" matches with no entries and thus is not mapped."
[22940:23272:0702/131431.258:VERBOSE1:third_party\blink\renderer\core\script\modulator_impl_base.cc:141] "Import Map: \"http://127.0.0.1:5173/node_modules/.vite/deps/react_jsx-dev-runtime.js?v=d132295d\" matches with no entries and thus is not mapped."
[22940:23272:0702/131431.258:VERBOSE1:third_party\blink\renderer\core\script\modulator_impl_base.cc:141] "Import Map: \"http://127.0.0.1:5173/@react-refresh\" matches with no entries and thus is not mapped."
[22940:23272:0702/131431.258:VERBOSE1:third_party\blink\renderer\core\script\modulator_impl_base.cc:141] "Import Map: \"http://127.0.0.1:5173/src/pages/Payouts.jsx\" matches with no entries and thus is not mapped."
[22940:23272:0702/131431.258:VERBOSE1:third_party\blink\renderer\core\script\modulator_impl_base.cc:141] "Import Map: \"http://127.0.0.1:5173/@vite/client\" matches with no entries and thus is not mapped."
[22940:23272:0702/131431.258:VERBOSE1:third_party\blink\renderer\core\script\modulator_impl_base.cc:141] "Import Map: \"http://127.0.0.1:5173/node_modules/.vite/deps/react.js?v=d132295d\" matches with no entries and thus is not mapped."
[22940:23272:0702/131431.258:VERBOSE1:third_party\blink\renderer\core\script\modulator_impl_base.cc:141] "Import Map: \"http://127.0.0.1:5173/src/api/api.js\" matches with no entries and thus is not mapped."
[22940:23272:0702/131431.258:VERBOSE1:third_party\blink\renderer\core\script\modulator_impl_base.cc:141] "Import Map: \"http://127.0.0.1:5173/src/utils/dateUtils.js\" matches with no entries and thus is not mapped."
[22940:23272:0702/131431.258:VERBOSE1:third_party\blink\renderer\core\script\modulator_impl_base.cc:141] "Import Map: \"http://127.0.0.1:5173/src/pages/Payments.css\" matches with no entries and thus is not mapped."
[22940:23272:0702/131431.258:VERBOSE1:third_party\blink\renderer\core\script\modulator_impl_base.cc:141] "Import Map: \"http://127.0.0.1:5173/node_modules/.vite/deps/react_jsx-dev-runtime.js?v=d132295d\" matches with no entries and thus is not mapped."
[22940:23272:0702/131431.258:VERBOSE1:third_party\blink\renderer\core\script\modulator_impl_base.cc:141] "Import Map: \"http://127.0.0.1:5173/@react-refresh\" matches with no entries and thus is not mapped."
[22940:23272:0702/131431.258:VERBOSE1:third_party\blink\renderer\core\script\modulator_impl_base.cc:141] "Import Map: \"http://127.0.0.1:5173/src/pages/Payments.jsx\" matches with no entries and thus is not mapped."
[22940:23272:0702/131431.258:VERBOSE1:third_party\blink\renderer\core\script\modulator_impl_base.cc:141] "Import Map: \"http://127.0.0.1:5173/@vite/client\" matches with no entries and thus is not mapped."
[22940:23272:0702/131431.258:VERBOSE1:third_party\blink\renderer\core\script\modulator_impl_base.cc:141] "Import Map: \"http://127.0.0.1:5173/node_modules/.vite/deps/react.js?v=d132295d\" matches with no entries and thus is not mapped."
[22940:23272:0702/131431.258:VERBOSE1:third_party\blink\renderer\core\script\modulator_impl_base.cc:141] "Import Map: \"http://127.0.0.1:5173/src/api/api.js\" matches with no entries and thus is not mapped."
[22940:23272:0702/131431.258:VERBOSE1:third_party\blink\renderer\core\script\modulator_impl_base.cc:141] "Import Map: \"http://127.0.0.1:5173/src/pages/Accounting.css\" matches with no entries and thus is not mapped."
[22940:23272:0702/131431.258:VERBOSE1:third_party\blink\renderer\core\script\modulator_impl_base.cc:141] "Import Map: \"http://127.0.0.1:5173/node_modules/.vite/deps/react_jsx-dev-runtime.js?v=d132295d\" matches with no entries and thus is not mapped."
[22940:23272:0702/131431.258:VERBOSE1:third_party\blink\renderer\core\script\modulator_impl_base.cc:141] "Import Map: \"http://127.0.0.1:5173/@react-refresh\" matches with no entries and thus is not mapped."
[22940:23272:0702/131431.258:VERBOSE1:third_party\blink\renderer\core\script\modulator_impl_base.cc:141] "Import Map: \"http://127.0.0.1:5173/src/pages/Accounting.jsx\" matches with no entries and thus is not mapped."
[22940:23272:0702/131431.258:VERBOSE1:third_party\blink\renderer\core\script\modulator_impl_base.cc:141] "Import Map: \"http://127.0.0.1:5173/@vite/client\" matches with no entries and thus is not mapped."
[22940:23272:0702/131431.258:VERBOSE1:third_party\blink\renderer\core\script\modulator_impl_base.cc:141] "Import Map: \"http://127.0.0.1:5173/node_modules/.vite/deps/react.js?v=d132295d\" matches with no entries and thus is not mapped."
[22940:23272:0702/131431.258:VERBOSE1:third_party\blink\renderer\core\script\modulator_impl_base.cc:141] "Import Map: \"http://127.0.0.1:5173/src/api/api.js\" matches with no entries and thus is not mapped."
[22940:23272:0702/131431.258:VERBOSE1:third_party\blink\renderer\core\script\modulator_impl_base.cc:141] "Import Map: \"http://127.0.0.1:5173/src/pages/Orders.css?t=1782958484941\" matches with no entries and thus is not mapped."
[22940:23272:0702/131431.258:VERBOSE1:third_party\blink\renderer\core\script\modulator_impl_base.cc:141] "Import Map: \"http://127.0.0.1:5173/node_modules/.vite/deps/react_jsx-dev-runtime.js?v=d132295d\" matches with no entries and thus is not mapped."
[22940:23272:0702/131431.258:VERBOSE1:third_party\blink\renderer\core\script\modulator_impl_base.cc:141] "Import Map: \"http://127.0.0.1:5173/@react-refresh\" matches with no entries and thus is not mapped."
[22940:23272:0702/131431.258:VERBOSE1:third_party\blink\renderer\core\script\modulator_impl_base.cc:141] "Import Map: \"http://127.0.0.1:5173/src/pages/Orders.jsx?t=1782958484941\" matches with no entries and thus is not mapped."
[22940:23272:0702/131431.258:VERBOSE1:third_party\blink\renderer\core\script\modulator_impl_base.cc:141] "Import Map: \"http://127.0.0.1:5173/@vite/client\" matches with no entries and thus is not mapped."
[22940:23272:0702/131431.258:VERBOSE1:third_party\blink\renderer\core\script\modulator_impl_base.cc:141] "Import Map: \"http://127.0.0.1:5173/node_modules/.vite/deps/react.js?v=d132295d\" matches with no entries and thus is not mapped."
[22940:23272:0702/131431.258:VERBOSE1:third_party\blink\renderer\core\script\modulator_impl_base.cc:141] "Import Map: \"http://127.0.0.1:5173/src/api/api.js\" matches with no entries and thus is not mapped."
[22940:23272:0702/131431.258:VERBOSE1:third_party\blink\renderer\core\script\modulator_impl_base.cc:141] "Import Map: \"http://127.0.0.1:5173/src/pages/Customers.css?t=1782957696158\" matches with no entries and thus is not mapped."
[22940:23272:0702/131431.258:VERBOSE1:third_party\blink\renderer\core\script\modulator_impl_base.cc:141] "Import Map: \"http://127.0.0.1:5173/node_modules/.vite/deps/react_jsx-dev-runtime.js?v=d132295d\" matches with no entries and thus is not mapped."
[22940:23272:0702/131431.258:VERBOSE1:third_party\blink\renderer\core\script\modulator_impl_base.cc:141] "Import Map: \"http://127.0.0.1:5173/@react-refresh\" matches with no entries and thus is not mapped."
[22940:23272:0702/131431.258:VERBOSE1:third_party\blink\renderer\core\script\modulator_impl_base.cc:141] "Import Map: \"http://127.0.0.1:5173/src/pages/Customers.jsx?t=1782957716307\" matches with no entries and thus is not mapped."
[22940:23272:0702/131431.258:VERBOSE1:third_party\blink\renderer\core\script\modulator_impl_base.cc:141] "Import Map: \"http://127.0.0.1:5173/node_modules/.vite/deps/chunk-EAsCxrDo.js?v=d132295d\" matches with no entries and thus is not mapped."
[22940:23272:0702/131431.258:VERBOSE1:third_party\blink\renderer\core\script\modulator_impl_base.cc:141] "Import Map: \"http://127.0.0.1:5173/node_modules/.vite/deps/react.js?v=d132295d\" matches with no entries and thus is not mapped."
[22940:23272:0702/131431.258:VERBOSE1:third_party\blink\renderer\core\script\modulator_impl_base.cc:141] "Import Map: \"http://127.0.0.1:5173/node_modules/.vite/deps/react-dom.js?v=d132295d\" matches with no entries and thus is not mapped."
[22940:23272:0702/131431.258:VERBOSE1:third_party\blink\renderer\core\script\modulator_impl_base.cc:141] "Import Map: \"http://127.0.0.1:5173/@vite/client\" matches with no entries and thus is not mapped."
[22940:23272:0702/131431.258:VERBOSE1:third_party\blink\renderer\core\script\modulator_impl_base.cc:141] "Import Map: \"http://127.0.0.1:5173/node_modules/.vite/deps/react.js?v=d132295d\" matches with no entries and thus is not mapped."
[22940:23272:0702/131431.258:VERBOSE1:third_party\blink\renderer\core\script\modulator_impl_base.cc:141] "Import Map: \"http://127.0.0.1:5173/src/api/api.js\" matches with no entries and thus is not mapped."
[22940:23272:0702/131431.258:VERBOSE1:third_party\blink\renderer\core\script\modulator_impl_base.cc:141] "Import Map: \"http://127.0.0.1:5173/src/pages/Users.css\" matches with no entries and thus is not mapped."
[22940:23272:0702/131431.258:VERBOSE1:third_party\blink\renderer\core\script\modulator_impl_base.cc:141] "Import Map: \"http://127.0.0.1:5173/src/pages/Settings.css\" matches with no entries and thus is not mapped."
[22940:23272:0702/131431.258:VERBOSE1:third_party\blink\renderer\core\script\modulator_impl_base.cc:141] "Import Map: \"http://127.0.0.1:5173/node_modules/.vite/deps/react_jsx-dev-runtime.js?v=d132295d\" matches with no entries and thus is not mapped."
[22940:23272:0702/131431.258:VERBOSE1:third_party\blink\renderer\core\script\modulator_impl_base.cc:141] "Import Map: \"http://127.0.0.1:5173/@react-refresh\" matches with no entries and thus is not mapped."
[22940:23272:0702/131431.258:VERBOSE1:third_party\blink\renderer\core\script\modulator_impl_base.cc:141] "Import Map: \"http://127.0.0.1:5173/src/pages/Settings.jsx\" matches with no entries and thus is not mapped."
[22940:23272:0702/131431.263:VERBOSE1:third_party\blink\renderer\core\script\modulator_impl_base.cc:141] "Import Map: \"http://127.0.0.1:5173/@vite/client\" matches with no entries and thus is not mapped."
[22940:23272:0702/131431.263:VERBOSE1:third_party\blink\renderer\core\script\modulator_impl_base.cc:141] "Import Map: \"http://127.0.0.1:5173/node_modules/.vite/deps/react.js?v=d132295d\" matches with no entries and thus is not mapped."
[22940:23272:0702/131431.263:VERBOSE1:third_party\blink\renderer\core\script\modulator_impl_base.cc:141] "Import Map: \"http://127.0.0.1:5173/src/pages/Quotes.css\" matches with no entries and thus is not mapped."
[22940:23272:0702/131431.263:VERBOSE1:third_party\blink\renderer\core\script\modulator_impl_base.cc:141] "Import Map: \"http://127.0.0.1:5173/node_modules/.vite/deps/react_jsx-dev-runtime.js?v=d132295d\" matches with no entries and thus is not mapped."
[22940:23272:0702/131431.263:VERBOSE1:third_party\blink\renderer\core\script\modulator_impl_base.cc:141] "Import Map: \"http://127.0.0.1:5173/@react-refresh\" matches with no entries and thus is not mapped."
[22940:23272:0702/131431.263:VERBOSE1:third_party\blink\renderer\core\script\modulator_impl_base.cc:141] "Import Map: \"http://127.0.0.1:5173/src/pages/Quotes.jsx\" matches with no entries and thus is not mapped."
[22940:23272:0702/131431.263:VERBOSE1:third_party\blink\renderer\core\script\modulator_impl_base.cc:141] "Import Map: \"http://127.0.0.1:5173/@vite/client\" matches with no entries and thus is not mapped."
[22940:23272:0702/131431.263:VERBOSE1:third_party\blink\renderer\core\script\modulator_impl_base.cc:141] "Import Map: \"http://127.0.0.1:5173/node_modules/.vite/deps/react.js?v=d132295d\" matches with no entries and thus is not mapped."
[22940:23272:0702/131431.263:VERBOSE1:third_party\blink\renderer\core\script\modulator_impl_base.cc:141] "Import Map: \"http://127.0.0.1:5173/src/api/api.js\" matches with no entries and thus is not mapped."
[22940:23272:0702/131431.263:VERBOSE1:third_party\blink\renderer\core\script\modulator_impl_base.cc:141] "Import Map: \"http://127.0.0.1:5173/src/utils/dateUtils.js\" matches with no entries and thus is not mapped."
[22940:23272:0702/131431.263:VERBOSE1:third_party\blink\renderer\core\script\modulator_impl_base.cc:141] "Import Map: \"http://127.0.0.1:5173/src/pages/Suppliers.css?t=1782954564569\" matches with no entries and thus is not mapped."
[22940:23272:0702/131431.263:VERBOSE1:third_party\blink\renderer\core\script\modulator_impl_base.cc:141] "Import Map: \"http://127.0.0.1:5173/node_modules/.vite/deps/react_jsx-dev-runtime.js?v=d132295d\" matches with no entries and thus is not mapped."
[22940:23272:0702/131431.263:VERBOSE1:third_party\blink\renderer\core\script\modulator_impl_base.cc:141] "Import Map: \"http://127.0.0.1:5173/@react-refresh\" matches with no entries and thus is not mapped."
[22940:23272:0702/131431.263:VERBOSE1:third_party\blink\renderer\core\script\modulator_impl_base.cc:141] "Import Map: \"http://127.0.0.1:5173/src/pages/Suppliers.jsx?t=1782954564569\" matches with no entries and thus is not mapped."
[22940:23272:0702/131431.264:VERBOSE1:third_party\blink\renderer\core\script\modulator_impl_base.cc:141] "Import Map: \"http://127.0.0.1:5173/@vite/client\" matches with no entries and thus is not mapped."
[22940:23272:0702/131431.264:VERBOSE1:third_party\blink\renderer\core\script\modulator_impl_base.cc:141] "Import Map: \"http://127.0.0.1:5173/node_modules/.vite/deps/react.js?v=d132295d\" matches with no entries and thus is not mapped."
[22940:23272:0702/131431.264:VERBOSE1:third_party\blink\renderer\core\script\modulator_impl_base.cc:141] "Import Map: \"http://127.0.0.1:5173/src/pages/TempData.css\" matches with no entries and thus is not mapped."
[22940:23272:0702/131431.264:VERBOSE1:third_party\blink\renderer\core\script\modulator_impl_base.cc:141] "Import Map: \"http://127.0.0.1:5173/node_modules/.vite/deps/react_jsx-dev-runtime.js?v=d132295d\" matches with no entries and thus is not mapped."
[22940:23272:0702/131431.264:VERBOSE1:third_party\blink\renderer\core\script\modulator_impl_base.cc:141] "Import Map: \"http://127.0.0.1:5173/@react-refresh\" matches with no entries and thus is not mapped."
[22940:23272:0702/131431.264:VERBOSE1:third_party\blink\renderer\core\script\modulator_impl_base.cc:141] "Import Map: \"http://127.0.0.1:5173/src/pages/TempData.jsx\" matches with no entries and thus is not mapped."
[22940:23272:0702/131431.264:VERBOSE1:third_party\blink\renderer\core\script\modulator_impl_base.cc:141] "Import Map: \"http://127.0.0.1:5173/@vite/client\" matches with no entries and thus is not mapped."
[22940:23272:0702/131431.264:VERBOSE1:third_party\blink\renderer\core\script\modulator_impl_base.cc:141] "Import Map: \"http://127.0.0.1:5173/node_modules/.vite/deps/react.js?v=d132295d\" matches with no entries and thus is not mapped."
[22940:23272:0702/131431.264:VERBOSE1:third_party\blink\renderer\core\script\modulator_impl_base.cc:141] "Import Map: \"http://127.0.0.1:5173/src/api/api.js\" matches with no entries and thus is not mapped."
[22940:23272:0702/131431.264:VERBOSE1:third_party\blink\renderer\core\script\modulator_impl_base.cc:141] "Import Map: \"http://127.0.0.1:5173/src/utils/dateUtils.js\" matches with no entries and thus is not mapped."
[22940:23272:0702/131431.264:VERBOSE1:third_party\blink\renderer\core\script\modulator_impl_base.cc:141] "Import Map: \"http://127.0.0.1:5173/src/pages/Production.css?t=1782977025717\" matches with no entries and thus is not mapped."
[22940:23272:0702/131431.264:VERBOSE1:third_party\blink\renderer\core\script\modulator_impl_base.cc:141] "Import Map: \"http://127.0.0.1:5173/node_modules/.vite/deps/react_jsx-dev-runtime.js?v=d132295d\" matches with no entries and thus is not mapped."
[22940:23272:0702/131431.264:VERBOSE1:third_party\blink\renderer\core\script\modulator_impl_base.cc:141] "Import Map: \"http://127.0.0.1:5173/@react-refresh\" matches with no entries and thus is not mapped."
[22940:23272:0702/131431.264:VERBOSE1:third_party\blink\renderer\core\script\modulator_impl_base.cc:141] "Import Map: \"http://127.0.0.1:5173/src/pages/Production.jsx?t=1782977025717\" matches with no entries and thus is not mapped."
[24916:21724:0702/131431.264:VERBOSE1:net\base\network_delegate.cc:38] NetworkDelegate::NotifyBeforeURLRequest: http://127.0.0.1:5173/src/utils/dateUtils.js
[22940:23272:0702/131431.264:VERBOSE1:third_party\blink\renderer\core\script\modulator_impl_base.cc:141] "Import Map: \"http://127.0.0.1:5173/@vite/client\" matches with no entries and thus is not mapped."
[22940:23272:0702/131431.264:VERBOSE1:third_party\blink\renderer\core\script\modulator_impl_base.cc:141] "Import Map: \"http://127.0.0.1:5173/node_modules/.vite/deps/react.js?v=d132295d\" matches with no entries and thus is not mapped."
[22940:23272:0702/131431.264:VERBOSE1:third_party\blink\renderer\core\script\modulator_impl_base.cc:141] "Import Map: \"http://127.0.0.1:5173/src/api/api.js\" matches with no entries and thus is not mapped."
[22940:23272:0702/131431.264:VERBOSE1:third_party\blink\renderer\core\script\modulator_impl_base.cc:141] "Import Map: \"http://127.0.0.1:5173/src/pages/Login.css\" matches with no entries and thus is not mapped."
[22940:23272:0702/131431.264:VERBOSE1:third_party\blink\renderer\core\script\modulator_impl_base.cc:141] "Import Map: \"http://127.0.0.1:5173/node_modules/.vite/deps/react_jsx-dev-runtime.js?v=d132295d\" matches with no entries and thus is not mapped."
[22940:23272:0702/131431.264:VERBOSE1:third_party\blink\renderer\core\script\modulator_impl_base.cc:141] "Import Map: \"http://127.0.0.1:5173/@react-refresh\" matches with no entries and thus is not mapped."
[22940:23272:0702/131431.264:VERBOSE1:third_party\blink\renderer\core\script\modulator_impl_base.cc:141] "Import Map: \"http://127.0.0.1:5173/src/pages/Login.jsx\" matches with no entries and thus is not mapped."
[24916:21724:0702/131431.264:VERBOSE1:net\base\network_delegate.cc:38] NetworkDelegate::NotifyBeforeURLRequest: http://127.0.0.1:5173/src/pages/SupplierLedger.css?t=1782919063203
[22940:23272:0702/131431.266:VERBOSE1:third_party\blink\renderer\core\script\modulator_impl_base.cc:141] "Import Map: \"http://127.0.0.1:5173/@vite/client\" matches with no entries and thus is not mapped."
[22940:23272:0702/131431.266:VERBOSE1:third_party\blink\renderer\core\script\modulator_impl_base.cc:141] "Import Map: \"http://127.0.0.1:5173/node_modules/.vite/deps/react.js?v=d132295d\" matches with no entries and thus is not mapped."
[22940:23272:0702/131431.266:VERBOSE1:third_party\blink\renderer\core\script\modulator_impl_base.cc:141] "Import Map: \"http://127.0.0.1:5173/src/api/api.js\" matches with no entries and thus is not mapped."
[22940:23272:0702/131431.266:VERBOSE1:third_party\blink\renderer\core\script\modulator_impl_base.cc:141] "Import Map: \"http://127.0.0.1:5173/src/utils/dateUtils.js\" matches with no entries and thus is not mapped."
[22940:23272:0702/131431.266:VERBOSE1:third_party\blink\renderer\core\script\modulator_impl_base.cc:141] "Import Map: \"http://127.0.0.1:5173/src/pages/Users.css\" matches with no entries and thus is not mapped."
[22940:23272:0702/131431.266:VERBOSE1:third_party\blink\renderer\core\script\modulator_impl_base.cc:141] "Import Map: \"http://127.0.0.1:5173/node_modules/.vite/deps/react_jsx-dev-runtime.js?v=d132295d\" matches with no entries and thus is not mapped."
[22940:23272:0702/131431.266:VERBOSE1:third_party\blink\renderer\core\script\modulator_impl_base.cc:141] "Import Map: \"http://127.0.0.1:5173/@react-refresh\" matches with no entries and thus is not mapped."
[22940:23272:0702/131431.266:VERBOSE1:third_party\blink\renderer\core\script\modulator_impl_base.cc:141] "Import Map: \"http://127.0.0.1:5173/src/pages/Users.jsx\" matches with no entries and thus is not mapped."
[22940:23272:0702/131431.266:VERBOSE1:third_party\blink\renderer\core\script\modulator_impl_base.cc:141] "Import Map: \"http://127.0.0.1:5173/@vite/client\" matches with no entries and thus is not mapped."
[22940:23272:0702/131431.267:VERBOSE1:third_party\blink\renderer\core\script\modulator_impl_base.cc:141] "Import Map: \"http://127.0.0.1:5173/node_modules/.vite/deps/react.js?v=d132295d\" matches with no entries and thus is not mapped."
[22940:23272:0702/131431.267:VERBOSE1:third_party\blink\renderer\core\script\modulator_impl_base.cc:141] "Import Map: \"http://127.0.0.1:5173/src/api/api.js\" matches with no entries and thus is not mapped."
[22940:23272:0702/131431.267:VERBOSE1:third_party\blink\renderer\core\script\modulator_impl_base.cc:141] "Import Map: \"http://127.0.0.1:5173/src/utils/dateUtils.js\" matches with no entries and thus is not mapped."
[22940:23272:0702/131431.267:VERBOSE1:third_party\blink\renderer\core\script\modulator_impl_base.cc:141] "Import Map: \"http://127.0.0.1:5173/src/pages/FollowUps.css\" matches with no entries and thus is not mapped."
[22940:23272:0702/131431.267:VERBOSE1:third_party\blink\renderer\core\script\modulator_impl_base.cc:141] "Import Map: \"http://127.0.0.1:5173/node_modules/.vite/deps/react_jsx-dev-runtime.js?v=d132295d\" matches with no entries and thus is not mapped."
[22940:23272:0702/131431.267:VERBOSE1:third_party\blink\renderer\core\script\modulator_impl_base.cc:141] "Import Map: \"http://127.0.0.1:5173/@react-refresh\" matches with no entries and thus is not mapped."
[22940:23272:0702/131431.267:VERBOSE1:third_party\blink\renderer\core\script\modulator_impl_base.cc:141] "Import Map: \"http://127.0.0.1:5173/src/pages/FollowUps.jsx\" matches with no entries and thus is not mapped."
[22940:23272:0702/131431.267:VERBOSE1:third_party\blink\renderer\core\script\modulator_impl_base.cc:141] "Import Map: \"http://127.0.0.1:5173/@vite/client\" matches with no entries and thus is not mapped."
[22940:23272:0702/131431.267:VERBOSE1:third_party\blink\renderer\core\script\modulator_impl_base.cc:141] "Import Map: \"http://127.0.0.1:5173/node_modules/.vite/deps/react.js?v=d132295d\" matches with no entries and thus is not mapped."
[22940:23272:0702/131431.267:VERBOSE1:third_party\blink\renderer\core\script\modulator_impl_base.cc:141] "Import Map: \"http://127.0.0.1:5173/src/pages/Messages.css\" matches with no entries and thus is not mapped."
[22940:23272:0702/131431.267:VERBOSE1:third_party\blink\renderer\core\script\modulator_impl_base.cc:141] "Import Map: \"http://127.0.0.1:5173/node_modules/.vite/deps/react_jsx-dev-runtime.js?v=d132295d\" matches with no entries and thus is not mapped."
[22940:23272:0702/131431.267:VERBOSE1:third_party\blink\renderer\core\script\modulator_impl_base.cc:141] "Import Map: \"http://127.0.0.1:5173/@react-refresh\" matches with no entries and thus is not mapped."
[22940:23272:0702/131431.267:VERBOSE1:third_party\blink\renderer\core\script\modulator_impl_base.cc:141] "Import Map: \"http://127.0.0.1:5173/src/pages/Messages.jsx\" matches with no entries and thus is not mapped."
[22940:23272:0702/131431.267:VERBOSE1:third_party\blink\renderer\core\script\modulator_impl_base.cc:141] "Import Map: \"http://127.0.0.1:5173/@vite/client\" matches with no entries and thus is not mapped."
[22940:23272:0702/131431.267:VERBOSE1:third_party\blink\renderer\core\script\modulator_impl_base.cc:141] "Import Map: \"http://127.0.0.1:5173/@vite/client\" matches with no entries and thus is not mapped."
[22940:23272:0702/131431.267:VERBOSE1:third_party\blink\renderer\core\script\modulator_impl_base.cc:141] "Import Map: \"http://127.0.0.1:5173/node_modules/.vite/deps/react.js?v=d132295d\" matches with no entries and thus is not mapped."
[22940:23272:0702/131431.267:VERBOSE1:third_party\blink\renderer\core\script\modulator_impl_base.cc:141] "Import Map: \"http://127.0.0.1:5173/src/api/api.js\" matches with no entries and thus is not mapped."
[22940:23272:0702/131431.267:VERBOSE1:third_party\blink\renderer\core\script\modulator_impl_base.cc:141] "Import Map: \"http://127.0.0.1:5173/src/utils/dateUtils.js\" matches with no entries and thus is not mapped."
[22940:23272:0702/131431.267:VERBOSE1:third_party\blink\renderer\core\script\modulator_impl_base.cc:141] "Import Map: \"http://127.0.0.1:5173/src/pages/Production.css?t=1782977025717\" matches with no entries and thus is not mapped."
[22940:23272:0702/131431.267:VERBOSE1:third_party\blink\renderer\core\script\modulator_impl_base.cc:141] "Import Map: \"http://127.0.0.1:5173/node_modules/.vite/deps/react_jsx-dev-runtime.js?v=d132295d\" matches with no entries and thus is not mapped."
[22940:23272:0702/131431.267:VERBOSE1:third_party\blink\renderer\core\script\modulator_impl_base.cc:141] "Import Map: \"http://127.0.0.1:5173/@react-refresh\" matches with no entries and thus is not mapped."
[22940:23272:0702/131431.267:VERBOSE1:third_party\blink\renderer\core\script\modulator_impl_base.cc:141] "Import Map: \"http://127.0.0.1:5173/src/pages/MyTasks.jsx?t=1782977340712\" matches with no entries and thus is not mapped."
[22940:23272:0702/131431.267:VERBOSE1:third_party\blink\renderer\core\script\modulator_impl_base.cc:141] "Import Map: \"http://127.0.0.1:5173/@vite/client\" matches with no entries and thus is not mapped."
[22940:23272:0702/131431.268:VERBOSE1:third_party\blink\renderer\core\script\modulator_impl_base.cc:141] "Import Map: \"http://127.0.0.1:5173/@vite/client\" matches with no entries and thus is not mapped."
[22940:23272:0702/131431.268:VERBOSE1:third_party\blink\renderer\core\script\modulator_impl_base.cc:141] "Import Map: \"http://127.0.0.1:5173/node_modules/.vite/deps/react.js?v=d132295d\" matches with no entries and thus is not mapped."
[22940:23272:0702/131431.268:VERBOSE1:third_party\blink\renderer\core\script\modulator_impl_base.cc:141] "Import Map: \"http://127.0.0.1:5173/src/api/api.js\" matches with no entries and thus is not mapped."
[22940:23272:0702/131431.268:VERBOSE1:third_party\blink\renderer\core\script\modulator_impl_base.cc:141] "Import Map: \"http://127.0.0.1:5173/src/utils/dateUtils.js\" matches with no entries and thus is not mapped."
[22940:23272:0702/131431.268:VERBOSE1:third_party\blink\renderer\core\script\modulator_impl_base.cc:141] "Import Map: \"http://127.0.0.1:5173/src/utils/reportPdf.js\" matches with no entries and thus is not mapped."
[22940:23272:0702/131431.268:VERBOSE1:third_party\blink\renderer\core\script\modulator_impl_base.cc:141] "Import Map: \"http://127.0.0.1:5173/src/pages/Reports.css\" matches with no entries and thus is not mapped."
[22940:23272:0702/131431.268:VERBOSE1:third_party\blink\renderer\core\script\modulator_impl_base.cc:141] "Import Map: \"http://127.0.0.1:5173/node_modules/.vite/deps/react_jsx-dev-runtime.js?v=d132295d\" matches with no entries and thus is not mapped."
[22940:23272:0702/131431.268:VERBOSE1:third_party\blink\renderer\core\script\modulator_impl_base.cc:141] "Import Map: \"http://127.0.0.1:5173/@react-refresh\" matches with no entries and thus is not mapped."
[22940:23272:0702/131431.268:VERBOSE1:third_party\blink\renderer\core\script\modulator_impl_base.cc:141] "Import Map: \"http://127.0.0.1:5173/src/pages/Reports.jsx\" matches with no entries and thus is not mapped."
[24916:21724:0702/131431.268:VERBOSE1:net\base\network_delegate.cc:38] NetworkDelegate::NotifyBeforeURLRequest: http://127.0.0.1:5173/src/pages/Inventory.css
[24916:21724:0702/131431.270:VERBOSE1:net\base\network_delegate.cc:38] NetworkDelegate::NotifyBeforeURLRequest: http://127.0.0.1:5173/src/pages/Manufacturing.css
[24916:21724:0702/131431.270:VERBOSE1:net\base\network_delegate.cc:38] NetworkDelegate::NotifyBeforeURLRequest: http://127.0.0.1:5173/src/pages/Workers.css
[24916:21724:0702/131431.270:VERBOSE1:net\base\network_delegate.cc:38] NetworkDelegate::NotifyBeforeURLRequest: http://127.0.0.1:5173/src/pages/ShippingBalance.css
[22940:23272:0702/131431.271:VERBOSE1:third_party\blink\renderer\core\script\modulator_impl_base.cc:141] "Import Map: \"http://127.0.0.1:5173/@vite/client\" matches with no entries and thus is not mapped."
[22940:23272:0702/131431.271:VERBOSE1:third_party\blink\renderer\core\script\modulator_impl_base.cc:141] "Import Map: \"http://127.0.0.1:5173/@vite/client\" matches with no entries and thus is not mapped."
[24916:21724:0702/131431.274:VERBOSE1:net\base\network_delegate.cc:38] NetworkDelegate::NotifyBeforeURLRequest: http://127.0.0.1:5173/src/pages/Shipping.css
[24916:21724:0702/131431.274:VERBOSE1:net\base\network_delegate.cc:38] NetworkDelegate::NotifyBeforeURLRequest: http://127.0.0.1:5173/src/pages/Payouts.css
[24916:21724:0702/131431.275:VERBOSE1:net\base\network_delegate.cc:38] NetworkDelegate::NotifyBeforeURLRequest: http://127.0.0.1:5173/src/pages/Payments.css
[24916:21724:0702/131431.275:VERBOSE1:net\base\network_delegate.cc:38] NetworkDelegate::NotifyBeforeURLRequest: http://127.0.0.1:5173/src/pages/Accounting.css
[22940:23272:0702/131431.275:VERBOSE1:third_party\blink\renderer\core\script\modulator_impl_base.cc:141] "Import Map: \"http://127.0.0.1:5173/@vite/client\" matches with no entries and thus is not mapped."
[24916:21724:0702/131431.275:VERBOSE1:net\base\network_delegate.cc:38] NetworkDelegate::NotifyBeforeURLRequest: http://127.0.0.1:5173/src/pages/Orders.css?t=1782958484941
[24916:21724:0702/131431.275:VERBOSE1:net\base\network_delegate.cc:38] NetworkDelegate::NotifyBeforeURLRequest: http://127.0.0.1:5173/src/pages/Customers.css?t=1782957696158
[24916:21724:0702/131431.275:VERBOSE1:net\base\network_delegate.cc:38] NetworkDelegate::NotifyBeforeURLRequest: http://127.0.0.1:5173/node_modules/.vite/deps/react-dom.js?v=d132295d
[24916:21724:0702/131431.284:VERBOSE1:net\base\network_delegate.cc:38] NetworkDelegate::NotifyBeforeURLRequest: http://127.0.0.1:5173/src/pages/Users.css
[24916:21724:0702/131431.284:VERBOSE1:net\base\network_delegate.cc:38] NetworkDelegate::NotifyBeforeURLRequest: http://127.0.0.1:5173/src/pages/Settings.css
[24916:21724:0702/131431.285:VERBOSE1:net\base\network_delegate.cc:38] NetworkDelegate::NotifyBeforeURLRequest: http://127.0.0.1:5173/src/pages/Quotes.css
[24916:21724:0702/131431.285:VERBOSE1:net\base\network_delegate.cc:38] NetworkDelegate::NotifyBeforeURLRequest: http://127.0.0.1:5173/src/pages/Suppliers.css?t=1782954564569
[24916:21724:0702/131431.285:VERBOSE1:net\base\network_delegate.cc:38] NetworkDelegate::NotifyBeforeURLRequest: http://127.0.0.1:5173/src/pages/TempData.css
[24916:21724:0702/131431.285:VERBOSE1:net\base\network_delegate.cc:38] NetworkDelegate::NotifyBeforeURLRequest: http://127.0.0.1:5173/src/pages/Production.css?t=1782977025717
[24916:21724:0702/131431.285:VERBOSE1:net\base\network_delegate.cc:38] NetworkDelegate::NotifyBeforeURLRequest: http://127.0.0.1:5173/src/pages/Login.css
[24916:21724:0702/131431.285:VERBOSE1:net\base\network_delegate.cc:38] NetworkDelegate::NotifyBeforeURLRequest: http://127.0.0.1:5173/src/pages/FollowUps.css
[24916:21724:0702/131431.288:VERBOSE1:net\base\network_delegate.cc:38] NetworkDelegate::NotifyBeforeURLRequest: http://127.0.0.1:5173/src/pages/Messages.css
[24916:21724:0702/131431.288:VERBOSE1:net\base\network_delegate.cc:38] NetworkDelegate::NotifyBeforeURLRequest: http://127.0.0.1:5173/src/utils/reportPdf.js
[24916:21724:0702/131431.288:VERBOSE1:net\base\network_delegate.cc:38] NetworkDelegate::NotifyBeforeURLRequest: http://127.0.0.1:5173/src/pages/Reports.css
[22940:23272:0702/131431.313:VERBOSE1:third_party\blink\renderer\core\script\modulator_impl_base.cc:141] "Import Map: \"http://127.0.0.1:5173/@vite/client\" matches with no entries and thus is not mapped."
[22940:23272:0702/131431.313:VERBOSE1:third_party\blink\renderer\core\script\modulator_impl_base.cc:141] "Import Map: \"http://127.0.0.1:5173/@vite/client\" matches with no entries and thus is not mapped."
[22940:23272:0702/131431.313:VERBOSE1:third_party\blink\renderer\core\script\modulator_impl_base.cc:141] "Import Map: \"http://127.0.0.1:5173/@vite/client\" matches with no entries and thus is not mapped."
[22940:23272:0702/131431.314:VERBOSE1:third_party\blink\renderer\core\script\modulator_impl_base.cc:141] "Import Map: \"http://127.0.0.1:5173/@vite/client\" matches with no entries and thus is not mapped."
[22940:23272:0702/131431.314:VERBOSE1:third_party\blink\renderer\core\script\modulator_impl_base.cc:141] "Import Map: \"http://127.0.0.1:5173/@vite/client\" matches with no entries and thus is not mapped."
[22940:23272:0702/131431.314:VERBOSE1:third_party\blink\renderer\core\script\modulator_impl_base.cc:141] "Import Map: \"http://127.0.0.1:5173/node_modules/.vite/deps/chunk-EAsCxrDo.js?v=d132295d\" matches with no entries and thus is not mapped."
[22940:23272:0702/131431.314:VERBOSE1:third_party\blink\renderer\core\script\modulator_impl_base.cc:141] "Import Map: \"http://127.0.0.1:5173/node_modules/.vite/deps/react.js?v=d132295d\" matches with no entries and thus is not mapped."
[22940:23272:0702/131431.314:VERBOSE1:third_party\blink\renderer\core\script\modulator_impl_base.cc:141] "Import Map: \"http://127.0.0.1:5173/@vite/client\" matches with no entries and thus is not mapped."
[22940:23272:0702/131431.314:VERBOSE1:third_party\blink\renderer\core\script\modulator_impl_base.cc:141] "Import Map: \"http://127.0.0.1:5173/@vite/client\" matches with no entries and thus is not mapped."
[22940:23272:0702/131431.314:VERBOSE1:third_party\blink\renderer\core\script\modulator_impl_base.cc:141] "Import Map: \"http://127.0.0.1:5173/@vite/client\" matches with no entries and thus is not mapped."
[22940:23272:0702/131431.314:VERBOSE1:third_party\blink\renderer\core\script\modulator_impl_base.cc:141] "Import Map: \"http://127.0.0.1:5173/@vite/client\" matches with no entries and thus is not mapped."
[22940:23272:0702/131431.314:VERBOSE1:third_party\blink\renderer\core\script\modulator_impl_base.cc:141] "Import Map: \"http://127.0.0.1:5173/@vite/client\" matches with no entries and thus is not mapped."
[22940:23272:0702/131431.314:VERBOSE1:third_party\blink\renderer\core\script\modulator_impl_base.cc:141] "Import Map: \"http://127.0.0.1:5173/@vite/client\" matches with no entries and thus is not mapped."
[22940:23272:0702/131431.314:VERBOSE1:third_party\blink\renderer\core\script\modulator_impl_base.cc:141] "Import Map: \"http://127.0.0.1:5173/@vite/client\" matches with no entries and thus is not mapped."
[22940:23272:0702/131431.316:VERBOSE1:third_party\blink\renderer\core\script\modulator_impl_base.cc:141] "Import Map: \"http://127.0.0.1:5173/node_modules/.vite/deps/chunk-EAsCxrDo.js?v=d132295d\" matches with no entries and thus is not mapped."
[22940:23272:0702/131431.316:VERBOSE1:third_party\blink\renderer\core\script\modulator_impl_base.cc:141] "Import Map: \"http://127.0.0.1:5173/@vite/client\" matches with no entries and thus is not mapped."
[22940:23272:0702/131431.316:VERBOSE1:third_party\blink\renderer\core\script\modulator_impl_base.cc:141] "Import Map: \"http://127.0.0.1:5173/@vite/client\" matches with no entries and thus is not mapped."
[22940:23272:0702/131431.316:VERBOSE1:third_party\blink\renderer\core\script\modulator_impl_base.cc:141] "Import Map: \"http://127.0.0.1:5173/@vite/client\" matches with no entries and thus is not mapped."
[22940:23272:0702/131431.316:VERBOSE1:third_party\blink\renderer\core\script\modulator_impl_base.cc:141] "Import Map: \"http://127.0.0.1:5173/@vite/client\" matches with no entries and thus is not mapped."
[22940:23272:0702/131431.316:VERBOSE1:third_party\blink\renderer\core\script\modulator_impl_base.cc:141] "Import Map: \"http://127.0.0.1:5173/@vite/client\" matches with no entries and thus is not mapped."
[22940:23272:0702/131431.316:VERBOSE1:third_party\blink\renderer\core\script\modulator_impl_base.cc:141] "Import Map: \"http://127.0.0.1:5173/@vite/client\" matches with no entries and thus is not mapped."
[22940:23272:0702/131431.316:VERBOSE1:third_party\blink\renderer\core\script\modulator_impl_base.cc:141] "Import Map: \"http://127.0.0.1:5173/@vite/client\" matches with no entries and thus is not mapped."
[22940:23272:0702/131431.316:VERBOSE1:third_party\blink\renderer\core\script\modulator_impl_base.cc:141] "Import Map: \"http://127.0.0.1:5173/@vite/client\" matches with no entries and thus is not mapped."
[22940:23272:0702/131431.316:VERBOSE1:third_party\blink\renderer\core\script\modulator_impl_base.cc:141] "Import Map: \"http://127.0.0.1:5173/@vite/client\" matches with no entries and thus is not mapped."
[22940:23272:0702/131431.316:VERBOSE1:third_party\blink\renderer\core\script\modulator_impl_base.cc:141] "Import Map: \"http://127.0.0.1:5173/@vite/client\" matches with no entries and thus is not mapped."
[22940:23272:0702/131431.316:VERBOSE1:third_party\blink\renderer\core\script\modulator_impl_base.cc:141] "Import Map: \"http://127.0.0.1:5173/@vite/client\" matches with no entries and thus is not mapped."
[23276:6260:0702/131431.321:INFO:CONSOLE:14338] "%cDownload the React DevTools for a better development experience: https://react.dev/link/react-devtools font-weight:bold", source: http://127.0.0.1:5173/node_modules/.vite/deps/react-dom_client.js?v=d132295d (14338)
[23276:5836:0702/131431.412:VERBOSE1:content\browser\renderer_host\media\media_stream_manager.cc:1499] MSPL::OnSpeedLimitChange({this=0x778400124dd8}, {new_limit=19})
[24916:21724:0702/131431.518:VERBOSE1:net\third_party\quiche\src\quiche\quic\core\tls_handshaker.cc:109] TlsClient: Continuing handshake
[24916:21724:0702/131431.518:VERBOSE1:net\third_party\quiche\src\quiche\quic\core\tls_handshaker.cc:109] TlsClient: Continuing handshake
[24916:21724:0702/131431.526:VERBOSE1:net\third_party\quiche\src\quiche\quic\core\tls_handshaker.cc:109] TlsClient: Continuing handshake
[24916:21724:0702/131431.526:VERBOSE1:net\third_party\quiche\src\quiche\quic\core\tls_handshaker.cc:109] TlsClient: Continuing handshake
[24916:21724:0702/131431.527:VERBOSE1:net\third_party\quiche\src\quiche\quic\core\tls_handshaker.cc:109] TlsClient: Continuing handshake
[24916:21724:0702/131431.527:VERBOSE1:net\third_party\quiche\src\quiche\quic\core\tls_handshaker.cc:109] TlsClient: Continuing handshake
[24916:21724:0702/131431.680:VERBOSE1:net\base\network_delegate.cc:38] NetworkDelegate::NotifyBeforeURLRequest: https://fonts.gstatic.com/s/opensans/v44/memvYaGs126MiZpBA-UvWbX2vVnXBbObj2OVTS-muw.woff2
[24916:21724:0702/131431.697:VERBOSE1:net\base\network_delegate.cc:38] NetworkDelegate::NotifyBeforeURLRequest: http://127.0.0.1:8000/users/7
[24916:21724:0702/131431.697:VERBOSE1:net\base\network_delegate.cc:38] NetworkDelegate::NotifyBeforeURLRequest: http://127.0.0.1:8000/activity-logs/page-view
[24916:21724:0702/131431.702:VERBOSE1:net\base\network_delegate.cc:38] NetworkDelegate::NotifyBeforeURLRequest: http://127.0.0.1:8000/users/7
[24916:21724:0702/131431.704:VERBOSE1:net\base\network_delegate.cc:38] NetworkDelegate::NotifyBeforeURLRequest: http://127.0.0.1:5173/favicon.svg
[24916:21724:0702/131431.704:VERBOSE1:net\base\network_delegate.cc:38] NetworkDelegate::NotifyBeforeURLRequest: http://127.0.0.1:8000/dashboard-stats
[24916:21724:0702/131431.704:VERBOSE1:net\base\network_delegate.cc:38] NetworkDelegate::NotifyBeforeURLRequest: http://127.0.0.1:8000/dashboard-stats
[24916:21724:0702/131431.704:VERBOSE1:net\base\network_delegate.cc:38] NetworkDelegate::NotifyBeforeURLRequest: http://127.0.0.1:5173/favicon.svg
[23276:5836:0702/131433.429:VERBOSE1:content\browser\renderer_host\media\media_stream_manager.cc:1499] MSPL::OnSpeedLimitChange({this=0x778400124dd8}, {new_limit=18})
[23276:5836:0702/131434.442:VERBOSE1:content\browser\renderer_host\media\media_stream_manager.cc:1499] MSPL::OnSpeedLimitChange({this=0x778400124dd8}, {new_limit=17})
[22940:23272:0702/131434.806:VERBOSE1:third_party\blink\renderer\modules\content_extraction\ai_page_content_agent.cc:1609] GetAIPageContent SYNC MainFrame: 1
[22940:23272:0702/131434.806:VERBOSE1:third_party\blink\renderer\modules\content_extraction\ai_page_content_agent.cc:1612] GetAIPageContent SYNC DONE
[23276:5836:0702/131435.445:VERBOSE1:content\browser\renderer_host\media\media_stream_manager.cc:1499] MSPL::OnSpeedLimitChange({this=0x778400124dd8}, {new_limit=15})
[23276:5836:0702/131436.453:VERBOSE1:content\browser\renderer_host\media\media_stream_manager.cc:1499] MSPL::OnSpeedLimitChange({this=0x778400124dd8}, {new_limit=14})
[23276:5836:0702/131437.465:VERBOSE1:content\browser\renderer_host\media\media_stream_manager.cc:1499] MSPL::OnSpeedLimitChange({this=0x778400124dd8}, {new_limit=15})
[23276:5836:0702/131442.535:VERBOSE1:content\browser\renderer_host\media\media_stream_manager.cc:1499] MSPL::OnSpeedLimitChange({this=0x778400124dd8}, {new_limit=14})
[23276:5836:0702/131445.569:VERBOSE1:content\browser\renderer_host\media\media_stream_manager.cc:1499] MSPL::OnSpeedLimitChange({this=0x778400124dd8}, {new_limit=15})
[23276:5836:0702/131446.574:VERBOSE1:content\browser\renderer_host\media\media_stream_manager.cc:1499] MSPL::OnSpeedLimitChange({this=0x778400124dd8}, {new_limit=16})
[24916:21724:0702/131446.713:VERBOSE1:net\base\network_delegate.cc:38] NetworkDelegate::NotifyBeforeURLRequest: http://127.0.0.1:8000/users/7
[23276:5836:0702/131448.587:VERBOSE1:content\browser\renderer_host\media\media_stream_manager.cc:1499] MSPL::OnSpeedLimitChange({this=0x778400124dd8}, {new_limit=17})
[23276:5836:0702/131450.622:VERBOSE1:content\browser\renderer_host\media\media_stream_manager.cc:1499] MSPL::OnSpeedLimitChange({this=0x778400124dd8}, {new_limit=18})
[23276:5836:0702/131453.640:VERBOSE1:content\browser\renderer_host\media\media_stream_manager.cc:1499] MSPL::OnSpeedLimitChange({this=0x778400124dd8}, {new_limit=19})
[23276:5836:0702/131454.645:VERBOSE1:content\browser\renderer_host\media\media_stream_manager.cc:1499] MSPL::OnSpeedLimitChange({this=0x778400124dd8}, {new_limit=20})
[23276:5836:0702/131455.654:VERBOSE1:content\browser\renderer_host\media\media_stream_manager.cc:1499] MSPL::OnSpeedLimitChange({this=0x778400124dd8}, {new_limit=21})
[23276:5836:0702/131457.664:VERBOSE1:content\browser\renderer_host\media\media_stream_manager.cc:1499] MSPL::OnSpeedLimitChange({this=0x778400124dd8}, {new_limit=20})
[23276:5836:0702/131458.680:VERBOSE1:content\browser\renderer_host\media\media_stream_manager.cc:1499] MSPL::OnSpeedLimitChange({this=0x778400124dd8}, {new_limit=19})
[23276:5836:0702/131459.787:VERBOSE1:content\browser\renderer_host\media\media_stream_manager.cc:1499] MSPL::OnSpeedLimitChange({this=0x778400124dd8}, {new_limit=18})
[24916:21724:0702/131501.707:VERBOSE1:net\base\network_delegate.cc:38] NetworkDelegate::NotifyBeforeURLRequest: http://127.0.0.1:8000/users/7
[24916:21724:0702/131501.709:VERBOSE1:net\base\network_delegate.cc:38] NetworkDelegate::NotifyBeforeURLRequest: http://127.0.0.1:8000/dashboard-stats
[23276:5836:0702/131508.859:VERBOSE1:content\browser\renderer_host\media\media_stream_manager.cc:1499] MSPL::OnSpeedLimitChange({this=0x778400124dd8}, {new_limit=19})
[23276:5836:0702/131509.860:VERBOSE1:content\browser\renderer_host\media\media_stream_manager.cc:1499] MSPL::OnSpeedLimitChange({this=0x778400124dd8}, {new_limit=21})
[23276:5836:0702/131511.871:VERBOSE1:content\browser\renderer_host\media\media_stream_manager.cc:1499] MSPL::OnSpeedLimitChange({this=0x778400124dd8}, {new_limit=23})
[23276:5836:0702/131512.887:VERBOSE1:content\browser\renderer_host\media\media_stream_manager.cc:1499] MSPL::OnSpeedLimitChange({this=0x778400124dd8}, {new_limit=22})
